{
  "tasks_per_formation": {
    "f_3:1,4:2,5:2": [
      "I-118_U"
    ],
    "f_3:1,4:1": [
      "O-39_L",
      "O-124_L",
      "O-60_L",
      "O-129_L",
      "O-7_L",
      "O-8_L",
      "O-54_L",
      "I-130_U",
      "O-34_L",
      "O-1_L",
      "I-55_U",
      "I-113_U"
    ],
    "f_3:2,4:2,5:2": [
      "I-83_U",
      "I-109_U",
      "I-159_U",
      "I-27_U",
      "I-103_U",
      "O-68_L"
    ],
    "f_3:2,4:1": [
      "O-124_L",
      "O-129_L",
      "O-7_L",
      "O-8_L",
      "O-54_L",
      "O-1_L",
      "I-55_U"
    ],
    "f_3:2,4:2": [
      "O-39_L",
      "I-61_U",
      "I-6_U",
      "O-60_L",
      "O-161_L",
      "I-0_U",
      "I-130_U",
      "O-34_L",
      "I-123_U",
      "I-35_U",
      "O-111_L"
    ],
    "f_3:1,4:1,5:1": [
      "I-118_U",
      "I-85_U",
      "I-83_U",
      "I-27_U",
      "O-68_L"
    ],
    "f_3:3": [
      "I-52_U",
      "I-92_U",
      "O-93_L",
      "O-53_L",
      "I-32_U",
      "O-12_L",
      "I-104_U",
      "I-13_U",
      "O-154_L"
    ],
    "f_3:2,4:1,5:1": [
      "I-85_U"
    ],
    "f_3:2": [
      "O-144_L",
      "O-95_L",
      "O-93_L",
      "O-53_L",
      "O-33_L",
      "O-12_L",
      "I-52_U",
      "I-92_U",
      "I-32_U",
      "I-104_U",
      "I-153_U",
      "I-13_U",
      "O-154_L"
    ]
  },
  "modes": {
    "O-95_L": {
      "f_3:2": 3
    },
    "O-93_L": {
      "f_3:3": 4,
      "f_3:2": 5
    },
    "O-53_L": {
      "f_3:3": 3,
      "f_3:2": 4
    },
    "O-33_L": {
      "f_3:2": 4
    },
    "O-54_L": {
      "f_3:2,4:1": 3,
      "f_3:1,4:1": 4
    },
    "O-12_L": {
      "f_3:3": 5,
      "f_3:2": 8
    },
    "O-34_L": {
      "f_3:2,4:2": 3,
      "f_3:1,4:1": 5
    },
    "O-39_L": {
      "f_3:2,4:2": 3,
      "f_3:1,4:1": 5
    },
    "I-118_U": {
      "f_3:1,4:2,5:2": 6,
      "f_3:1,4:1,5:1": 10
    },
    "I-6_U": {
      "f_3:2,4:2": 3
    },
    "I-52_U": {
      "f_3:3": 2,
      "f_3:2": 3
    },
    "I-92_U": {
      "f_3:3": 3,
      "f_3:2": 5
    },
    "O-161_L": {
      "f_3:2,4:2": 3
    },
    "I-32_U": {
      "f_3:3": 3,
      "f_3:2": 5
    },
    "I-0_U": {
      "f_3:2,4:2": 3
    },
    "I-130_U": {
      "f_3:2,4:2": 3,
      "f_3:1,4:1": 5
    },
    "I-159_U": {
      "f_3:2,4:2,5:2": 5
    },
    "I-153_U": {
      "f_3:2": 2
    },
    "I-13_U": {
      "f_3:3": 4,
      "f_3:2": 7
    },
    "I-55_U": {
      "f_3:2,4:1": 3,
      "f_3:1,4:1": 4
    },
    "I-35_U": {
      "f_3:2,4:2": 3
    },
    "I-113_U": {
      "f_3:1,4:1": 3
    },
    "O-144_L": {
      "f_3:2": 6
    },
    "O-124_L": {
      "f_3:2,4:1": 3,
      "f_3:1,4:1": 4
    },
    "O-60_L": {
      "f_3:2,4:2": 3,
      "f_3:1,4:1": 5
    },
    "O-129_L": {
      "f_3:2,4:1": 3,
      "f_3:1,4:1": 4
    },
    "O-7_L": {
      "f_3:2,4:1": 3,
      "f_3:1,4:1": 5
    },
    "O-8_L": {
      "f_3:2,4:1": 3,
      "f_3:1,4:1": 4
    },
    "O-1_L": {
      "f_3:2,4:1": 2,
      "f_3:1,4:1": 3
    },
    "O-68_L": {
      "f_3:1,4:1,5:1": 12,
      "f_3:2,4:2,5:2": 7
    },
    "I-61_U": {
      "f_3:2,4:2": 3
    },
    "I-85_U": {
      "f_3:1,4:1,5:1": 7,
      "f_3:2,4:1,5:1": 5
    },
    "I-83_U": {
      "f_3:1,4:1,5:1": 12,
      "f_3:2,4:2,5:2": 7
    },
    "I-109_U": {
      "f_3:2,4:2,5:2": 5
    },
    "I-27_U": {
      "f_3:1,4:1,5:1": 11,
      "f_3:2,4:2,5:2": 6
    },
    "I-103_U": {
      "f_3:2,4:2,5:2": 7
    },
    "I-104_U": {
      "f_3:3": 3,
      "f_3:2": 4
    },
    "I-123_U": {
      "f_3:2,4:2": 3
    },
    "O-154_L": {
      "f_3:3": 3,
      "f_3:2": 4
    },
    "O-111_L": {
      "f_3:2,4:2": 3
    }
  },
  "depot": "depot",
  "instants": [
    95,
    96,
    97,
    98,
    99,
    100,
    101,
    102,
    103,
    104,
    105,
    106,
    107,
    108,
    109,
    110,
    111,
    112,
    113,
    114,
    115,
    116,
    117,
    118,
    119,
    120,
    121,
    122,
    123,
    124,
    125,
    126,
    127
  ],
  "begin_horizon": 95,
  "end_horizon": 128,
  "earliest_start": {
    "O-95_L": 98,
    "O-93_L": 118,
    "O-53_L": 106,
    "O-33_L": 119,
    "O-54_L": 110,
    "O-12_L": 110,
    "O-34_L": 114,
    "O-39_L": 99,
    "I-118_U": 107,
    "I-6_U": 99,
    "I-52_U": 100,
    "I-92_U": 112,
    "O-161_L": 101,
    "I-32_U": 107,
    "I-0_U": 106,
    "I-130_U": 96,
    "I-159_U": 103,
    "I-153_U": 105,
    "I-13_U": 100,
    "I-55_U": 100,
    "I-35_U": 106,
    "I-113_U": 118,
    "O-144_L": 102,
    "O-124_L": 120,
    "O-60_L": 119,
    "O-129_L": 108,
    "O-7_L": 104,
    "O-8_L": 102,
    "O-1_L": 113,
    "O-68_L": 111,
    "I-61_U": 114,
    "I-85_U": 115,
    "I-83_U": 107,
    "I-109_U": 102,
    "I-27_U": 100,
    "I-103_U": 97,
    "I-104_U": 117,
    "I-123_U": 114,
    "O-154_L": 112,
    "O-111_L": 120
  },
  "latest_start": {
    "O-95_L": 100,
    "O-93_L": 120,
    "O-53_L": 109,
    "O-33_L": 122,
    "O-54_L": 111,
    "O-12_L": 114,
    "O-34_L": 116,
    "O-39_L": 101,
    "I-118_U": 111,
    "I-6_U": 101,
    "I-52_U": 102,
    "I-92_U": 115,
    "O-161_L": 103,
    "I-32_U": 109,
    "I-0_U": 107,
    "I-130_U": 98,
    "I-159_U": 108,
    "I-153_U": 106,
    "I-13_U": 104,
    "I-55_U": 102,
    "I-35_U": 107,
    "I-113_U": 120,
    "O-144_L": 107,
    "O-124_L": 122,
    "O-60_L": 121,
    "O-129_L": 110,
    "O-7_L": 107,
    "O-8_L": 104,
    "O-1_L": 115,
    "O-68_L": 117,
    "I-61_U": 115,
    "I-85_U": 119,
    "I-83_U": 112,
    "I-109_U": 107,
    "I-27_U": 105,
    "I-103_U": 102,
    "I-104_U": 118,
    "I-123_U": 115,
    "O-154_L": 114,
    "O-111_L": 122
  },
  "weights": {
    "O-95_L": 1,
    "O-93_L": 1,
    "O-53_L": 1,
    "O-33_L": 1,
    "O-54_L": 1,
    "O-12_L": 1,
    "O-34_L": 1,
    "O-39_L": 1,
    "I-118_U": 1,
    "I-6_U": 1,
    "I-52_U": 1,
    "I-92_U": 1,
    "O-161_L": 1,
    "I-32_U": 1,
    "I-0_U": 1,
    "I-130_U": 1,
    "I-159_U": 1,
    "I-153_U": 1,
    "I-13_U": 1,
    "I-55_U": 1,
    "I-35_U": 1,
    "I-113_U": 1,
    "O-144_L": 1,
    "O-124_L": 1,
    "O-60_L": 1,
    "O-129_L": 1,
    "O-7_L": 1,
    "O-8_L": 1,
    "O-1_L": 1,
    "O-68_L": 1,
    "I-61_U": 1,
    "I-85_U": 1,
    "I-83_U": 1,
    "I-109_U": 1,
    "I-27_U": 1,
    "I-103_U": 1,
    "I-104_U": 1,
    "I-123_U": 1,
    "O-154_L": 1,
    "O-111_L": 1
  },
  "workers_w_d": {
    "3": 6,
    "4": 4,
    "5": 2
  },
  "earliest_finish": {
    "O-95_L": 101,
    "O-93_L": 122,
    "O-53_L": 109,
    "O-33_L": 123,
    "O-54_L": 113,
    "O-12_L": 115,
    "O-34_L": 117,
    "O-39_L": 102,
    "I-118_U": 113,
    "I-6_U": 102,
    "I-52_U": 102,
    "I-92_U": 115,
    "O-161_L": 104,
    "I-32_U": 110,
    "I-0_U": 109,
    "I-130_U": 99,
    "I-159_U": 108,
    "I-153_U": 107,
    "I-13_U": 104,
    "I-55_U": 103,
    "I-35_U": 109,
    "I-113_U": 121,
    "O-144_L": 108,
    "O-124_L": 123,
    "O-60_L": 122,
    "O-129_L": 111,
    "O-7_L": 107,
    "O-8_L": 105,
    "O-1_L": 115,
    "O-68_L": 118,
    "I-61_U": 117,
    "I-85_U": 120,
    "I-83_U": 114,
    "I-109_U": 107,
    "I-27_U": 106,
    "I-103_U": 104,
    "I-104_U": 120,
    "I-123_U": 117,
    "O-154_L": 115,
    "O-111_L": 123
  },
  "formations": {
    "f_3:1,4:2,5:2": {
      "3": 1,
      "4": 2,
      "5": 2
    },
    "f_3:1,4:1": {
      "3": 1,
      "4": 1
    },
    "f_3:2,4:2,5:2": {
      "3": 2,
      "4": 2,
      "5": 2
    },
    "f_3:2,4:1": {
      "3": 2,
      "4": 1
    },
    "f_3:2,4:2": {
      "3": 2,
      "4": 2
    },
    "f_3:1,4:1,5:1": {
      "3": 1,
      "4": 1,
      "5": 1
    },
    "f_3:3": {
      "3": 3
    },
    "f_3:2,4:1,5:1": {
      "3": 2,
      "4": 1,
      "5": 1
    },
    "f_3:2": {
      "3": 2
    }
  },
  "modesSpeedID": {
    "O-95_L": {
      "f_3:2": "s"
    },
    "O-93_L": {
      "f_3:3": "f",
      "f_3:2": "s"
    },
    "O-53_L": {
      "f_3:3": "f",
      "f_3:2": "s"
    },
    "O-33_L": {
      "f_3:2": "s"
    },
    "O-54_L": {
      "f_3:2,4:1": "f",
      "f_3:1,4:1": "s"
    },
    "O-12_L": {
      "f_3:3": "f",
      "f_3:2": "s"
    },
    "O-34_L": {
      "f_3:2,4:2": "f",
      "f_3:1,4:1": "s"
    },
    "O-39_L": {
      "f_3:2,4:2": "f",
      "f_3:1,4:1": "s"
    },
    "I-118_U": {
      "f_3:1,4:2,5:2": "f",
      "f_3:1,4:1,5:1": "s"
    },
    "I-6_U": {
      "f_3:2,4:2": "f"
    },
    "I-52_U": {
      "f_3:3": "f",
      "f_3:2": "s"
    },
    "I-92_U": {
      "f_3:3": "f",
      "f_3:2": "s"
    },
    "O-161_L": {
      "f_3:2,4:2": "f"
    },
    "I-32_U": {
      "f_3:3": "f",
      "f_3:2": "s"
    },
    "I-0_U": {
      "f_3:2,4:2": "f"
    },
    "I-130_U": {
      "f_3:2,4:2": "f",
      "f_3:1,4:1": "s"
    },
    "I-159_U": {
      "f_3:2,4:2,5:2": "f"
    },
    "I-153_U": {
      "f_3:2": "s"
    },
    "I-13_U": {
      "f_3:3": "f",
      "f_3:2": "s"
    },
    "I-55_U": {
      "f_3:2,4:1": "f",
      "f_3:1,4:1": "s"
    },
    "I-35_U": {
      "f_3:2,4:2": "f"
    },
    "I-113_U": {
      "f_3:1,4:1": "s"
    },
    "O-144_L": {
      "f_3:2": "s"
    },
    "O-124_L": {
      "f_3:2,4:1": "f",
      "f_3:1,4:1": "s"
    },
    "O-60_L": {
      "f_3:2,4:2": "f",
      "f_3:1,4:1": "s"
    },
    "O-129_L": {
      "f_3:2,4:1": "f",
      "f_3:1,4:1": "s"
    },
    "O-7_L": {
      "f_3:2,4:1": "f",
      "f_3:1,4:1": "s"
    },
    "O-8_L": {
      "f_3:2,4:1": "f",
      "f_3:1,4:1": "s"
    },
    "O-1_L": {
      "f_3:2,4:1": "f",
      "f_3:1,4:1": "s"
    },
    "O-68_L": {
      "f_3:1,4:1,5:1": "s",
      "f_3:2,4:2,5:2": "f"
    },
    "I-61_U": {
      "f_3:2,4:2": "f"
    },
    "I-85_U": {
      "f_3:1,4:1,5:1": "s",
      "f_3:2,4:1,5:1": "f"
    },
    "I-83_U": {
      "f_3:1,4:1,5:1": "s",
      "f_3:2,4:2,5:2": "f"
    },
    "I-109_U": {
      "f_3:2,4:2,5:2": "f"
    },
    "I-27_U": {
      "f_3:1,4:1,5:1": "s",
      "f_3:2,4:2,5:2": "f"
    },
    "I-103_U": {
      "f_3:2,4:2,5:2": "f"
    },
    "I-104_U": {
      "f_3:3": "f",
      "f_3:2": "s"
    },
    "I-123_U": {
      "f_3:2,4:2": "f"
    },
    "O-154_L": {
      "f_3:3": "f",
      "f_3:2": "s"
    },
    "O-111_L": {
      "f_3:2,4:2": "f"
    }
  },
  "formations_w_d": {
    "f_3:1,4:2,5:2": {
      "3": 5,
      "4": 4,
      "5": 2
    },
    "f_3:1,4:1": {
      "3": 2,
      "4": 1
    },
    "f_3:2,4:2,5:2": {
      "3": 6,
      "4": 4,
      "5": 2
    },
    "f_3:2,4:1": {
      "3": 3,
      "4": 1
    },
    "f_3:2,4:2": {
      "3": 4,
      "4": 2
    },
    "f_3:1,4:1,5:1": {
      "3": 3,
      "4": 2,
      "5": 1
    },
    "f_3:3": {
      "3": 3
    },
    "f_3:2,4:1,5:1": {
      "3": 4,
      "4": 2,
      "5": 1
    },
    "f_3:2": {
      "3": 2
    }
  },
  "latest_finish": {
    "O-95_L": 103,
    "O-93_L": 124,
    "O-53_L": 112,
    "O-33_L": 126,
    "O-54_L": 114,
    "O-12_L": 119,
    "O-34_L": 119,
    "O-39_L": 104,
    "I-118_U": 117,
    "I-6_U": 104,
    "I-52_U": 104,
    "I-92_U": 118,
    "O-161_L": 106,
    "I-32_U": 112,
    "I-0_U": 110,
    "I-130_U": 101,
    "I-159_U": 113,
    "I-153_U": 108,
    "I-13_U": 108,
    "I-55_U": 105,
    "I-35_U": 110,
    "I-113_U": 123,
    "O-144_L": 113,
    "O-124_L": 125,
    "O-60_L": 124,
    "O-129_L": 113,
    "O-7_L": 110,
    "O-8_L": 107,
    "O-1_L": 117,
    "O-68_L": 124,
    "I-61_U": 118,
    "I-85_U": 124,
    "I-83_U": 119,
    "I-109_U": 112,
    "I-27_U": 111,
    "I-103_U": 109,
    "I-104_U": 121,
    "I-123_U": 118,
    "O-154_L": 117,
    "O-111_L": 125
  },
  "travel_times": {
    "O-95_L": {
      "O-95_L": 0,
      "depot": 3,
      "O-93_L": 3,
      "O-53_L": 2,
      "O-33_L": 2,
      "O-54_L": 2,
      "O-12_L": 2,
      "O-34_L": 3,
      "O-39_L": 2,
      "I-118_U": 2,
      "I-6_U": 2,
      "I-52_U": 2,
      "I-92_U": 3,
      "O-161_L": 2,
      "I-32_U": 2,
      "I-0_U": 2,
      "I-130_U": 3,
      "I-159_U": 1,
      "I-153_U": 3,
      "I-13_U": 2,
      "I-55_U": 2,
      "I-35_U": 3,
      "I-113_U": 3,
      "O-144_L": 2,
      "O-124_L": 3,
      "O-60_L": 3,
      "O-129_L": 3,
      "O-7_L": 2,
      "O-8_L": 3,
      "O-1_L": 2,
      "O-68_L": 2,
      "I-61_U": 3,
      "I-85_U": 3,
      "I-83_U": 2,
      "I-109_U": 3,
      "I-27_U": 3,
      "I-103_U": 2,
      "I-104_U": 3,
      "I-123_U": 3,
      "O-154_L": 3,
      "O-111_L": 3
    },
    "depot": {
      "O-95_L": 3,
      "O-93_L": 1,
      "O-53_L": 2,
      "O-33_L": 1,
      "O-54_L": 2,
      "O-12_L": 2,
      "O-34_L": 1,
      "O-39_L": 2,
      "I-118_U": 2,
      "I-6_U": 2,
      "I-52_U": 2,
      "I-92_U": 1,
      "O-161_L": 2,
      "I-32_U": 1,
      "I-0_U": 2,
      "I-130_U": 1,
      "I-159_U": 3,
      "I-153_U": 1,
      "I-13_U": 2,
      "I-55_U": 2,
      "I-35_U": 1,
      "I-113_U": 1,
      "O-144_L": 1,
      "O-124_L": 1,
      "O-60_L": 1,
      "O-129_L": 1,
      "O-7_L": 2,
      "O-8_L": 1,
      "O-1_L": 2,
      "O-68_L": 1,
      "I-61_U": 1,
      "I-85_U": 1,
      "I-83_U": 1,
      "I-109_U": 0,
      "I-27_U": 0,
      "I-103_U": 2,
      "I-104_U": 1,
      "I-123_U": 1,
      "O-154_L": 1,
      "O-111_L": 1
    },
    "O-93_L": {
      "O-95_L": 3,
      "depot": 1,
      "O-93_L": 0,
      "O-53_L": 1,
      "O-33_L": 1,
      "O-54_L": 1,
      "O-12_L": 1,
      "O-34_L": 1,
      "O-39_L": 1,
      "I-118_U": 1,
      "I-6_U": 1,
      "I-52_U": 1,
      "I-92_U": 0,
      "O-161_L": 1,
      "I-32_U": 1,
      "I-0_U": 1,
      "I-130_U": 1,
      "I-159_U": 3,
      "I-153_U": 1,
      "I-13_U": 1,
      "I-55_U": 1,
      "I-35_U": 1,
      "I-113_U": 1,
      "O-144_L": 1,
      "O-124_L": 1,
      "O-60_L": 1,
      "O-129_L": 1,
      "O-7_L": 1,
      "O-8_L": 1,
      "O-1_L": 1,
      "O-68_L": 1,
      "I-61_U": 1,
      "I-85_U": 1,
      "I-83_U": 1,
      "I-109_U": 1,
      "I-27_U": 1,
      "I-103_U": 1,
      "I-104_U": 1,
      "I-123_U": 1,
      "O-154_L": 1,
      "O-111_L": 1
    },
    "O-53_L": {
      "O-95_L": 2,
      "depot": 2,
      "O-93_L": 1,
      "O-53_L": 0,
      "O-33_L": 1,
      "O-54_L": 1,
      "O-12_L": 0,
      "O-34_L": 1,
      "O-39_L": 1,
      "I-118_U": 1,
      "I-6_U": 1,
      "I-52_U": 0,
      "I-92_U": 1,
      "O-161_L": 1,
      "I-32_U": 1,
      "I-0_U": 1,
      "I-130_U": 2,
      "I-159_U": 2,
      "I-153_U": 2,
      "I-13_U": 0,
      "I-55_U": 1,
      "I-35_U": 1,
      "I-113_U": 2,
      "O-144_L": 1,
      "O-124_L": 2,
      "O-60_L": 2,
      "O-129_L": 2,
      "O-7_L": 1,
      "O-8_L": 2,
      "O-1_L": 1,
      "O-68_L": 1,
      "I-61_U": 2,
      "I-85_U": 1,
      "I-83_U": 1,
      "I-109_U": 2,
      "I-27_U": 2,
      "I-103_U": 1,
      "I-104_U": 2,
      "I-123_U": 2,
      "O-154_L": 2,
      "O-111_L": 1
    },
    "O-33_L": {
      "O-95_L": 2,
      "depot": 1,
      "O-93_L": 1,
      "O-53_L": 1,
      "O-33_L": 0,
      "O-54_L": 1,
      "O-12_L": 1,
      "O-34_L": 1,
      "O-39_L": 1,
      "I-118_U": 1,
      "I-6_U": 1,
      "I-52_U": 1,
      "I-92_U": 1,
      "O-161_L": 1,
      "I-32_U": 0,
      "I-0_U": 1,
      "I-130_U": 1,
      "I-159_U": 3,
      "I-153_U": 1,
      "I-13_U": 1,
      "I-55_U": 1,
      "I-35_U": 1,
      "I-113_U": 1,
      "O-144_L": 1,
      "O-124_L": 1,
      "O-60_L": 1,
      "O-129_L": 1,
      "O-7_L": 1,
      "O-8_L": 1,
      "O-1_L": 1,
      "O-68_L": 0,
      "I-61_U": 1,
      "I-85_U": 1,
      "I-83_U": 1,
      "I-109_U": 1,
      "I-27_U": 1,
      "I-103_U": 1,
      "I-104_U": 1,
      "I-123_U": 1,
      "O-154_L": 1,
      "O-111_L": 1
    },
    "O-54_L": {
      "O-95_L": 2,
      "depot": 2,
      "O-93_L": 1,
      "O-53_L": 1,
      "O-33_L": 1,
      "O-54_L": 0,
      "O-12_L": 1,
      "O-34_L": 1,
      "O-39_L": 1,
      "I-118_U": 1,
      "I-6_U": 1,
      "I-52_U": 1,
      "I-92_U": 1,
      "O-161_L": 1,
      "I-32_U": 1,
      "I-0_U": 1,
      "I-130_U": 2,
      "I-159_U": 2,
      "I-153_U": 2,
      "I-13_U": 1,
      "I-55_U": 0,
      "I-35_U": 1,
      "I-113_U": 1,
      "O-144_L": 1,
      "O-124_L": 2,
      "O-60_L": 2,
      "O-129_L": 2,
      "O-7_L": 1,
      "O-8_L": 2,
      "O-1_L": 1,
      "O-68_L": 1,
      "I-61_U": 2,
      "I-85_U": 1,
      "I-83_U": 1,
      "I-109_U": 2,
      "I-27_U": 2,
      "I-103_U": 1,
      "I-104_U": 1,
      "I-123_U": 2,
      "O-154_L": 2,
      "O-111_L": 1
    },
    "O-12_L": {
      "O-95_L": 2,
      "depot": 2,
      "O-93_L": 1,
      "O-53_L": 0,
      "O-33_L": 1,
      "O-54_L": 1,
      "O-12_L": 0,
      "O-34_L": 1,
      "O-39_L": 1,
      "I-118_U": 1,
      "I-6_U": 1,
      "I-52_U": 0,
      "I-92_U": 1,
      "O-161_L": 1,
      "I-32_U": 1,
      "I-0_U": 1,
      "I-130_U": 2,
      "I-159_U": 2,
      "I-153_U": 2,
      "I-13_U": 0,
      "I-55_U": 1,
      "I-35_U": 1,
      "I-113_U": 2,
      "O-144_L": 1,
      "O-124_L": 2,
      "O-60_L": 2,
      "O-129_L": 2,
      "O-7_L": 1,
      "O-8_L": 2,
      "O-1_L": 1,
      "O-68_L": 1,
      "I-61_U": 2,
      "I-85_U": 1,
      "I-83_U": 1,
      "I-109_U": 2,
      "I-27_U": 2,
      "I-103_U": 1,
      "I-104_U": 2,
      "I-123_U": 2,
      "O-154_L": 2,
      "O-111_L": 1
    },
    "O-34_L": {
      "O-95_L": 3,
      "depot": 1,
      "O-93_L": 1,
      "O-53_L": 1,
      "O-33_L": 1,
      "O-54_L": 1,
      "O-12_L": 1,
      "O-34_L": 0,
      "O-39_L": 1,
      "I-118_U": 1,
      "I-6_U": 1,
      "I-52_U": 1,
      "I-92_U": 1,
      "O-161_L": 1,
      "I-32_U": 1,
      "I-0_U": 1,
      "I-130_U": 1,
      "I-159_U": 3,
      "I-153_U": 1,
      "I-13_U": 1,
      "I-55_U": 1,
      "I-35_U": 0,
      "I-113_U": 1,
      "O-144_L": 1,
      "O-124_L": 1,
      "O-60_L": 1,
      "O-129_L": 1,
      "O-7_L": 1,
      "O-8_L": 1,
      "O-1_L": 1,
      "O-68_L": 1,
      "I-61_U": 1,
      "I-85_U": 1,
      "I-83_U": 1,
      "I-109_U": 1,
      "I-27_U": 1,
      "I-103_U": 1,
      "I-104_U": 1,
      "I-123_U": 1,
      "O-154_L": 1,
      "O-111_L": 1
    },
    "O-39_L": {
      "O-95_L": 2,
      "depot": 2,
      "O-93_L": 1,
      "O-53_L": 1,
      "O-33_L": 1,
      "O-54_L": 1,
      "O-12_L": 1,
      "O-34_L": 1,
      "O-39_L": 0,
      "I-118_U": 1,
      "I-6_U": 1,
      "I-52_U": 1,
      "I-92_U": 1,
      "O-161_L": 1,
      "I-32_U": 1,
      "I-0_U": 1,
      "I-130_U": 2,
      "I-159_U": 2,
      "I-153_U": 2,
      "I-13_U": 1,
      "I-55_U": 1,
      "I-35_U": 1,
      "I-113_U": 1,
      "O-144_L": 1,
      "O-124_L": 2,
      "O-60_L": 2,
      "O-129_L": 2,
      "O-7_L": 1,
      "O-8_L": 2,
      "O-1_L": 1,
      "O-68_L": 1,
      "I-61_U": 2,
      "I-85_U": 1,
      "I-83_U": 1,
      "I-109_U": 2,
      "I-27_U": 2,
      "I-103_U": 1,
      "I-104_U": 2,
      "I-123_U": 2,
      "O-154_L": 2,
      "O-111_L": 1
    },
    "I-118_U": {
      "O-95_L": 2,
      "depot": 2,
      "O-93_L": 1,
      "O-53_L": 1,
      "O-33_L": 1,
      "O-54_L": 1,
      "O-12_L": 1,
      "O-34_L": 1,
      "O-39_L": 1,
      "I-118_U": 0,
      "I-6_U": 1,
      "I-52_U": 1,
      "I-92_U": 1,
      "O-161_L": 0,
      "I-32_U": 1,
      "I-0_U": 0,
      "I-130_U": 2,
      "I-159_U": 2,
      "I-153_U": 2,
      "I-13_U": 1,
      "I-55_U": 1,
      "I-35_U": 1,
      "I-113_U": 1,
      "O-144_L": 1,
      "O-124_L": 2,
      "O-60_L": 2,
      "O-129_L": 2,
      "O-7_L": 1,
      "O-8_L": 2,
      "O-1_L": 0,
      "O-68_L": 1,
      "I-61_U": 2,
      "I-85_U": 1,
      "I-83_U": 1,
      "I-109_U": 2,
      "I-27_U": 2,
      "I-103_U": 1,
      "I-104_U": 2,
      "I-123_U": 2,
      "O-154_L": 2,
      "O-111_L": 1
    },
    "I-6_U": {
      "O-95_L": 2,
      "depot": 2,
      "O-93_L": 1,
      "O-53_L": 1,
      "O-33_L": 1,
      "O-54_L": 1,
      "O-12_L": 1,
      "O-34_L": 1,
      "O-39_L": 1,
      "I-118_U": 1,
      "I-6_U": 0,
      "I-52_U": 1,
      "I-92_U": 1,
      "O-161_L": 1,
      "I-32_U": 1,
      "I-0_U": 1,
      "I-130_U": 2,
      "I-159_U": 2,
      "I-153_U": 2,
      "I-13_U": 1,
      "I-55_U": 1,
      "I-35_U": 1,
      "I-113_U": 2,
      "O-144_L": 1,
      "O-124_L": 2,
      "O-60_L": 2,
      "O-129_L": 2,
      "O-7_L": 0,
      "O-8_L": 2,
      "O-1_L": 1,
      "O-68_L": 1,
      "I-61_U": 2,
      "I-85_U": 1,
      "I-83_U": 1,
      "I-109_U": 2,
      "I-27_U": 2,
      "I-103_U": 0,
      "I-104_U": 2,
      "I-123_U": 2,
      "O-154_L": 2,
      "O-111_L": 1
    },
    "I-52_U": {
      "O-95_L": 2,
      "depot": 2,
      "O-93_L": 1,
      "O-53_L": 0,
      "O-33_L": 1,
      "O-54_L": 1,
      "O-12_L": 0,
      "O-34_L": 1,
      "O-39_L": 1,
      "I-118_U": 1,
      "I-6_U": 1,
      "I-52_U": 0,
      "I-92_U": 1,
      "O-161_L": 1,
      "I-32_U": 1,
      "I-0_U": 1,
      "I-130_U": 2,
      "I-159_U": 2,
      "I-153_U": 2,
      "I-13_U": 0,
      "I-55_U": 1,
      "I-35_U": 1,
      "I-113_U": 2,
      "O-144_L": 1,
      "O-124_L": 2,
      "O-60_L": 2,
      "O-129_L": 2,
      "O-7_L": 1,
      "O-8_L": 2,
      "O-1_L": 1,
      "O-68_L": 1,
      "I-61_U": 2,
      "I-85_U": 1,
      "I-83_U": 1,
      "I-109_U": 2,
      "I-27_U": 2,
      "I-103_U": 1,
      "I-104_U": 2,
      "I-123_U": 2,
      "O-154_L": 2,
      "O-111_L": 1
    },
    "I-92_U": {
      "O-95_L": 3,
      "depot": 1,
      "O-93_L": 0,
      "O-53_L": 1,
      "O-33_L": 1,
      "O-54_L": 1,
      "O-12_L": 1,
      "O-34_L": 1,
      "O-39_L": 1,
      "I-118_U": 1,
      "I-6_U": 1,
      "I-52_U": 1,
      "I-92_U": 0,
      "O-161_L": 1,
      "I-32_U": 1,
      "I-0_U": 1,
      "I-130_U": 1,
      "I-159_U": 3,
      "I-153_U": 1,
      "I-13_U": 1,
      "I-55_U": 1,
      "I-35_U": 1,
      "I-113_U": 1,
      "O-144_L": 1,
      "O-124_L": 1,
      "O-60_L": 1,
      "O-129_L": 1,
      "O-7_L": 1,
      "O-8_L": 1,
      "O-1_L": 1,
      "O-68_L": 1,
      "I-61_U": 1,
      "I-85_U": 1,
      "I-83_U": 1,
      "I-109_U": 1,
      "I-27_U": 1,
      "I-103_U": 1,
      "I-104_U": 1,
      "I-123_U": 1,
      "O-154_L": 1,
      "O-111_L": 1
    },
    "O-161_L": {
      "O-95_L": 2,
      "depot": 2,
      "O-93_L": 1,
      "O-53_L": 1,
      "O-33_L": 1,
      "O-54_L": 1,
      "O-12_L": 1,
      "O-34_L": 1,
      "O-39_L": 1,
      "I-118_U": 0,
      "I-6_U": 1,
      "I-52_U": 1,
      "I-92_U": 1,
      "O-161_L": 0,
      "I-32_U": 1,
      "I-0_U": 0,
      "I-130_U": 2,
      "I-159_U": 2,
      "I-153_U": 2,
      "I-13_U": 1,
      "I-55_U": 1,
      "I-35_U": 1,
      "I-113_U": 1,
      "O-144_L": 1,
      "O-124_L": 2,
      "O-60_L": 2,
      "O-129_L": 2,
      "O-7_L": 1,
      "O-8_L": 2,
      "O-1_L": 0,
      "O-68_L": 1,
      "I-61_U": 2,
      "I-85_U": 1,
      "I-83_U": 1,
      "I-109_U": 2,
      "I-27_U": 2,
      "I-103_U": 1,
      "I-104_U": 2,
      "I-123_U": 2,
      "O-154_L": 2,
      "O-111_L": 1
    },
    "I-32_U": {
      "O-95_L": 2,
      "depot": 1,
      "O-93_L": 1,
      "O-53_L": 1,
      "O-33_L": 0,
      "O-54_L": 1,
      "O-12_L": 1,
      "O-34_L": 1,
      "O-39_L": 1,
      "I-118_U": 1,
      "I-6_U": 1,
      "I-52_U": 1,
      "I-92_U": 1,
      "O-161_L": 1,
      "I-32_U": 0,
      "I-0_U": 1,
      "I-130_U": 1,
      "I-159_U": 3,
      "I-153_U": 1,
      "I-13_U": 1,
      "I-55_U": 1,
      "I-35_U": 1,
      "I-113_U": 1,
      "O-144_L": 1,
      "O-124_L": 1,
      "O-60_L": 1,
      "O-129_L": 1,
      "O-7_L": 1,
      "O-8_L": 1,
      "O-1_L": 1,
      "O-68_L": 0,
      "I-61_U": 1,
      "I-85_U": 1,
      "I-83_U": 1,
      "I-109_U": 1,
      "I-27_U": 1,
      "I-103_U": 1,
      "I-104_U": 1,
      "I-123_U": 1,
      "O-154_L": 1,
      "O-111_L": 1
    },
    "I-0_U": {
      "O-95_L": 2,
      "depot": 2,
      "O-93_L": 1,
      "O-53_L": 1,
      "O-33_L": 1,
      "O-54_L": 1,
      "O-12_L": 1,
      "O-34_L": 1,
      "O-39_L": 1,
      "I-118_U": 0,
      "I-6_U": 1,
      "I-52_U": 1,
      "I-92_U": 1,
      "O-161_L": 0,
      "I-32_U": 1,
      "I-0_U": 0,
      "I-130_U": 2,
      "I-159_U": 2,
      "I-153_U": 2,
      "I-13_U": 1,
      "I-55_U": 1,
      "I-35_U": 1,
      "I-113_U": 1,
      "O-144_L": 1,
      "O-124_L": 2,
      "O-60_L": 2,
      "O-129_L": 2,
      "O-7_L": 1,
      "O-8_L": 2,
      "O-1_L": 0,
      "O-68_L": 1,
      "I-61_U": 2,
      "I-85_U": 1,
      "I-83_U": 1,
      "I-109_U": 2,
      "I-27_U": 2,
      "I-103_U": 1,
      "I-104_U": 2,
      "I-123_U": 2,
      "O-154_L": 2,
      "O-111_L": 1
    },
    "I-130_U": {
      "O-95_L": 3,
      "depot": 1,
      "O-93_L": 1,
      "O-53_L": 2,
      "O-33_L": 1,
      "O-54_L": 2,
      "O-12_L": 2,
      "O-34_L": 1,
      "O-39_L": 2,
      "I-118_U": 2,
      "I-6_U": 2,
      "I-52_U": 2,
      "I-92_U": 1,
      "O-161_L": 2,
      "I-32_U": 1,
      "I-0_U": 2,
      "I-130_U": 0,
      "I-159_U": 3,
      "I-153_U": 0,
      "I-13_U": 2,
      "I-55_U": 2,
      "I-35_U": 1,
      "I-113_U": 1,
      "O-144_L": 2,
      "O-124_L": 1,
      "O-60_L": 1,
      "O-129_L": 0,
      "O-7_L": 2,
      "O-8_L": 1,
      "O-1_L": 2,
      "O-68_L": 1,
      "I-61_U": 1,
      "I-85_U": 1,
      "I-83_U": 2,
      "I-109_U": 1,
      "I-27_U": 1,
      "I-103_U": 2,
      "I-104_U": 1,
      "I-123_U": 1,
      "O-154_L": 0,
      "O-111_L": 1
    },
    "I-159_U": {
      "O-95_L": 1,
      "depot": 3,
      "O-93_L": 3,
      "O-53_L": 2,
      "O-33_L": 3,
      "O-54_L": 2,
      "O-12_L": 2,
      "O-34_L": 3,
      "O-39_L": 2,
      "I-118_U": 2,
      "I-6_U": 2,
      "I-52_U": 2,
      "I-92_U": 3,
      "O-161_L": 2,
      "I-32_U": 3,
      "I-0_U": 2,
      "I-130_U": 3,
      "I-159_U": 0,
      "I-153_U": 3,
      "I-13_U": 2,
      "I-55_U": 2,
      "I-35_U": 3,
      "I-113_U": 3,
      "O-144_L": 2,
      "O-124_L": 3,
      "O-60_L": 3,
      "O-129_L": 3,
      "O-7_L": 2,
      "O-8_L": 3,
      "O-1_L": 2,
      "O-68_L": 3,
      "I-61_U": 3,
      "I-85_U": 3,
      "I-83_U": 2,
      "I-109_U": 3,
      "I-27_U": 3,
      "I-103_U": 2,
      "I-104_U": 3,
      "I-123_U": 3,
      "O-154_L": 3,
      "O-111_L": 3
    },
    "I-153_U": {
      "O-95_L": 3,
      "depot": 1,
      "O-93_L": 1,
      "O-53_L": 2,
      "O-33_L": 1,
      "O-54_L": 2,
      "O-12_L": 2,
      "O-34_L": 1,
      "O-39_L": 2,
      "I-118_U": 2,
      "I-6_U": 2,
      "I-52_U": 2,
      "I-92_U": 1,
      "O-161_L": 2,
      "I-32_U": 1,
      "I-0_U": 2,
      "I-130_U": 0,
      "I-159_U": 3,
      "I-153_U": 0,
      "I-13_U": 2,
      "I-55_U": 2,
      "I-35_U": 1,
      "I-113_U": 1,
      "O-144_L": 2,
      "O-124_L": 1,
      "O-60_L": 1,
      "O-129_L": 0,
      "O-7_L": 2,
      "O-8_L": 1,
      "O-1_L": 2,
      "O-68_L": 1,
      "I-61_U": 1,
      "I-85_U": 1,
      "I-83_U": 2,
      "I-109_U": 1,
      "I-27_U": 1,
      "I-103_U": 2,
      "I-104_U": 1,
      "I-123_U": 1,
      "O-154_L": 0,
      "O-111_L": 1
    },
    "I-13_U": {
      "O-95_L": 2,
      "depot": 2,
      "O-93_L": 1,
      "O-53_L": 0,
      "O-33_L": 1,
      "O-54_L": 1,
      "O-12_L": 0,
      "O-34_L": 1,
      "O-39_L": 1,
      "I-118_U": 1,
      "I-6_U": 1,
      "I-52_U": 0,
      "I-92_U": 1,
      "O-161_L": 1,
      "I-32_U": 1,
      "I-0_U": 1,
      "I-130_U": 2,
      "I-159_U": 2,
      "I-153_U": 2,
      "I-13_U": 0,
      "I-55_U": 1,
      "I-35_U": 1,
      "I-113_U": 2,
      "O-144_L": 1,
      "O-124_L": 2,
      "O-60_L": 2,
      "O-129_L": 2,
      "O-7_L": 1,
      "O-8_L": 2,
      "O-1_L": 1,
      "O-68_L": 1,
      "I-61_U": 2,
      "I-85_U": 1,
      "I-83_U": 1,
      "I-109_U": 2,
      "I-27_U": 2,
      "I-103_U": 1,
      "I-104_U": 2,
      "I-123_U": 2,
      "O-154_L": 2,
      "O-111_L": 1
    },
    "I-55_U": {
      "O-95_L": 2,
      "depot": 2,
      "O-93_L": 1,
      "O-53_L": 1,
      "O-33_L": 1,
      "O-54_L": 0,
      "O-12_L": 1,
      "O-34_L": 1,
      "O-39_L": 1,
      "I-118_U": 1,
      "I-6_U": 1,
      "I-52_U": 1,
      "I-92_U": 1,
      "O-161_L": 1,
      "I-32_U": 1,
      "I-0_U": 1,
      "I-130_U": 2,
      "I-159_U": 2,
      "I-153_U": 2,
      "I-13_U": 1,
      "I-55_U": 0,
      "I-35_U": 1,
      "I-113_U": 1,
      "O-144_L": 1,
      "O-124_L": 2,
      "O-60_L": 2,
      "O-129_L": 2,
      "O-7_L": 1,
      "O-8_L": 2,
      "O-1_L": 1,
      "O-68_L": 1,
      "I-61_U": 2,
      "I-85_U": 1,
      "I-83_U": 1,
      "I-109_U": 2,
      "I-27_U": 2,
      "I-103_U": 1,
      "I-104_U": 1,
      "I-123_U": 2,
      "O-154_L": 2,
      "O-111_L": 1
    },
    "I-35_U": {
      "O-95_L": 3,
      "depot": 1,
      "O-93_L": 1,
      "O-53_L": 1,
      "O-33_L": 1,
      "O-54_L": 1,
      "O-12_L": 1,
      "O-34_L": 0,
      "O-39_L": 1,
      "I-118_U": 1,
      "I-6_U": 1,
      "I-52_U": 1,
      "I-92_U": 1,
      "O-161_L": 1,
      "I-32_U": 1,
      "I-0_U": 1,
      "I-130_U": 1,
      "I-159_U": 3,
      "I-153_U": 1,
      "I-13_U": 1,
      "I-55_U": 1,
      "I-35_U": 0,
      "I-113_U": 1,
      "O-144_L": 1,
      "O-124_L": 1,
      "O-60_L": 1,
      "O-129_L": 1,
      "O-7_L": 1,
      "O-8_L": 1,
      "O-1_L": 1,
      "O-68_L": 1,
      "I-61_U": 1,
      "I-85_U": 1,
      "I-83_U": 1,
      "I-109_U": 1,
      "I-27_U": 1,
      "I-103_U": 1,
      "I-104_U": 1,
      "I-123_U": 1,
      "O-154_L": 1,
      "O-111_L": 1
    },
    "I-113_U": {
      "O-95_L": 3,
      "depot": 1,
      "O-93_L": 1,
      "O-53_L": 2,
      "O-33_L": 1,
      "O-54_L": 1,
      "O-12_L": 2,
      "O-34_L": 1,
      "O-39_L": 1,
      "I-118_U": 1,
      "I-6_U": 2,
      "I-52_U": 2,
      "I-92_U": 1,
      "O-161_L": 1,
      "I-32_U": 1,
      "I-0_U": 1,
      "I-130_U": 1,
      "I-159_U": 3,
      "I-153_U": 1,
      "I-13_U": 2,
      "I-55_U": 1,
      "I-35_U": 1,
      "I-113_U": 0,
      "O-144_L": 1,
      "O-124_L": 1,
      "O-60_L": 1,
      "O-129_L": 1,
      "O-7_L": 2,
      "O-8_L": 1,
      "O-1_L": 1,
      "O-68_L": 1,
      "I-61_U": 1,
      "I-85_U": 1,
      "I-83_U": 1,
      "I-109_U": 1,
      "I-27_U": 1,
      "I-103_U": 2,
      "I-104_U": 1,
      "I-123_U": 1,
      "O-154_L": 1,
      "O-111_L": 1
    },
    "O-144_L": {
      "O-95_L": 2,
      "depot": 1,
      "O-93_L": 1,
      "O-53_L": 1,
      "O-33_L": 1,
      "O-54_L": 1,
      "O-12_L": 1,
      "O-34_L": 1,
      "O-39_L": 1,
      "I-118_U": 1,
      "I-6_U": 1,
      "I-52_U": 1,
      "I-92_U": 1,
      "O-161_L": 1,
      "I-32_U": 1,
      "I-0_U": 1,
      "I-130_U": 2,
      "I-159_U": 2,
      "I-153_U": 2,
      "I-13_U": 1,
      "I-55_U": 1,
      "I-35_U": 1,
      "I-113_U": 1,
      "O-144_L": 0,
      "O-124_L": 1,
      "O-60_L": 1,
      "O-129_L": 2,
      "O-7_L": 1,
      "O-8_L": 2,
      "O-1_L": 1,
      "O-68_L": 1,
      "I-61_U": 1,
      "I-85_U": 1,
      "I-83_U": 1,
      "I-109_U": 1,
      "I-27_U": 1,
      "I-103_U": 1,
      "I-104_U": 1,
      "I-123_U": 1,
      "O-154_L": 2,
      "O-111_L": 1
    },
    "O-124_L": {
      "O-95_L": 3,
      "depot": 1,
      "O-93_L": 1,
      "O-53_L": 2,
      "O-33_L": 1,
      "O-54_L": 2,
      "O-12_L": 2,
      "O-34_L": 1,
      "O-39_L": 2,
      "I-118_U": 2,
      "I-6_U": 2,
      "I-52_U": 2,
      "I-92_U": 1,
      "O-161_L": 2,
      "I-32_U": 1,
      "I-0_U": 2,
      "I-130_U": 1,
      "I-159_U": 3,
      "I-153_U": 1,
      "I-13_U": 2,
      "I-55_U": 2,
      "I-35_U": 1,
      "I-113_U": 1,
      "O-144_L": 1,
      "O-124_L": 0,
      "O-60_L": 0,
      "O-129_L": 1,
      "O-7_L": 2,
      "O-8_L": 1,
      "O-1_L": 2,
      "O-68_L": 1,
      "I-61_U": 0,
      "I-85_U": 1,
      "I-83_U": 1,
      "I-109_U": 1,
      "I-27_U": 1,
      "I-103_U": 2,
      "I-104_U": 1,
      "I-123_U": 0,
      "O-154_L": 1,
      "O-111_L": 1
    },
    "O-60_L": {
      "O-95_L": 3,
      "depot": 1,
      "O-93_L": 1,
      "O-53_L": 2,
      "O-33_L": 1,
      "O-54_L": 2,
      "O-12_L": 2,
      "O-34_L": 1,
      "O-39_L": 2,
      "I-118_U": 2,
      "I-6_U": 2,
      "I-52_U": 2,
      "I-92_U": 1,
      "O-161_L": 2,
      "I-32_U": 1,
      "I-0_U": 2,
      "I-130_U": 1,
      "I-159_U": 3,
      "I-153_U": 1,
      "I-13_U": 2,
      "I-55_U": 2,
      "I-35_U": 1,
      "I-113_U": 1,
      "O-144_L": 1,
      "O-124_L": 0,
      "O-60_L": 0,
      "O-129_L": 1,
      "O-7_L": 2,
      "O-8_L": 1,
      "O-1_L": 2,
      "O-68_L": 1,
      "I-61_U": 0,
      "I-85_U": 1,
      "I-83_U": 1,
      "I-109_U": 1,
      "I-27_U": 1,
      "I-103_U": 2,
      "I-104_U": 1,
      "I-123_U": 0,
      "O-154_L": 1,
      "O-111_L": 1
    },
    "O-129_L": {
      "O-95_L": 3,
      "depot": 1,
      "O-93_L": 1,
      "O-53_L": 2,
      "O-33_L": 1,
      "O-54_L": 2,
      "O-12_L": 2,
      "O-34_L": 1,
      "O-39_L": 2,
      "I-118_U": 2,
      "I-6_U": 2,
      "I-52_U": 2,
      "I-92_U": 1,
      "O-161_L": 2,
      "I-32_U": 1,
      "I-0_U": 2,
      "I-130_U": 0,
      "I-159_U": 3,
      "I-153_U": 0,
      "I-13_U": 2,
      "I-55_U": 2,
      "I-35_U": 1,
      "I-113_U": 1,
      "O-144_L": 2,
      "O-124_L": 1,
      "O-60_L": 1,
      "O-129_L": 0,
      "O-7_L": 2,
      "O-8_L": 1,
      "O-1_L": 2,
      "O-68_L": 1,
      "I-61_U": 1,
      "I-85_U": 1,
      "I-83_U": 2,
      "I-109_U": 1,
      "I-27_U": 1,
      "I-103_U": 2,
      "I-104_U": 1,
      "I-123_U": 1,
      "O-154_L": 0,
      "O-111_L": 1
    },
    "O-7_L": {
      "O-95_L": 2,
      "depot": 2,
      "O-93_L": 1,
      "O-53_L": 1,
      "O-33_L": 1,
      "O-54_L": 1,
      "O-12_L": 1,
      "O-34_L": 1,
      "O-39_L": 1,
      "I-118_U": 1,
      "I-6_U": 0,
      "I-52_U": 1,
      "I-92_U": 1,
      "O-161_L": 1,
      "I-32_U": 1,
      "I-0_U": 1,
      "I-130_U": 2,
      "I-159_U": 2,
      "I-153_U": 2,
      "I-13_U": 1,
      "I-55_U": 1,
      "I-35_U": 1,
      "I-113_U": 2,
      "O-144_L": 1,
      "O-124_L": 2,
      "O-60_L": 2,
      "O-129_L": 2,
      "O-7_L": 0,
      "O-8_L": 2,
      "O-1_L": 1,
      "O-68_L": 1,
      "I-61_U": 2,
      "I-85_U": 1,
      "I-83_U": 1,
      "I-109_U": 2,
      "I-27_U": 2,
      "I-103_U": 0,
      "I-104_U": 2,
      "I-123_U": 2,
      "O-154_L": 2,
      "O-111_L": 1
    },
    "O-8_L": {
      "O-95_L": 3,
      "depot": 1,
      "O-93_L": 1,
      "O-53_L": 2,
      "O-33_L": 1,
      "O-54_L": 2,
      "O-12_L": 2,
      "O-34_L": 1,
      "O-39_L": 2,
      "I-118_U": 2,
      "I-6_U": 2,
      "I-52_U": 2,
      "I-92_U": 1,
      "O-161_L": 2,
      "I-32_U": 1,
      "I-0_U": 2,
      "I-130_U": 1,
      "I-159_U": 3,
      "I-153_U": 1,
      "I-13_U": 2,
      "I-55_U": 2,
      "I-35_U": 1,
      "I-113_U": 1,
      "O-144_L": 2,
      "O-124_L": 1,
      "O-60_L": 1,
      "O-129_L": 1,
      "O-7_L": 2,
      "O-8_L": 0,
      "O-1_L": 2,
      "O-68_L": 1,
      "I-61_U": 1,
      "I-85_U": 1,
      "I-83_U": 1,
      "I-109_U": 1,
      "I-27_U": 1,
      "I-103_U": 2,
      "I-104_U": 1,
      "I-123_U": 1,
      "O-154_L": 1,
      "O-111_L": 1
    },
    "O-1_L": {
      "O-95_L": 2,
      "depot": 2,
      "O-93_L": 1,
      "O-53_L": 1,
      "O-33_L": 1,
      "O-54_L": 1,
      "O-12_L": 1,
      "O-34_L": 1,
      "O-39_L": 1,
      "I-118_U": 0,
      "I-6_U": 1,
      "I-52_U": 1,
      "I-92_U": 1,
      "O-161_L": 0,
      "I-32_U": 1,
      "I-0_U": 0,
      "I-130_U": 2,
      "I-159_U": 2,
      "I-153_U": 2,
      "I-13_U": 1,
      "I-55_U": 1,
      "I-35_U": 1,
      "I-113_U": 1,
      "O-144_L": 1,
      "O-124_L": 2,
      "O-60_L": 2,
      "O-129_L": 2,
      "O-7_L": 1,
      "O-8_L": 2,
      "O-1_L": 0,
      "O-68_L": 1,
      "I-61_U": 2,
      "I-85_U": 1,
      "I-83_U": 1,
      "I-109_U": 2,
      "I-27_U": 2,
      "I-103_U": 1,
      "I-104_U": 2,
      "I-123_U": 2,
      "O-154_L": 2,
      "O-111_L": 1
    },
    "O-68_L": {
      "O-95_L": 2,
      "depot": 1,
      "O-93_L": 1,
      "O-53_L": 1,
      "O-33_L": 0,
      "O-54_L": 1,
      "O-12_L": 1,
      "O-34_L": 1,
      "O-39_L": 1,
      "I-118_U": 1,
      "I-6_U": 1,
      "I-52_U": 1,
      "I-92_U": 1,
      "O-161_L": 1,
      "I-32_U": 0,
      "I-0_U": 1,
      "I-130_U": 1,
      "I-159_U": 3,
      "I-153_U": 1,
      "I-13_U": 1,
      "I-55_U": 1,
      "I-35_U": 1,
      "I-113_U": 1,
      "O-144_L": 1,
      "O-124_L": 1,
      "O-60_L": 1,
      "O-129_L": 1,
      "O-7_L": 1,
      "O-8_L": 1,
      "O-1_L": 1,
      "O-68_L": 0,
      "I-61_U": 1,
      "I-85_U": 1,
      "I-83_U": 1,
      "I-109_U": 1,
      "I-27_U": 1,
      "I-103_U": 1,
      "I-104_U": 1,
      "I-123_U": 1,
      "O-154_L": 1,
      "O-111_L": 1
    },
    "I-61_U": {
      "O-95_L": 3,
      "depot": 1,
      "O-93_L": 1,
      "O-53_L": 2,
      "O-33_L": 1,
      "O-54_L": 2,
      "O-12_L": 2,
      "O-34_L": 1,
      "O-39_L": 2,
      "I-118_U": 2,
      "I-6_U": 2,
      "I-52_U": 2,
      "I-92_U": 1,
      "O-161_L": 2,
      "I-32_U": 1,
      "I-0_U": 2,
      "I-130_U": 1,
      "I-159_U": 3,
      "I-153_U": 1,
      "I-13_U": 2,
      "I-55_U": 2,
      "I-35_U": 1,
      "I-113_U": 1,
      "O-144_L": 1,
      "O-124_L": 0,
      "O-60_L": 0,
      "O-129_L": 1,
      "O-7_L": 2,
      "O-8_L": 1,
      "O-1_L": 2,
      "O-68_L": 1,
      "I-61_U": 0,
      "I-85_U": 1,
      "I-83_U": 1,
      "I-109_U": 1,
      "I-27_U": 1,
      "I-103_U": 2,
      "I-104_U": 1,
      "I-123_U": 0,
      "O-154_L": 1,
      "O-111_L": 1
    },
    "I-85_U": {
      "O-95_L": 3,
      "depot": 1,
      "O-93_L": 1,
      "O-53_L": 1,
      "O-33_L": 1,
      "O-54_L": 1,
      "O-12_L": 1,
      "O-34_L": 1,
      "O-39_L": 1,
      "I-118_U": 1,
      "I-6_U": 1,
      "I-52_U": 1,
      "I-92_U": 1,
      "O-161_L": 1,
      "I-32_U": 1,
      "I-0_U": 1,
      "I-130_U": 1,
      "I-159_U": 3,
      "I-153_U": 1,
      "I-13_U": 1,
      "I-55_U": 1,
      "I-35_U": 1,
      "I-113_U": 1,
      "O-144_L": 1,
      "O-124_L": 1,
      "O-60_L": 1,
      "O-129_L": 1,
      "O-7_L": 1,
      "O-8_L": 1,
      "O-1_L": 1,
      "O-68_L": 1,
      "I-61_U": 1,
      "I-85_U": 0,
      "I-83_U": 1,
      "I-109_U": 1,
      "I-27_U": 1,
      "I-103_U": 1,
      "I-104_U": 1,
      "I-123_U": 1,
      "O-154_L": 1,
      "O-111_L": 0
    },
    "I-83_U": {
      "O-95_L": 2,
      "depot": 1,
      "O-93_L": 1,
      "O-53_L": 1,
      "O-33_L": 1,
      "O-54_L": 1,
      "O-12_L": 1,
      "O-34_L": 1,
      "O-39_L": 1,
      "I-118_U": 1,
      "I-6_U": 1,
      "I-52_U": 1,
      "I-92_U": 1,
      "O-161_L": 1,
      "I-32_U": 1,
      "I-0_U": 1,
      "I-130_U": 2,
      "I-159_U": 2,
      "I-153_U": 2,
      "I-13_U": 1,
      "I-55_U": 1,
      "I-35_U": 1,
      "I-113_U": 1,
      "O-144_L": 1,
      "O-124_L": 1,
      "O-60_L": 1,
      "O-129_L": 2,
      "O-7_L": 1,
      "O-8_L": 1,
      "O-1_L": 1,
      "O-68_L": 1,
      "I-61_U": 1,
      "I-85_U": 1,
      "I-83_U": 0,
      "I-109_U": 1,
      "I-27_U": 1,
      "I-103_U": 1,
      "I-104_U": 1,
      "I-123_U": 1,
      "O-154_L": 2,
      "O-111_L": 1
    },
    "I-109_U": {
      "O-95_L": 3,
      "depot": 0,
      "O-93_L": 1,
      "O-53_L": 2,
      "O-33_L": 1,
      "O-54_L": 2,
      "O-12_L": 2,
      "O-34_L": 1,
      "O-39_L": 2,
      "I-118_U": 2,
      "I-6_U": 2,
      "I-52_U": 2,
      "I-92_U": 1,
      "O-161_L": 2,
      "I-32_U": 1,
      "I-0_U": 2,
      "I-130_U": 1,
      "I-159_U": 3,
      "I-153_U": 1,
      "I-13_U": 2,
      "I-55_U": 2,
      "I-35_U": 1,
      "I-113_U": 1,
      "O-144_L": 1,
      "O-124_L": 1,
      "O-60_L": 1,
      "O-129_L": 1,
      "O-7_L": 2,
      "O-8_L": 1,
      "O-1_L": 2,
      "O-68_L": 1,
      "I-61_U": 1,
      "I-85_U": 1,
      "I-83_U": 1,
      "I-109_U": 0,
      "I-27_U": 0,
      "I-103_U": 2,
      "I-104_U": 1,
      "I-123_U": 1,
      "O-154_L": 1,
      "O-111_L": 1
    },
    "I-27_U": {
      "O-95_L": 3,
      "depot": 0,
      "O-93_L": 1,
      "O-53_L": 2,
      "O-33_L": 1,
      "O-54_L": 2,
      "O-12_L": 2,
      "O-34_L": 1,
      "O-39_L": 2,
      "I-118_U": 2,
      "I-6_U": 2,
      "I-52_U": 2,
      "I-92_U": 1,
      "O-161_L": 2,
      "I-32_U": 1,
      "I-0_U": 2,
      "I-130_U": 1,
      "I-159_U": 3,
      "I-153_U": 1,
      "I-13_U": 2,
      "I-55_U": 2,
      "I-35_U": 1,
      "I-113_U": 1,
      "O-144_L": 1,
      "O-124_L": 1,
      "O-60_L": 1,
      "O-129_L": 1,
      "O-7_L": 2,
      "O-8_L": 1,
      "O-1_L": 2,
      "O-68_L": 1,
      "I-61_U": 1,
      "I-85_U": 1,
      "I-83_U": 1,
      "I-109_U": 0,
      "I-27_U": 0,
      "I-103_U": 2,
      "I-104_U": 1,
      "I-123_U": 1,
      "O-154_L": 1,
      "O-111_L": 1
    },
    "I-103_U": {
      "O-95_L": 2,
      "depot": 2,
      "O-93_L": 1,
      "O-53_L": 1,
      "O-33_L": 1,
      "O-54_L": 1,
      "O-12_L": 1,
      "O-34_L": 1,
      "O-39_L": 1,
      "I-118_U": 1,
      "I-6_U": 0,
      "I-52_U": 1,
      "I-92_U": 1,
      "O-161_L": 1,
      "I-32_U": 1,
      "I-0_U": 1,
      "I-130_U": 2,
      "I-159_U": 2,
      "I-153_U": 2,
      "I-13_U": 1,
      "I-55_U": 1,
      "I-35_U": 1,
      "I-113_U": 2,
      "O-144_L": 1,
      "O-124_L": 2,
      "O-60_L": 2,
      "O-129_L": 2,
      "O-7_L": 0,
      "O-8_L": 2,
      "O-1_L": 1,
      "O-68_L": 1,
      "I-61_U": 2,
      "I-85_U": 1,
      "I-83_U": 1,
      "I-109_U": 2,
      "I-27_U": 2,
      "I-103_U": 0,
      "I-104_U": 2,
      "I-123_U": 2,
      "O-154_L": 2,
      "O-111_L": 1
    },
    "I-104_U": {
      "O-95_L": 3,
      "depot": 1,
      "O-93_L": 1,
      "O-53_L": 2,
      "O-33_L": 1,
      "O-54_L": 1,
      "O-12_L": 2,
      "O-34_L": 1,
      "O-39_L": 2,
      "I-118_U": 2,
      "I-6_U": 2,
      "I-52_U": 2,
      "I-92_U": 1,
      "O-161_L": 2,
      "I-32_U": 1,
      "I-0_U": 2,
      "I-130_U": 1,
      "I-159_U": 3,
      "I-153_U": 1,
      "I-13_U": 2,
      "I-55_U": 1,
      "I-35_U": 1,
      "I-113_U": 1,
      "O-144_L": 1,
      "O-124_L": 1,
      "O-60_L": 1,
      "O-129_L": 1,
      "O-7_L": 2,
      "O-8_L": 1,
      "O-1_L": 2,
      "O-68_L": 1,
      "I-61_U": 1,
      "I-85_U": 1,
      "I-83_U": 1,
      "I-109_U": 1,
      "I-27_U": 1,
      "I-103_U": 2,
      "I-104_U": 0,
      "I-123_U": 1,
      "O-154_L": 1,
      "O-111_L": 1
    },
    "I-123_U": {
      "O-95_L": 3,
      "depot": 1,
      "O-93_L": 1,
      "O-53_L": 2,
      "O-33_L": 1,
      "O-54_L": 2,
      "O-12_L": 2,
      "O-34_L": 1,
      "O-39_L": 2,
      "I-118_U": 2,
      "I-6_U": 2,
      "I-52_U": 2,
      "I-92_U": 1,
      "O-161_L": 2,
      "I-32_U": 1,
      "I-0_U": 2,
      "I-130_U": 1,
      "I-159_U": 3,
      "I-153_U": 1,
      "I-13_U": 2,
      "I-55_U": 2,
      "I-35_U": 1,
      "I-113_U": 1,
      "O-144_L": 1,
      "O-124_L": 0,
      "O-60_L": 0,
      "O-129_L": 1,
      "O-7_L": 2,
      "O-8_L": 1,
      "O-1_L": 2,
      "O-68_L": 1,
      "I-61_U": 0,
      "I-85_U": 1,
      "I-83_U": 1,
      "I-109_U": 1,
      "I-27_U": 1,
      "I-103_U": 2,
      "I-104_U": 1,
      "I-123_U": 0,
      "O-154_L": 1,
      "O-111_L": 1
    },
    "O-154_L": {
      "O-95_L": 3,
      "depot": 1,
      "O-93_L": 1,
      "O-53_L": 2,
      "O-33_L": 1,
      "O-54_L": 2,
      "O-12_L": 2,
      "O-34_L": 1,
      "O-39_L": 2,
      "I-118_U": 2,
      "I-6_U": 2,
      "I-52_U": 2,
      "I-92_U": 1,
      "O-161_L": 2,
      "I-32_U": 1,
      "I-0_U": 2,
      "I-130_U": 0,
      "I-159_U": 3,
      "I-153_U": 0,
      "I-13_U": 2,
      "I-55_U": 2,
      "I-35_U": 1,
      "I-113_U": 1,
      "O-144_L": 2,
      "O-124_L": 1,
      "O-60_L": 1,
      "O-129_L": 0,
      "O-7_L": 2,
      "O-8_L": 1,
      "O-1_L": 2,
      "O-68_L": 1,
      "I-61_U": 1,
      "I-85_U": 1,
      "I-83_U": 2,
      "I-109_U": 1,
      "I-27_U": 1,
      "I-103_U": 2,
      "I-104_U": 1,
      "I-123_U": 1,
      "O-154_L": 0,
      "O-111_L": 1
    },
    "O-111_L": {
      "O-95_L": 3,
      "depot": 1,
      "O-93_L": 1,
      "O-53_L": 1,
      "O-33_L": 1,
      "O-54_L": 1,
      "O-12_L": 1,
      "O-34_L": 1,
      "O-39_L": 1,
      "I-118_U": 1,
      "I-6_U": 1,
      "I-52_U": 1,
      "I-92_U": 1,
      "O-161_L": 1,
      "I-32_U": 1,
      "I-0_U": 1,
      "I-130_U": 1,
      "I-159_U": 3,
      "I-153_U": 1,
      "I-13_U": 1,
      "I-55_U": 1,
      "I-35_U": 1,
      "I-113_U": 1,
      "O-144_L": 1,
      "O-124_L": 1,
      "O-60_L": 1,
      "O-129_L": 1,
      "O-7_L": 1,
      "O-8_L": 1,
      "O-1_L": 1,
      "O-68_L": 1,
      "I-61_U": 1,
      "I-85_U": 0,
      "I-83_U": 1,
      "I-109_U": 1,
      "I-27_U": 1,
      "I-103_U": 1,
      "I-104_U": 1,
      "I-123_U": 1,
      "O-154_L": 1,
      "O-111_L": 0
    }
  },
  "workers": {
    "3": 2,
    "4": 2,
    "5": 2
  },
  "tasks": [
    "I-0_U",
    "O-1_L",
    "O-7_L",
    "I-6_U",
    "O-8_L",
    "I-13_U",
    "O-12_L",
    "I-27_U",
    "O-33_L",
    "I-32_U",
    "O-34_L",
    "I-35_U",
    "O-39_L",
    "I-52_U",
    "O-53_L",
    "I-55_U",
    "O-54_L",
    "I-61_U",
    "O-60_L",
    "O-68_L",
    "I-83_U",
    "I-85_U",
    "I-92_U",
    "O-93_L",
    "O-95_L",
    "I-103_U",
    "I-104_U",
    "I-109_U",
    "O-111_L",
    "I-113_U",
    "I-118_U",
    "O-124_L",
    "I-123_U",
    "O-129_L",
    "I-130_U",
    "O-144_L",
    "O-154_L",
    "I-153_U",
    "I-159_U",
    "O-161_L"
  ],
  "skill_levels": [
    3,
    4,
    5
  ]
}