{
  "tasks_per_formation": {
    "f_3:2,4:1": [
      "I-172_U",
      "O-218_L",
      "O-44_L",
      "O-54_L",
      "O-56_L",
      "O-37_L",
      "I-202_U",
      "O-49_L",
      "I-82_U",
      "I-116_U",
      "O-106_L",
      "I-20_U",
      "O-170_L",
      "I-78_U",
      "I-45_U",
      "O-174_L"
    ],
    "f_3:1,4:1": [
      "I-82_U",
      "I-116_U",
      "I-172_U",
      "O-218_L",
      "O-77_L",
      "O-106_L",
      "I-20_U",
      "O-170_L",
      "O-56_L",
      "I-78_U",
      "O-58_L",
      "O-201_L"
    ],
    "f_3:2,4:2": [
      "I-116_U",
      "O-44_L",
      "I-20_U",
      "O-54_L",
      "O-37_L",
      "I-78_U",
      "I-202_U",
      "I-45_U",
      "O-174_L"
    ],
    "f_3:1,4:2": [
      "O-77_L",
      "O-58_L"
    ],
    "f_3:3": [
      "O-90_L",
      "O-137_L",
      "O-62_L",
      "I-209_U",
      "O-50_L",
      "O-71_L",
      "O-214_L",
      "O-225_L",
      "O-210_L",
      "I-72_U",
      "I-63_U",
      "I-91_U",
      "O-175_L",
      "I-164_U",
      "I-24_U",
      "I-176_U"
    ],
    "f_3:2,4:2,5:2": [
      "O-46_L",
      "I-14_U"
    ],
    "f_3:2,4:1,5:1": [
      "O-46_L",
      "I-14_U"
    ],
    "f_3:2": [
      "O-62_L",
      "I-209_U",
      "O-50_L",
      "O-71_L",
      "O-214_L",
      "O-225_L",
      "O-210_L",
      "I-72_U",
      "I-51_U",
      "I-63_U",
      "I-157_U",
      "O-175_L",
      "I-136_U",
      "I-164_U",
      "I-24_U",
      "I-176_U"
    ],
    "f_3:3,4:1": [
      "O-218_L"
    ]
  },
  "modes": {
    "O-90_L": {
      "f_3:3": 4
    },
    "O-137_L": {
      "f_3:3": 3
    },
    "I-209_U": {
      "f_3:3": 2,
      "f_3:2": 3
    },
    "O-218_L": {
      "f_3:2,4:1": 6,
      "f_3:1,4:1": 8,
      "f_3:3,4:1": 4
    },
    "O-50_L": {
      "f_3:3": 3,
      "f_3:2": 4
    },
    "O-71_L": {
      "f_3:3": 3,
      "f_3:2": 5
    },
    "O-77_L": {
      "f_3:1,4:1": 4,
      "f_3:1,4:2": 3
    },
    "O-214_L": {
      "f_3:3": 3,
      "f_3:2": 5
    },
    "O-54_L": {
      "f_3:2,4:1": 4,
      "f_3:2,4:2": 3
    },
    "O-56_L": {
      "f_3:2,4:1": 3,
      "f_3:1,4:1": 4
    },
    "O-210_L": {
      "f_3:3": 3,
      "f_3:2": 4
    },
    "O-37_L": {
      "f_3:2,4:1": 4,
      "f_3:2,4:2": 3
    },
    "I-202_U": {
      "f_3:2,4:1": 5,
      "f_3:2,4:2": 3
    },
    "O-58_L": {
      "f_3:1,4:1": 4,
      "f_3:1,4:2": 3
    },
    "I-72_U": {
      "f_3:3": 3,
      "f_3:2": 5
    },
    "I-51_U": {
      "f_3:2": 3
    },
    "I-116_U": {
      "f_3:2,4:1": 4,
      "f_3:2,4:2": 3,
      "f_3:1,4:1": 5
    },
    "I-91_U": {
      "f_3:3": 3
    },
    "O-106_L": {
      "f_3:2,4:1": 3,
      "f_3:1,4:1": 4
    },
    "I-157_U": {
      "f_3:2": 2
    },
    "I-136_U": {
      "f_3:2": 3
    },
    "I-78_U": {
      "f_3:2,4:1": 4,
      "f_3:2,4:2": 3,
      "f_3:1,4:1": 5
    },
    "I-14_U": {
      "f_3:2,4:2,5:2": 6,
      "f_3:2,4:1,5:1": 9
    },
    "I-176_U": {
      "f_3:3": 3,
      "f_3:2": 4
    },
    "I-172_U": {
      "f_3:2,4:1": 3,
      "f_3:1,4:1": 4
    },
    "O-62_L": {
      "f_3:3": 3,
      "f_3:2": 5
    },
    "O-44_L": {
      "f_3:2,4:1": 4,
      "f_3:2,4:2": 3
    },
    "O-225_L": {
      "f_3:3": 3,
      "f_3:2": 6
    },
    "O-46_L": {
      "f_3:2,4:2,5:2": 5,
      "f_3:2,4:1,5:1": 9
    },
    "O-201_L": {
      "f_3:1,4:1": 3
    },
    "O-49_L": {
      "f_3:2,4:1": 3
    },
    "I-63_U": {
      "f_3:3": 3,
      "f_3:2": 4
    },
    "I-82_U": {
      "f_3:2,4:1": 3,
      "f_3:1,4:1": 5
    },
    "I-20_U": {
      "f_3:2,4:1": 5,
      "f_3:2,4:2": 3,
      "f_3:1,4:1": 6
    },
    "O-170_L": {
      "f_3:2,4:1": 3,
      "f_3:1,4:1": 5
    },
    "O-175_L": {
      "f_3:3": 3,
      "f_3:2": 4
    },
    "I-164_U": {
      "f_3:3": 3,
      "f_3:2": 4
    },
    "I-24_U": {
      "f_3:3": 3,
      "f_3:2": 4
    },
    "I-45_U": {
      "f_3:2,4:1": 4,
      "f_3:2,4:2": 3
    },
    "O-174_L": {
      "f_3:2,4:1": 6,
      "f_3:2,4:2": 3
    }
  },
  "depot": "depot",
  "instants": [
    95,
    96,
    97,
    98,
    99,
    100,
    101,
    102,
    103,
    104,
    105,
    106,
    107,
    108,
    109,
    110,
    111,
    112,
    113,
    114,
    115,
    116,
    117,
    118,
    119,
    120,
    121,
    122,
    123,
    124,
    125,
    126,
    127,
    128,
    129,
    130,
    131,
    132
  ],
  "begin_horizon": 95,
  "end_horizon": 133,
  "earliest_start": {
    "O-90_L": 120,
    "O-137_L": 106,
    "I-209_U": 104,
    "O-218_L": 101,
    "O-50_L": 117,
    "O-71_L": 119,
    "O-77_L": 113,
    "O-214_L": 101,
    "O-54_L": 102,
    "O-56_L": 102,
    "O-210_L": 115,
    "O-37_L": 108,
    "I-202_U": 111,
    "O-58_L": 112,
    "I-72_U": 113,
    "I-51_U": 113,
    "I-116_U": 114,
    "I-91_U": 117,
    "O-106_L": 107,
    "I-157_U": 117,
    "I-136_U": 103,
    "I-78_U": 100,
    "I-14_U": 119,
    "I-176_U": 113,
    "I-172_U": 113,
    "O-62_L": 117,
    "O-44_L": 111,
    "O-225_L": 103,
    "O-46_L": 113,
    "O-201_L": 116,
    "O-49_L": 97,
    "I-63_U": 112,
    "I-82_U": 117,
    "I-20_U": 105,
    "O-170_L": 98,
    "O-175_L": 118,
    "I-164_U": 119,
    "I-24_U": 119,
    "I-45_U": 105,
    "O-174_L": 98
  },
  "latest_start": {
    "O-90_L": 121,
    "O-137_L": 106,
    "I-209_U": 106,
    "O-218_L": 105,
    "O-50_L": 119,
    "O-71_L": 121,
    "O-77_L": 115,
    "O-214_L": 104,
    "O-54_L": 103,
    "O-56_L": 104,
    "O-210_L": 117,
    "O-37_L": 110,
    "I-202_U": 113,
    "O-58_L": 114,
    "I-72_U": 116,
    "I-51_U": 114,
    "I-116_U": 116,
    "I-91_U": 117,
    "O-106_L": 108,
    "I-157_U": 119,
    "I-136_U": 103,
    "I-78_U": 102,
    "I-14_U": 123,
    "I-176_U": 114,
    "I-172_U": 114,
    "O-62_L": 119,
    "O-44_L": 113,
    "O-225_L": 106,
    "O-46_L": 118,
    "O-201_L": 118,
    "O-49_L": 98,
    "I-63_U": 114,
    "I-82_U": 119,
    "I-20_U": 108,
    "O-170_L": 100,
    "O-175_L": 120,
    "I-164_U": 120,
    "I-24_U": 121,
    "I-45_U": 107,
    "O-174_L": 101
  },
  "weights": {
    "O-90_L": 1,
    "O-137_L": 1,
    "I-209_U": 1,
    "O-218_L": 1,
    "O-50_L": 1,
    "O-71_L": 1,
    "O-77_L": 1,
    "O-214_L": 1,
    "O-54_L": 1,
    "O-56_L": 1,
    "O-210_L": 1,
    "O-37_L": 1,
    "I-202_U": 1,
    "O-58_L": 1,
    "I-72_U": 1,
    "I-51_U": 1,
    "I-116_U": 1,
    "I-91_U": 1,
    "O-106_L": 1,
    "I-157_U": 1,
    "I-136_U": 1,
    "I-78_U": 1,
    "I-14_U": 1,
    "I-176_U": 1,
    "I-172_U": 1,
    "O-62_L": 1,
    "O-44_L": 1,
    "O-225_L": 1,
    "O-46_L": 1,
    "O-201_L": 1,
    "O-49_L": 1,
    "I-63_U": 1,
    "I-82_U": 1,
    "I-20_U": 1,
    "O-170_L": 1,
    "O-175_L": 1,
    "I-164_U": 1,
    "I-24_U": 1,
    "I-45_U": 1,
    "O-174_L": 1
  },
  "workers_w_d": {
    "3": 27,
    "4": 8,
    "5": 2
  },
  "earliest_finish": {
    "O-90_L": 124,
    "O-137_L": 109,
    "I-209_U": 106,
    "O-218_L": 105,
    "O-50_L": 120,
    "O-71_L": 122,
    "O-77_L": 116,
    "O-214_L": 104,
    "O-54_L": 105,
    "O-56_L": 105,
    "O-210_L": 118,
    "O-37_L": 111,
    "I-202_U": 114,
    "O-58_L": 115,
    "I-72_U": 116,
    "I-51_U": 116,
    "I-116_U": 117,
    "I-91_U": 120,
    "O-106_L": 110,
    "I-157_U": 119,
    "I-136_U": 106,
    "I-78_U": 103,
    "I-14_U": 125,
    "I-176_U": 116,
    "I-172_U": 116,
    "O-62_L": 120,
    "O-44_L": 114,
    "O-225_L": 106,
    "O-46_L": 118,
    "O-201_L": 119,
    "O-49_L": 100,
    "I-63_U": 115,
    "I-82_U": 120,
    "I-20_U": 108,
    "O-170_L": 101,
    "O-175_L": 121,
    "I-164_U": 122,
    "I-24_U": 122,
    "I-45_U": 108,
    "O-174_L": 101
  },
  "formations": {
    "f_3:2,4:1": {
      "3": 2,
      "4": 1
    },
    "f_3:1,4:1": {
      "3": 1,
      "4": 1
    },
    "f_3:2,4:2": {
      "3": 2,
      "4": 2
    },
    "f_3:1,4:2": {
      "3": 1,
      "4": 2
    },
    "f_3:3": {
      "3": 3
    },
    "f_3:2,4:2,5:2": {
      "3": 2,
      "4": 2,
      "5": 2
    },
    "f_3:2,4:1,5:1": {
      "3": 2,
      "4": 1,
      "5": 1
    },
    "f_3:2": {
      "3": 2
    },
    "f_3:3,4:1": {
      "3": 3,
      "4": 1
    }
  },
  "modesSpeedID": {
    "O-90_L": {
      "f_3:3": "f"
    },
    "O-137_L": {
      "f_3:3": "f"
    },
    "I-209_U": {
      "f_3:3": "f",
      "f_3:2": "s"
    },
    "O-218_L": {
      "f_3:2,4:1": "i",
      "f_3:1,4:1": "s",
      "f_3:3,4:1": "f"
    },
    "O-50_L": {
      "f_3:3": "f",
      "f_3:2": "s"
    },
    "O-71_L": {
      "f_3:3": "f",
      "f_3:2": "s"
    },
    "O-77_L": {
      "f_3:1,4:1": "s",
      "f_3:1,4:2": "f"
    },
    "O-214_L": {
      "f_3:3": "f",
      "f_3:2": "s"
    },
    "O-54_L": {
      "f_3:2,4:1": "i",
      "f_3:2,4:2": "f"
    },
    "O-56_L": {
      "f_3:2,4:1": "f",
      "f_3:1,4:1": "s"
    },
    "O-210_L": {
      "f_3:3": "f",
      "f_3:2": "s"
    },
    "O-37_L": {
      "f_3:2,4:1": "i",
      "f_3:2,4:2": "f"
    },
    "I-202_U": {
      "f_3:2,4:1": "i",
      "f_3:2,4:2": "f"
    },
    "O-58_L": {
      "f_3:1,4:1": "s",
      "f_3:1,4:2": "f"
    },
    "I-72_U": {
      "f_3:3": "f",
      "f_3:2": "s"
    },
    "I-51_U": {
      "f_3:2": "s"
    },
    "I-116_U": {
      "f_3:2,4:1": "i",
      "f_3:2,4:2": "f",
      "f_3:1,4:1": "s"
    },
    "I-91_U": {
      "f_3:3": "f"
    },
    "O-106_L": {
      "f_3:2,4:1": "f",
      "f_3:1,4:1": "s"
    },
    "I-157_U": {
      "f_3:2": "s"
    },
    "I-136_U": {
      "f_3:2": "s"
    },
    "I-78_U": {
      "f_3:2,4:1": "i",
      "f_3:2,4:2": "f",
      "f_3:1,4:1": "s"
    },
    "I-14_U": {
      "f_3:2,4:2,5:2": "f",
      "f_3:2,4:1,5:1": "i"
    },
    "I-176_U": {
      "f_3:3": "f",
      "f_3:2": "s"
    },
    "I-172_U": {
      "f_3:2,4:1": "f",
      "f_3:1,4:1": "s"
    },
    "O-62_L": {
      "f_3:3": "f",
      "f_3:2": "s"
    },
    "O-44_L": {
      "f_3:2,4:1": "i",
      "f_3:2,4:2": "f"
    },
    "O-225_L": {
      "f_3:3": "f",
      "f_3:2": "s"
    },
    "O-46_L": {
      "f_3:2,4:2,5:2": "f",
      "f_3:2,4:1,5:1": "i"
    },
    "O-201_L": {
      "f_3:1,4:1": "s"
    },
    "O-49_L": {
      "f_3:2,4:1": "i"
    },
    "I-63_U": {
      "f_3:3": "f",
      "f_3:2": "s"
    },
    "I-82_U": {
      "f_3:2,4:1": "f",
      "f_3:1,4:1": "s"
    },
    "I-20_U": {
      "f_3:2,4:1": "i",
      "f_3:2,4:2": "f",
      "f_3:1,4:1": "s"
    },
    "O-170_L": {
      "f_3:2,4:1": "f",
      "f_3:1,4:1": "s"
    },
    "O-175_L": {
      "f_3:3": "f",
      "f_3:2": "s"
    },
    "I-164_U": {
      "f_3:3": "f",
      "f_3:2": "s"
    },
    "I-24_U": {
      "f_3:3": "f",
      "f_3:2": "s"
    },
    "I-45_U": {
      "f_3:2,4:1": "i",
      "f_3:2,4:2": "f"
    },
    "O-174_L": {
      "f_3:2,4:1": "i",
      "f_3:2,4:2": "f"
    }
  },
  "formations_w_d": {
    "f_3:2,4:1": {
      "3": 3,
      "4": 1
    },
    "f_3:1,4:1": {
      "3": 2,
      "4": 1
    },
    "f_3:2,4:2": {
      "3": 4,
      "4": 2
    },
    "f_3:1,4:2": {
      "3": 3,
      "4": 2
    },
    "f_3:3": {
      "3": 3
    },
    "f_3:2,4:2,5:2": {
      "3": 6,
      "4": 4,
      "5": 2
    },
    "f_3:2,4:1,5:1": {
      "3": 4,
      "4": 2,
      "5": 1
    },
    "f_3:2": {
      "3": 2
    },
    "f_3:3,4:1": {
      "3": 4,
      "4": 1
    }
  },
  "latest_finish": {
    "O-90_L": 125,
    "O-137_L": 109,
    "I-209_U": 108,
    "O-218_L": 109,
    "O-50_L": 122,
    "O-71_L": 124,
    "O-77_L": 118,
    "O-214_L": 107,
    "O-54_L": 106,
    "O-56_L": 107,
    "O-210_L": 120,
    "O-37_L": 113,
    "I-202_U": 116,
    "O-58_L": 117,
    "I-72_U": 119,
    "I-51_U": 117,
    "I-116_U": 119,
    "I-91_U": 120,
    "O-106_L": 111,
    "I-157_U": 121,
    "I-136_U": 106,
    "I-78_U": 105,
    "I-14_U": 129,
    "I-176_U": 117,
    "I-172_U": 117,
    "O-62_L": 122,
    "O-44_L": 116,
    "O-225_L": 109,
    "O-46_L": 123,
    "O-201_L": 121,
    "O-49_L": 101,
    "I-63_U": 117,
    "I-82_U": 122,
    "I-20_U": 111,
    "O-170_L": 103,
    "O-175_L": 123,
    "I-164_U": 123,
    "I-24_U": 124,
    "I-45_U": 110,
    "O-174_L": 104
  },
  "travel_times": {
    "O-90_L": {
      "O-90_L": 0,
      "O-137_L": 3,
      "depot": 3,
      "I-209_U": 3,
      "O-218_L": 2,
      "O-50_L": 2,
      "O-71_L": 1,
      "O-77_L": 2,
      "O-214_L": 2,
      "O-54_L": 2,
      "O-56_L": 2,
      "O-210_L": 3,
      "O-37_L": 2,
      "I-202_U": 0,
      "O-58_L": 2,
      "I-72_U": 1,
      "I-51_U": 2,
      "I-116_U": 2,
      "I-91_U": 0,
      "O-106_L": 2,
      "I-157_U": 2,
      "I-136_U": 3,
      "I-78_U": 2,
      "I-14_U": 0,
      "I-176_U": 2,
      "I-172_U": 2,
      "O-62_L": 1,
      "O-44_L": 2,
      "O-225_L": 2,
      "O-46_L": 2,
      "O-201_L": 0,
      "O-49_L": 2,
      "I-63_U": 1,
      "I-82_U": 2,
      "I-20_U": 3,
      "O-170_L": 2,
      "O-175_L": 2,
      "I-164_U": 2,
      "I-24_U": 2,
      "I-45_U": 2,
      "O-174_L": 3
    },
    "O-137_L": {
      "O-90_L": 3,
      "O-137_L": 0,
      "depot": 0,
      "I-209_U": 0,
      "O-218_L": 1,
      "O-50_L": 1,
      "O-71_L": 3,
      "O-77_L": 2,
      "O-214_L": 1,
      "O-54_L": 2,
      "O-56_L": 2,
      "O-210_L": 0,
      "O-37_L": 1,
      "I-202_U": 3,
      "O-58_L": 1,
      "I-72_U": 3,
      "I-51_U": 1,
      "I-116_U": 1,
      "I-91_U": 3,
      "O-106_L": 1,
      "I-157_U": 1,
      "I-136_U": 0,
      "I-78_U": 2,
      "I-14_U": 3,
      "I-176_U": 1,
      "I-172_U": 1,
      "O-62_L": 3,
      "O-44_L": 1,
      "O-225_L": 1,
      "O-46_L": 1,
      "O-201_L": 3,
      "O-49_L": 2,
      "I-63_U": 3,
      "I-82_U": 1,
      "I-20_U": 1,
      "O-170_L": 2,
      "O-175_L": 1,
      "I-164_U": 1,
      "I-24_U": 2,
      "I-45_U": 1,
      "O-174_L": 1
    },
    "depot": {
      "O-90_L": 3,
      "O-137_L": 0,
      "I-209_U": 0,
      "O-218_L": 1,
      "O-50_L": 1,
      "O-71_L": 3,
      "O-77_L": 2,
      "O-214_L": 1,
      "O-54_L": 2,
      "O-56_L": 2,
      "O-210_L": 0,
      "O-37_L": 1,
      "I-202_U": 3,
      "O-58_L": 1,
      "I-72_U": 3,
      "I-51_U": 1,
      "I-116_U": 1,
      "I-91_U": 3,
      "O-106_L": 1,
      "I-157_U": 1,
      "I-136_U": 0,
      "I-78_U": 2,
      "I-14_U": 3,
      "I-176_U": 1,
      "I-172_U": 1,
      "O-62_L": 3,
      "O-44_L": 1,
      "O-225_L": 1,
      "O-46_L": 1,
      "O-201_L": 3,
      "O-49_L": 2,
      "I-63_U": 3,
      "I-82_U": 1,
      "I-20_U": 1,
      "O-170_L": 2,
      "O-175_L": 1,
      "I-164_U": 1,
      "I-24_U": 2,
      "I-45_U": 1,
      "O-174_L": 1
    },
    "I-209_U": {
      "O-90_L": 3,
      "O-137_L": 0,
      "depot": 0,
      "I-209_U": 0,
      "O-218_L": 1,
      "O-50_L": 1,
      "O-71_L": 3,
      "O-77_L": 2,
      "O-214_L": 1,
      "O-54_L": 2,
      "O-56_L": 2,
      "O-210_L": 0,
      "O-37_L": 1,
      "I-202_U": 3,
      "O-58_L": 1,
      "I-72_U": 3,
      "I-51_U": 1,
      "I-116_U": 1,
      "I-91_U": 3,
      "O-106_L": 1,
      "I-157_U": 1,
      "I-136_U": 0,
      "I-78_U": 2,
      "I-14_U": 3,
      "I-176_U": 1,
      "I-172_U": 1,
      "O-62_L": 3,
      "O-44_L": 1,
      "O-225_L": 1,
      "O-46_L": 1,
      "O-201_L": 3,
      "O-49_L": 2,
      "I-63_U": 3,
      "I-82_U": 1,
      "I-20_U": 1,
      "O-170_L": 2,
      "O-175_L": 1,
      "I-164_U": 1,
      "I-24_U": 2,
      "I-45_U": 1,
      "O-174_L": 1
    },
    "O-218_L": {
      "O-90_L": 2,
      "O-137_L": 1,
      "depot": 1,
      "I-209_U": 1,
      "O-218_L": 0,
      "O-50_L": 1,
      "O-71_L": 2,
      "O-77_L": 1,
      "O-214_L": 1,
      "O-54_L": 1,
      "O-56_L": 1,
      "O-210_L": 1,
      "O-37_L": 1,
      "I-202_U": 2,
      "O-58_L": 1,
      "I-72_U": 2,
      "I-51_U": 1,
      "I-116_U": 1,
      "I-91_U": 2,
      "O-106_L": 0,
      "I-157_U": 1,
      "I-136_U": 1,
      "I-78_U": 1,
      "I-14_U": 2,
      "I-176_U": 1,
      "I-172_U": 1,
      "O-62_L": 2,
      "O-44_L": 1,
      "O-225_L": 1,
      "O-46_L": 1,
      "O-201_L": 2,
      "O-49_L": 1,
      "I-63_U": 2,
      "I-82_U": 1,
      "I-20_U": 1,
      "O-170_L": 1,
      "O-175_L": 1,
      "I-164_U": 1,
      "I-24_U": 1,
      "I-45_U": 1,
      "O-174_L": 1
    },
    "O-50_L": {
      "O-90_L": 2,
      "O-137_L": 1,
      "depot": 1,
      "I-209_U": 1,
      "O-218_L": 1,
      "O-50_L": 0,
      "O-71_L": 3,
      "O-77_L": 1,
      "O-214_L": 1,
      "O-54_L": 1,
      "O-56_L": 1,
      "O-210_L": 1,
      "O-37_L": 1,
      "I-202_U": 2,
      "O-58_L": 1,
      "I-72_U": 3,
      "I-51_U": 0,
      "I-116_U": 1,
      "I-91_U": 2,
      "O-106_L": 1,
      "I-157_U": 1,
      "I-136_U": 1,
      "I-78_U": 1,
      "I-14_U": 2,
      "I-176_U": 1,
      "I-172_U": 1,
      "O-62_L": 2,
      "O-44_L": 1,
      "O-225_L": 1,
      "O-46_L": 1,
      "O-201_L": 2,
      "O-49_L": 1,
      "I-63_U": 2,
      "I-82_U": 1,
      "I-20_U": 1,
      "O-170_L": 1,
      "O-175_L": 1,
      "I-164_U": 1,
      "I-24_U": 1,
      "I-45_U": 1,
      "O-174_L": 1
    },
    "O-71_L": {
      "O-90_L": 1,
      "O-137_L": 3,
      "depot": 3,
      "I-209_U": 3,
      "O-218_L": 2,
      "O-50_L": 3,
      "O-71_L": 0,
      "O-77_L": 2,
      "O-214_L": 3,
      "O-54_L": 2,
      "O-56_L": 2,
      "O-210_L": 3,
      "O-37_L": 2,
      "I-202_U": 1,
      "O-58_L": 2,
      "I-72_U": 0,
      "I-51_U": 3,
      "I-116_U": 3,
      "I-91_U": 1,
      "O-106_L": 2,
      "I-157_U": 3,
      "I-136_U": 3,
      "I-78_U": 2,
      "I-14_U": 1,
      "I-176_U": 2,
      "I-172_U": 2,
      "O-62_L": 1,
      "O-44_L": 2,
      "O-225_L": 2,
      "O-46_L": 2,
      "O-201_L": 1,
      "O-49_L": 2,
      "I-63_U": 1,
      "I-82_U": 2,
      "I-20_U": 3,
      "O-170_L": 2,
      "O-175_L": 2,
      "I-164_U": 3,
      "I-24_U": 2,
      "I-45_U": 2,
      "O-174_L": 3
    },
    "O-77_L": {
      "O-90_L": 2,
      "O-137_L": 2,
      "depot": 2,
      "I-209_U": 2,
      "O-218_L": 1,
      "O-50_L": 1,
      "O-71_L": 2,
      "O-77_L": 0,
      "O-214_L": 1,
      "O-54_L": 1,
      "O-56_L": 1,
      "O-210_L": 2,
      "O-37_L": 1,
      "I-202_U": 2,
      "O-58_L": 1,
      "I-72_U": 2,
      "I-51_U": 1,
      "I-116_U": 1,
      "I-91_U": 2,
      "O-106_L": 1,
      "I-157_U": 1,
      "I-136_U": 2,
      "I-78_U": 0,
      "I-14_U": 2,
      "I-176_U": 1,
      "I-172_U": 1,
      "O-62_L": 2,
      "O-44_L": 1,
      "O-225_L": 1,
      "O-46_L": 1,
      "O-201_L": 2,
      "O-49_L": 1,
      "I-63_U": 2,
      "I-82_U": 1,
      "I-20_U": 2,
      "O-170_L": 1,
      "O-175_L": 1,
      "I-164_U": 2,
      "I-24_U": 1,
      "I-45_U": 1,
      "O-174_L": 2
    },
    "O-214_L": {
      "O-90_L": 2,
      "O-137_L": 1,
      "depot": 1,
      "I-209_U": 1,
      "O-218_L": 1,
      "O-50_L": 1,
      "O-71_L": 3,
      "O-77_L": 1,
      "O-214_L": 0,
      "O-54_L": 1,
      "O-56_L": 1,
      "O-210_L": 1,
      "O-37_L": 1,
      "I-202_U": 2,
      "O-58_L": 1,
      "I-72_U": 3,
      "I-51_U": 1,
      "I-116_U": 1,
      "I-91_U": 2,
      "O-106_L": 1,
      "I-157_U": 1,
      "I-136_U": 1,
      "I-78_U": 1,
      "I-14_U": 2,
      "I-176_U": 1,
      "I-172_U": 1,
      "O-62_L": 2,
      "O-44_L": 1,
      "O-225_L": 1,
      "O-46_L": 1,
      "O-201_L": 2,
      "O-49_L": 1,
      "I-63_U": 2,
      "I-82_U": 1,
      "I-20_U": 1,
      "O-170_L": 1,
      "O-175_L": 1,
      "I-164_U": 1,
      "I-24_U": 1,
      "I-45_U": 1,
      "O-174_L": 1
    },
    "O-54_L": {
      "O-90_L": 2,
      "O-137_L": 2,
      "depot": 2,
      "I-209_U": 2,
      "O-218_L": 1,
      "O-50_L": 1,
      "O-71_L": 2,
      "O-77_L": 1,
      "O-214_L": 1,
      "O-54_L": 0,
      "O-56_L": 1,
      "O-210_L": 2,
      "O-37_L": 1,
      "I-202_U": 2,
      "O-58_L": 1,
      "I-72_U": 2,
      "I-51_U": 1,
      "I-116_U": 1,
      "I-91_U": 2,
      "O-106_L": 1,
      "I-157_U": 1,
      "I-136_U": 2,
      "I-78_U": 1,
      "I-14_U": 2,
      "I-176_U": 1,
      "I-172_U": 1,
      "O-62_L": 2,
      "O-44_L": 1,
      "O-225_L": 1,
      "O-46_L": 1,
      "O-201_L": 2,
      "O-49_L": 0,
      "I-63_U": 2,
      "I-82_U": 1,
      "I-20_U": 2,
      "O-170_L": 0,
      "O-175_L": 1,
      "I-164_U": 2,
      "I-24_U": 1,
      "I-45_U": 1,
      "O-174_L": 2
    },
    "O-56_L": {
      "O-90_L": 2,
      "O-137_L": 2,
      "depot": 2,
      "I-209_U": 2,
      "O-218_L": 1,
      "O-50_L": 1,
      "O-71_L": 2,
      "O-77_L": 1,
      "O-214_L": 1,
      "O-54_L": 1,
      "O-56_L": 0,
      "O-210_L": 2,
      "O-37_L": 1,
      "I-202_U": 2,
      "O-58_L": 1,
      "I-72_U": 2,
      "I-51_U": 1,
      "I-116_U": 1,
      "I-91_U": 2,
      "O-106_L": 1,
      "I-157_U": 1,
      "I-136_U": 2,
      "I-78_U": 1,
      "I-14_U": 2,
      "I-176_U": 1,
      "I-172_U": 1,
      "O-62_L": 2,
      "O-44_L": 1,
      "O-225_L": 1,
      "O-46_L": 1,
      "O-201_L": 2,
      "O-49_L": 1,
      "I-63_U": 2,
      "I-82_U": 1,
      "I-20_U": 2,
      "O-170_L": 1,
      "O-175_L": 1,
      "I-164_U": 2,
      "I-24_U": 1,
      "I-45_U": 1,
      "O-174_L": 2
    },
    "O-210_L": {
      "O-90_L": 3,
      "O-137_L": 0,
      "depot": 0,
      "I-209_U": 0,
      "O-218_L": 1,
      "O-50_L": 1,
      "O-71_L": 3,
      "O-77_L": 2,
      "O-214_L": 1,
      "O-54_L": 2,
      "O-56_L": 2,
      "O-210_L": 0,
      "O-37_L": 1,
      "I-202_U": 3,
      "O-58_L": 1,
      "I-72_U": 3,
      "I-51_U": 1,
      "I-116_U": 1,
      "I-91_U": 3,
      "O-106_L": 1,
      "I-157_U": 1,
      "I-136_U": 0,
      "I-78_U": 2,
      "I-14_U": 3,
      "I-176_U": 1,
      "I-172_U": 1,
      "O-62_L": 3,
      "O-44_L": 1,
      "O-225_L": 1,
      "O-46_L": 1,
      "O-201_L": 3,
      "O-49_L": 2,
      "I-63_U": 3,
      "I-82_U": 1,
      "I-20_U": 1,
      "O-170_L": 2,
      "O-175_L": 1,
      "I-164_U": 1,
      "I-24_U": 2,
      "I-45_U": 1,
      "O-174_L": 1
    },
    "O-37_L": {
      "O-90_L": 2,
      "O-137_L": 1,
      "depot": 1,
      "I-209_U": 1,
      "O-218_L": 1,
      "O-50_L": 1,
      "O-71_L": 2,
      "O-77_L": 1,
      "O-214_L": 1,
      "O-54_L": 1,
      "O-56_L": 1,
      "O-210_L": 1,
      "O-37_L": 0,
      "I-202_U": 2,
      "O-58_L": 1,
      "I-72_U": 2,
      "I-51_U": 1,
      "I-116_U": 1,
      "I-91_U": 2,
      "O-106_L": 1,
      "I-157_U": 1,
      "I-136_U": 1,
      "I-78_U": 1,
      "I-14_U": 2,
      "I-176_U": 1,
      "I-172_U": 1,
      "O-62_L": 2,
      "O-44_L": 1,
      "O-225_L": 0,
      "O-46_L": 0,
      "O-201_L": 2,
      "O-49_L": 1,
      "I-63_U": 2,
      "I-82_U": 1,
      "I-20_U": 1,
      "O-170_L": 1,
      "O-175_L": 1,
      "I-164_U": 1,
      "I-24_U": 1,
      "I-45_U": 1,
      "O-174_L": 1
    },
    "I-202_U": {
      "O-90_L": 0,
      "O-137_L": 3,
      "depot": 3,
      "I-209_U": 3,
      "O-218_L": 2,
      "O-50_L": 2,
      "O-71_L": 1,
      "O-77_L": 2,
      "O-214_L": 2,
      "O-54_L": 2,
      "O-56_L": 2,
      "O-210_L": 3,
      "O-37_L": 2,
      "I-202_U": 0,
      "O-58_L": 2,
      "I-72_U": 1,
      "I-51_U": 2,
      "I-116_U": 2,
      "I-91_U": 0,
      "O-106_L": 2,
      "I-157_U": 2,
      "I-136_U": 3,
      "I-78_U": 2,
      "I-14_U": 0,
      "I-176_U": 2,
      "I-172_U": 2,
      "O-62_L": 1,
      "O-44_L": 2,
      "O-225_L": 2,
      "O-46_L": 2,
      "O-201_L": 0,
      "O-49_L": 2,
      "I-63_U": 1,
      "I-82_U": 2,
      "I-20_U": 3,
      "O-170_L": 2,
      "O-175_L": 2,
      "I-164_U": 2,
      "I-24_U": 2,
      "I-45_U": 2,
      "O-174_L": 3
    },
    "O-58_L": {
      "O-90_L": 2,
      "O-137_L": 1,
      "depot": 1,
      "I-209_U": 1,
      "O-218_L": 1,
      "O-50_L": 1,
      "O-71_L": 2,
      "O-77_L": 1,
      "O-214_L": 1,
      "O-54_L": 1,
      "O-56_L": 1,
      "O-210_L": 1,
      "O-37_L": 1,
      "I-202_U": 2,
      "O-58_L": 0,
      "I-72_U": 2,
      "I-51_U": 1,
      "I-116_U": 1,
      "I-91_U": 2,
      "O-106_L": 1,
      "I-157_U": 1,
      "I-136_U": 1,
      "I-78_U": 1,
      "I-14_U": 2,
      "I-176_U": 1,
      "I-172_U": 1,
      "O-62_L": 2,
      "O-44_L": 1,
      "O-225_L": 1,
      "O-46_L": 1,
      "O-201_L": 2,
      "O-49_L": 1,
      "I-63_U": 2,
      "I-82_U": 1,
      "I-20_U": 2,
      "O-170_L": 1,
      "O-175_L": 1,
      "I-164_U": 1,
      "I-24_U": 1,
      "I-45_U": 1,
      "O-174_L": 2
    },
    "I-72_U": {
      "O-90_L": 1,
      "O-137_L": 3,
      "depot": 3,
      "I-209_U": 3,
      "O-218_L": 2,
      "O-50_L": 3,
      "O-71_L": 0,
      "O-77_L": 2,
      "O-214_L": 3,
      "O-54_L": 2,
      "O-56_L": 2,
      "O-210_L": 3,
      "O-37_L": 2,
      "I-202_U": 1,
      "O-58_L": 2,
      "I-72_U": 0,
      "I-51_U": 3,
      "I-116_U": 3,
      "I-91_U": 1,
      "O-106_L": 2,
      "I-157_U": 3,
      "I-136_U": 3,
      "I-78_U": 2,
      "I-14_U": 1,
      "I-176_U": 2,
      "I-172_U": 2,
      "O-62_L": 1,
      "O-44_L": 2,
      "O-225_L": 2,
      "O-46_L": 2,
      "O-201_L": 1,
      "O-49_L": 2,
      "I-63_U": 1,
      "I-82_U": 2,
      "I-20_U": 3,
      "O-170_L": 2,
      "O-175_L": 2,
      "I-164_U": 3,
      "I-24_U": 2,
      "I-45_U": 2,
      "O-174_L": 3
    },
    "I-51_U": {
      "O-90_L": 2,
      "O-137_L": 1,
      "depot": 1,
      "I-209_U": 1,
      "O-218_L": 1,
      "O-50_L": 0,
      "O-71_L": 3,
      "O-77_L": 1,
      "O-214_L": 1,
      "O-54_L": 1,
      "O-56_L": 1,
      "O-210_L": 1,
      "O-37_L": 1,
      "I-202_U": 2,
      "O-58_L": 1,
      "I-72_U": 3,
      "I-51_U": 0,
      "I-116_U": 1,
      "I-91_U": 2,
      "O-106_L": 1,
      "I-157_U": 1,
      "I-136_U": 1,
      "I-78_U": 1,
      "I-14_U": 2,
      "I-176_U": 1,
      "I-172_U": 1,
      "O-62_L": 2,
      "O-44_L": 1,
      "O-225_L": 1,
      "O-46_L": 1,
      "O-201_L": 2,
      "O-49_L": 1,
      "I-63_U": 2,
      "I-82_U": 1,
      "I-20_U": 1,
      "O-170_L": 1,
      "O-175_L": 1,
      "I-164_U": 1,
      "I-24_U": 1,
      "I-45_U": 1,
      "O-174_L": 1
    },
    "I-116_U": {
      "O-90_L": 2,
      "O-137_L": 1,
      "depot": 1,
      "I-209_U": 1,
      "O-218_L": 1,
      "O-50_L": 1,
      "O-71_L": 3,
      "O-77_L": 1,
      "O-214_L": 1,
      "O-54_L": 1,
      "O-56_L": 1,
      "O-210_L": 1,
      "O-37_L": 1,
      "I-202_U": 2,
      "O-58_L": 1,
      "I-72_U": 3,
      "I-51_U": 1,
      "I-116_U": 0,
      "I-91_U": 2,
      "O-106_L": 1,
      "I-157_U": 0,
      "I-136_U": 1,
      "I-78_U": 1,
      "I-14_U": 2,
      "I-176_U": 1,
      "I-172_U": 1,
      "O-62_L": 2,
      "O-44_L": 1,
      "O-225_L": 1,
      "O-46_L": 1,
      "O-201_L": 2,
      "O-49_L": 1,
      "I-63_U": 2,
      "I-82_U": 1,
      "I-20_U": 1,
      "O-170_L": 1,
      "O-175_L": 1,
      "I-164_U": 1,
      "I-24_U": 1,
      "I-45_U": 1,
      "O-174_L": 1
    },
    "I-91_U": {
      "O-90_L": 0,
      "O-137_L": 3,
      "depot": 3,
      "I-209_U": 3,
      "O-218_L": 2,
      "O-50_L": 2,
      "O-71_L": 1,
      "O-77_L": 2,
      "O-214_L": 2,
      "O-54_L": 2,
      "O-56_L": 2,
      "O-210_L": 3,
      "O-37_L": 2,
      "I-202_U": 0,
      "O-58_L": 2,
      "I-72_U": 1,
      "I-51_U": 2,
      "I-116_U": 2,
      "I-91_U": 0,
      "O-106_L": 2,
      "I-157_U": 2,
      "I-136_U": 3,
      "I-78_U": 2,
      "I-14_U": 0,
      "I-176_U": 2,
      "I-172_U": 2,
      "O-62_L": 1,
      "O-44_L": 2,
      "O-225_L": 2,
      "O-46_L": 2,
      "O-201_L": 0,
      "O-49_L": 2,
      "I-63_U": 1,
      "I-82_U": 2,
      "I-20_U": 3,
      "O-170_L": 2,
      "O-175_L": 2,
      "I-164_U": 2,
      "I-24_U": 2,
      "I-45_U": 2,
      "O-174_L": 3
    },
    "O-106_L": {
      "O-90_L": 2,
      "O-137_L": 1,
      "depot": 1,
      "I-209_U": 1,
      "O-218_L": 0,
      "O-50_L": 1,
      "O-71_L": 2,
      "O-77_L": 1,
      "O-214_L": 1,
      "O-54_L": 1,
      "O-56_L": 1,
      "O-210_L": 1,
      "O-37_L": 1,
      "I-202_U": 2,
      "O-58_L": 1,
      "I-72_U": 2,
      "I-51_U": 1,
      "I-116_U": 1,
      "I-91_U": 2,
      "O-106_L": 0,
      "I-157_U": 1,
      "I-136_U": 1,
      "I-78_U": 1,
      "I-14_U": 2,
      "I-176_U": 1,
      "I-172_U": 1,
      "O-62_L": 2,
      "O-44_L": 1,
      "O-225_L": 1,
      "O-46_L": 1,
      "O-201_L": 2,
      "O-49_L": 1,
      "I-63_U": 2,
      "I-82_U": 1,
      "I-20_U": 1,
      "O-170_L": 1,
      "O-175_L": 1,
      "I-164_U": 1,
      "I-24_U": 1,
      "I-45_U": 1,
      "O-174_L": 1
    },
    "I-157_U": {
      "O-90_L": 2,
      "O-137_L": 1,
      "depot": 1,
      "I-209_U": 1,
      "O-218_L": 1,
      "O-50_L": 1,
      "O-71_L": 3,
      "O-77_L": 1,
      "O-214_L": 1,
      "O-54_L": 1,
      "O-56_L": 1,
      "O-210_L": 1,
      "O-37_L": 1,
      "I-202_U": 2,
      "O-58_L": 1,
      "I-72_U": 3,
      "I-51_U": 1,
      "I-116_U": 0,
      "I-91_U": 2,
      "O-106_L": 1,
      "I-157_U": 0,
      "I-136_U": 1,
      "I-78_U": 1,
      "I-14_U": 2,
      "I-176_U": 1,
      "I-172_U": 1,
      "O-62_L": 2,
      "O-44_L": 1,
      "O-225_L": 1,
      "O-46_L": 1,
      "O-201_L": 2,
      "O-49_L": 1,
      "I-63_U": 2,
      "I-82_U": 1,
      "I-20_U": 1,
      "O-170_L": 1,
      "O-175_L": 1,
      "I-164_U": 1,
      "I-24_U": 1,
      "I-45_U": 1,
      "O-174_L": 1
    },
    "I-136_U": {
      "O-90_L": 3,
      "O-137_L": 0,
      "depot": 0,
      "I-209_U": 0,
      "O-218_L": 1,
      "O-50_L": 1,
      "O-71_L": 3,
      "O-77_L": 2,
      "O-214_L": 1,
      "O-54_L": 2,
      "O-56_L": 2,
      "O-210_L": 0,
      "O-37_L": 1,
      "I-202_U": 3,
      "O-58_L": 1,
      "I-72_U": 3,
      "I-51_U": 1,
      "I-116_U": 1,
      "I-91_U": 3,
      "O-106_L": 1,
      "I-157_U": 1,
      "I-136_U": 0,
      "I-78_U": 2,
      "I-14_U": 3,
      "I-176_U": 1,
      "I-172_U": 1,
      "O-62_L": 3,
      "O-44_L": 1,
      "O-225_L": 1,
      "O-46_L": 1,
      "O-201_L": 3,
      "O-49_L": 2,
      "I-63_U": 3,
      "I-82_U": 1,
      "I-20_U": 1,
      "O-170_L": 2,
      "O-175_L": 1,
      "I-164_U": 1,
      "I-24_U": 2,
      "I-45_U": 1,
      "O-174_L": 1
    },
    "I-78_U": {
      "O-90_L": 2,
      "O-137_L": 2,
      "depot": 2,
      "I-209_U": 2,
      "O-218_L": 1,
      "O-50_L": 1,
      "O-71_L": 2,
      "O-77_L": 0,
      "O-214_L": 1,
      "O-54_L": 1,
      "O-56_L": 1,
      "O-210_L": 2,
      "O-37_L": 1,
      "I-202_U": 2,
      "O-58_L": 1,
      "I-72_U": 2,
      "I-51_U": 1,
      "I-116_U": 1,
      "I-91_U": 2,
      "O-106_L": 1,
      "I-157_U": 1,
      "I-136_U": 2,
      "I-78_U": 0,
      "I-14_U": 2,
      "I-176_U": 1,
      "I-172_U": 1,
      "O-62_L": 2,
      "O-44_L": 1,
      "O-225_L": 1,
      "O-46_L": 1,
      "O-201_L": 2,
      "O-49_L": 1,
      "I-63_U": 2,
      "I-82_U": 1,
      "I-20_U": 2,
      "O-170_L": 1,
      "O-175_L": 1,
      "I-164_U": 2,
      "I-24_U": 1,
      "I-45_U": 1,
      "O-174_L": 2
    },
    "I-14_U": {
      "O-90_L": 0,
      "O-137_L": 3,
      "depot": 3,
      "I-209_U": 3,
      "O-218_L": 2,
      "O-50_L": 2,
      "O-71_L": 1,
      "O-77_L": 2,
      "O-214_L": 2,
      "O-54_L": 2,
      "O-56_L": 2,
      "O-210_L": 3,
      "O-37_L": 2,
      "I-202_U": 0,
      "O-58_L": 2,
      "I-72_U": 1,
      "I-51_U": 2,
      "I-116_U": 2,
      "I-91_U": 0,
      "O-106_L": 2,
      "I-157_U": 2,
      "I-136_U": 3,
      "I-78_U": 2,
      "I-14_U": 0,
      "I-176_U": 2,
      "I-172_U": 2,
      "O-62_L": 1,
      "O-44_L": 2,
      "O-225_L": 2,
      "O-46_L": 2,
      "O-201_L": 0,
      "O-49_L": 2,
      "I-63_U": 1,
      "I-82_U": 2,
      "I-20_U": 3,
      "O-170_L": 2,
      "O-175_L": 2,
      "I-164_U": 2,
      "I-24_U": 2,
      "I-45_U": 2,
      "O-174_L": 3
    },
    "I-176_U": {
      "O-90_L": 2,
      "O-137_L": 1,
      "depot": 1,
      "I-209_U": 1,
      "O-218_L": 1,
      "O-50_L": 1,
      "O-71_L": 2,
      "O-77_L": 1,
      "O-214_L": 1,
      "O-54_L": 1,
      "O-56_L": 1,
      "O-210_L": 1,
      "O-37_L": 1,
      "I-202_U": 2,
      "O-58_L": 1,
      "I-72_U": 2,
      "I-51_U": 1,
      "I-116_U": 1,
      "I-91_U": 2,
      "O-106_L": 1,
      "I-157_U": 1,
      "I-136_U": 1,
      "I-78_U": 1,
      "I-14_U": 2,
      "I-176_U": 0,
      "I-172_U": 1,
      "O-62_L": 2,
      "O-44_L": 0,
      "O-225_L": 1,
      "O-46_L": 1,
      "O-201_L": 2,
      "O-49_L": 1,
      "I-63_U": 2,
      "I-82_U": 1,
      "I-20_U": 1,
      "O-170_L": 1,
      "O-175_L": 0,
      "I-164_U": 1,
      "I-24_U": 1,
      "I-45_U": 0,
      "O-174_L": 1
    },
    "I-172_U": {
      "O-90_L": 2,
      "O-137_L": 1,
      "depot": 1,
      "I-209_U": 1,
      "O-218_L": 1,
      "O-50_L": 1,
      "O-71_L": 2,
      "O-77_L": 1,
      "O-214_L": 1,
      "O-54_L": 1,
      "O-56_L": 1,
      "O-210_L": 1,
      "O-37_L": 1,
      "I-202_U": 2,
      "O-58_L": 1,
      "I-72_U": 2,
      "I-51_U": 1,
      "I-116_U": 1,
      "I-91_U": 2,
      "O-106_L": 1,
      "I-157_U": 1,
      "I-136_U": 1,
      "I-78_U": 1,
      "I-14_U": 2,
      "I-176_U": 1,
      "I-172_U": 0,
      "O-62_L": 2,
      "O-44_L": 1,
      "O-225_L": 1,
      "O-46_L": 1,
      "O-201_L": 2,
      "O-49_L": 1,
      "I-63_U": 2,
      "I-82_U": 1,
      "I-20_U": 2,
      "O-170_L": 1,
      "O-175_L": 1,
      "I-164_U": 1,
      "I-24_U": 1,
      "I-45_U": 1,
      "O-174_L": 2
    },
    "O-62_L": {
      "O-90_L": 1,
      "O-137_L": 3,
      "depot": 3,
      "I-209_U": 3,
      "O-218_L": 2,
      "O-50_L": 2,
      "O-71_L": 1,
      "O-77_L": 2,
      "O-214_L": 2,
      "O-54_L": 2,
      "O-56_L": 2,
      "O-210_L": 3,
      "O-37_L": 2,
      "I-202_U": 1,
      "O-58_L": 2,
      "I-72_U": 1,
      "I-51_U": 2,
      "I-116_U": 2,
      "I-91_U": 1,
      "O-106_L": 2,
      "I-157_U": 2,
      "I-136_U": 3,
      "I-78_U": 2,
      "I-14_U": 1,
      "I-176_U": 2,
      "I-172_U": 2,
      "O-62_L": 0,
      "O-44_L": 2,
      "O-225_L": 2,
      "O-46_L": 2,
      "O-201_L": 1,
      "O-49_L": 2,
      "I-63_U": 0,
      "I-82_U": 2,
      "I-20_U": 3,
      "O-170_L": 2,
      "O-175_L": 2,
      "I-164_U": 3,
      "I-24_U": 2,
      "I-45_U": 2,
      "O-174_L": 3
    },
    "O-44_L": {
      "O-90_L": 2,
      "O-137_L": 1,
      "depot": 1,
      "I-209_U": 1,
      "O-218_L": 1,
      "O-50_L": 1,
      "O-71_L": 2,
      "O-77_L": 1,
      "O-214_L": 1,
      "O-54_L": 1,
      "O-56_L": 1,
      "O-210_L": 1,
      "O-37_L": 1,
      "I-202_U": 2,
      "O-58_L": 1,
      "I-72_U": 2,
      "I-51_U": 1,
      "I-116_U": 1,
      "I-91_U": 2,
      "O-106_L": 1,
      "I-157_U": 1,
      "I-136_U": 1,
      "I-78_U": 1,
      "I-14_U": 2,
      "I-176_U": 0,
      "I-172_U": 1,
      "O-62_L": 2,
      "O-44_L": 0,
      "O-225_L": 1,
      "O-46_L": 1,
      "O-201_L": 2,
      "O-49_L": 1,
      "I-63_U": 2,
      "I-82_U": 1,
      "I-20_U": 1,
      "O-170_L": 1,
      "O-175_L": 0,
      "I-164_U": 1,
      "I-24_U": 1,
      "I-45_U": 0,
      "O-174_L": 1
    },
    "O-225_L": {
      "O-90_L": 2,
      "O-137_L": 1,
      "depot": 1,
      "I-209_U": 1,
      "O-218_L": 1,
      "O-50_L": 1,
      "O-71_L": 2,
      "O-77_L": 1,
      "O-214_L": 1,
      "O-54_L": 1,
      "O-56_L": 1,
      "O-210_L": 1,
      "O-37_L": 0,
      "I-202_U": 2,
      "O-58_L": 1,
      "I-72_U": 2,
      "I-51_U": 1,
      "I-116_U": 1,
      "I-91_U": 2,
      "O-106_L": 1,
      "I-157_U": 1,
      "I-136_U": 1,
      "I-78_U": 1,
      "I-14_U": 2,
      "I-176_U": 1,
      "I-172_U": 1,
      "O-62_L": 2,
      "O-44_L": 1,
      "O-225_L": 0,
      "O-46_L": 0,
      "O-201_L": 2,
      "O-49_L": 1,
      "I-63_U": 2,
      "I-82_U": 1,
      "I-20_U": 1,
      "O-170_L": 1,
      "O-175_L": 1,
      "I-164_U": 1,
      "I-24_U": 1,
      "I-45_U": 1,
      "O-174_L": 1
    },
    "O-46_L": {
      "O-90_L": 2,
      "O-137_L": 1,
      "depot": 1,
      "I-209_U": 1,
      "O-218_L": 1,
      "O-50_L": 1,
      "O-71_L": 2,
      "O-77_L": 1,
      "O-214_L": 1,
      "O-54_L": 1,
      "O-56_L": 1,
      "O-210_L": 1,
      "O-37_L": 0,
      "I-202_U": 2,
      "O-58_L": 1,
      "I-72_U": 2,
      "I-51_U": 1,
      "I-116_U": 1,
      "I-91_U": 2,
      "O-106_L": 1,
      "I-157_U": 1,
      "I-136_U": 1,
      "I-78_U": 1,
      "I-14_U": 2,
      "I-176_U": 1,
      "I-172_U": 1,
      "O-62_L": 2,
      "O-44_L": 1,
      "O-225_L": 0,
      "O-46_L": 0,
      "O-201_L": 2,
      "O-49_L": 1,
      "I-63_U": 2,
      "I-82_U": 1,
      "I-20_U": 1,
      "O-170_L": 1,
      "O-175_L": 1,
      "I-164_U": 1,
      "I-24_U": 1,
      "I-45_U": 1,
      "O-174_L": 1
    },
    "O-201_L": {
      "O-90_L": 0,
      "O-137_L": 3,
      "depot": 3,
      "I-209_U": 3,
      "O-218_L": 2,
      "O-50_L": 2,
      "O-71_L": 1,
      "O-77_L": 2,
      "O-214_L": 2,
      "O-54_L": 2,
      "O-56_L": 2,
      "O-210_L": 3,
      "O-37_L": 2,
      "I-202_U": 0,
      "O-58_L": 2,
      "I-72_U": 1,
      "I-51_U": 2,
      "I-116_U": 2,
      "I-91_U": 0,
      "O-106_L": 2,
      "I-157_U": 2,
      "I-136_U": 3,
      "I-78_U": 2,
      "I-14_U": 0,
      "I-176_U": 2,
      "I-172_U": 2,
      "O-62_L": 1,
      "O-44_L": 2,
      "O-225_L": 2,
      "O-46_L": 2,
      "O-201_L": 0,
      "O-49_L": 2,
      "I-63_U": 1,
      "I-82_U": 2,
      "I-20_U": 3,
      "O-170_L": 2,
      "O-175_L": 2,
      "I-164_U": 2,
      "I-24_U": 2,
      "I-45_U": 2,
      "O-174_L": 3
    },
    "O-49_L": {
      "O-90_L": 2,
      "O-137_L": 2,
      "depot": 2,
      "I-209_U": 2,
      "O-218_L": 1,
      "O-50_L": 1,
      "O-71_L": 2,
      "O-77_L": 1,
      "O-214_L": 1,
      "O-54_L": 0,
      "O-56_L": 1,
      "O-210_L": 2,
      "O-37_L": 1,
      "I-202_U": 2,
      "O-58_L": 1,
      "I-72_U": 2,
      "I-51_U": 1,
      "I-116_U": 1,
      "I-91_U": 2,
      "O-106_L": 1,
      "I-157_U": 1,
      "I-136_U": 2,
      "I-78_U": 1,
      "I-14_U": 2,
      "I-176_U": 1,
      "I-172_U": 1,
      "O-62_L": 2,
      "O-44_L": 1,
      "O-225_L": 1,
      "O-46_L": 1,
      "O-201_L": 2,
      "O-49_L": 0,
      "I-63_U": 2,
      "I-82_U": 1,
      "I-20_U": 2,
      "O-170_L": 0,
      "O-175_L": 1,
      "I-164_U": 2,
      "I-24_U": 1,
      "I-45_U": 1,
      "O-174_L": 2
    },
    "I-63_U": {
      "O-90_L": 1,
      "O-137_L": 3,
      "depot": 3,
      "I-209_U": 3,
      "O-218_L": 2,
      "O-50_L": 2,
      "O-71_L": 1,
      "O-77_L": 2,
      "O-214_L": 2,
      "O-54_L": 2,
      "O-56_L": 2,
      "O-210_L": 3,
      "O-37_L": 2,
      "I-202_U": 1,
      "O-58_L": 2,
      "I-72_U": 1,
      "I-51_U": 2,
      "I-116_U": 2,
      "I-91_U": 1,
      "O-106_L": 2,
      "I-157_U": 2,
      "I-136_U": 3,
      "I-78_U": 2,
      "I-14_U": 1,
      "I-176_U": 2,
      "I-172_U": 2,
      "O-62_L": 0,
      "O-44_L": 2,
      "O-225_L": 2,
      "O-46_L": 2,
      "O-201_L": 1,
      "O-49_L": 2,
      "I-63_U": 0,
      "I-82_U": 2,
      "I-20_U": 3,
      "O-170_L": 2,
      "O-175_L": 2,
      "I-164_U": 3,
      "I-24_U": 2,
      "I-45_U": 2,
      "O-174_L": 3
    },
    "I-82_U": {
      "O-90_L": 2,
      "O-137_L": 1,
      "depot": 1,
      "I-209_U": 1,
      "O-218_L": 1,
      "O-50_L": 1,
      "O-71_L": 2,
      "O-77_L": 1,
      "O-214_L": 1,
      "O-54_L": 1,
      "O-56_L": 1,
      "O-210_L": 1,
      "O-37_L": 1,
      "I-202_U": 2,
      "O-58_L": 1,
      "I-72_U": 2,
      "I-51_U": 1,
      "I-116_U": 1,
      "I-91_U": 2,
      "O-106_L": 1,
      "I-157_U": 1,
      "I-136_U": 1,
      "I-78_U": 1,
      "I-14_U": 2,
      "I-176_U": 1,
      "I-172_U": 1,
      "O-62_L": 2,
      "O-44_L": 1,
      "O-225_L": 1,
      "O-46_L": 1,
      "O-201_L": 2,
      "O-49_L": 1,
      "I-63_U": 2,
      "I-82_U": 0,
      "I-20_U": 1,
      "O-170_L": 1,
      "O-175_L": 1,
      "I-164_U": 1,
      "I-24_U": 1,
      "I-45_U": 1,
      "O-174_L": 2
    },
    "I-20_U": {
      "O-90_L": 3,
      "O-137_L": 1,
      "depot": 1,
      "I-209_U": 1,
      "O-218_L": 1,
      "O-50_L": 1,
      "O-71_L": 3,
      "O-77_L": 2,
      "O-214_L": 1,
      "O-54_L": 2,
      "O-56_L": 2,
      "O-210_L": 1,
      "O-37_L": 1,
      "I-202_U": 3,
      "O-58_L": 2,
      "I-72_U": 3,
      "I-51_U": 1,
      "I-116_U": 1,
      "I-91_U": 3,
      "O-106_L": 1,
      "I-157_U": 1,
      "I-136_U": 1,
      "I-78_U": 2,
      "I-14_U": 3,
      "I-176_U": 1,
      "I-172_U": 2,
      "O-62_L": 3,
      "O-44_L": 1,
      "O-225_L": 1,
      "O-46_L": 1,
      "O-201_L": 3,
      "O-49_L": 2,
      "I-63_U": 3,
      "I-82_U": 1,
      "I-20_U": 0,
      "O-170_L": 2,
      "O-175_L": 1,
      "I-164_U": 1,
      "I-24_U": 2,
      "I-45_U": 1,
      "O-174_L": 1
    },
    "O-170_L": {
      "O-90_L": 2,
      "O-137_L": 2,
      "depot": 2,
      "I-209_U": 2,
      "O-218_L": 1,
      "O-50_L": 1,
      "O-71_L": 2,
      "O-77_L": 1,
      "O-214_L": 1,
      "O-54_L": 0,
      "O-56_L": 1,
      "O-210_L": 2,
      "O-37_L": 1,
      "I-202_U": 2,
      "O-58_L": 1,
      "I-72_U": 2,
      "I-51_U": 1,
      "I-116_U": 1,
      "I-91_U": 2,
      "O-106_L": 1,
      "I-157_U": 1,
      "I-136_U": 2,
      "I-78_U": 1,
      "I-14_U": 2,
      "I-176_U": 1,
      "I-172_U": 1,
      "O-62_L": 2,
      "O-44_L": 1,
      "O-225_L": 1,
      "O-46_L": 1,
      "O-201_L": 2,
      "O-49_L": 0,
      "I-63_U": 2,
      "I-82_U": 1,
      "I-20_U": 2,
      "O-170_L": 0,
      "O-175_L": 1,
      "I-164_U": 2,
      "I-24_U": 1,
      "I-45_U": 1,
      "O-174_L": 2
    },
    "O-175_L": {
      "O-90_L": 2,
      "O-137_L": 1,
      "depot": 1,
      "I-209_U": 1,
      "O-218_L": 1,
      "O-50_L": 1,
      "O-71_L": 2,
      "O-77_L": 1,
      "O-214_L": 1,
      "O-54_L": 1,
      "O-56_L": 1,
      "O-210_L": 1,
      "O-37_L": 1,
      "I-202_U": 2,
      "O-58_L": 1,
      "I-72_U": 2,
      "I-51_U": 1,
      "I-116_U": 1,
      "I-91_U": 2,
      "O-106_L": 1,
      "I-157_U": 1,
      "I-136_U": 1,
      "I-78_U": 1,
      "I-14_U": 2,
      "I-176_U": 0,
      "I-172_U": 1,
      "O-62_L": 2,
      "O-44_L": 0,
      "O-225_L": 1,
      "O-46_L": 1,
      "O-201_L": 2,
      "O-49_L": 1,
      "I-63_U": 2,
      "I-82_U": 1,
      "I-20_U": 1,
      "O-170_L": 1,
      "O-175_L": 0,
      "I-164_U": 1,
      "I-24_U": 1,
      "I-45_U": 0,
      "O-174_L": 1
    },
    "I-164_U": {
      "O-90_L": 2,
      "O-137_L": 1,
      "depot": 1,
      "I-209_U": 1,
      "O-218_L": 1,
      "O-50_L": 1,
      "O-71_L": 3,
      "O-77_L": 2,
      "O-214_L": 1,
      "O-54_L": 2,
      "O-56_L": 2,
      "O-210_L": 1,
      "O-37_L": 1,
      "I-202_U": 2,
      "O-58_L": 1,
      "I-72_U": 3,
      "I-51_U": 1,
      "I-116_U": 1,
      "I-91_U": 2,
      "O-106_L": 1,
      "I-157_U": 1,
      "I-136_U": 1,
      "I-78_U": 2,
      "I-14_U": 2,
      "I-176_U": 1,
      "I-172_U": 1,
      "O-62_L": 3,
      "O-44_L": 1,
      "O-225_L": 1,
      "O-46_L": 1,
      "O-201_L": 2,
      "O-49_L": 2,
      "I-63_U": 3,
      "I-82_U": 1,
      "I-20_U": 1,
      "O-170_L": 2,
      "O-175_L": 1,
      "I-164_U": 0,
      "I-24_U": 2,
      "I-45_U": 1,
      "O-174_L": 1
    },
    "I-24_U": {
      "O-90_L": 2,
      "O-137_L": 2,
      "depot": 2,
      "I-209_U": 2,
      "O-218_L": 1,
      "O-50_L": 1,
      "O-71_L": 2,
      "O-77_L": 1,
      "O-214_L": 1,
      "O-54_L": 1,
      "O-56_L": 1,
      "O-210_L": 2,
      "O-37_L": 1,
      "I-202_U": 2,
      "O-58_L": 1,
      "I-72_U": 2,
      "I-51_U": 1,
      "I-116_U": 1,
      "I-91_U": 2,
      "O-106_L": 1,
      "I-157_U": 1,
      "I-136_U": 2,
      "I-78_U": 1,
      "I-14_U": 2,
      "I-176_U": 1,
      "I-172_U": 1,
      "O-62_L": 2,
      "O-44_L": 1,
      "O-225_L": 1,
      "O-46_L": 1,
      "O-201_L": 2,
      "O-49_L": 1,
      "I-63_U": 2,
      "I-82_U": 1,
      "I-20_U": 2,
      "O-170_L": 1,
      "O-175_L": 1,
      "I-164_U": 2,
      "I-24_U": 0,
      "I-45_U": 1,
      "O-174_L": 2
    },
    "I-45_U": {
      "O-90_L": 2,
      "O-137_L": 1,
      "depot": 1,
      "I-209_U": 1,
      "O-218_L": 1,
      "O-50_L": 1,
      "O-71_L": 2,
      "O-77_L": 1,
      "O-214_L": 1,
      "O-54_L": 1,
      "O-56_L": 1,
      "O-210_L": 1,
      "O-37_L": 1,
      "I-202_U": 2,
      "O-58_L": 1,
      "I-72_U": 2,
      "I-51_U": 1,
      "I-116_U": 1,
      "I-91_U": 2,
      "O-106_L": 1,
      "I-157_U": 1,
      "I-136_U": 1,
      "I-78_U": 1,
      "I-14_U": 2,
      "I-176_U": 0,
      "I-172_U": 1,
      "O-62_L": 2,
      "O-44_L": 0,
      "O-225_L": 1,
      "O-46_L": 1,
      "O-201_L": 2,
      "O-49_L": 1,
      "I-63_U": 2,
      "I-82_U": 1,
      "I-20_U": 1,
      "O-170_L": 1,
      "O-175_L": 0,
      "I-164_U": 1,
      "I-24_U": 1,
      "I-45_U": 0,
      "O-174_L": 1
    },
    "O-174_L": {
      "O-90_L": 3,
      "O-137_L": 1,
      "depot": 1,
      "I-209_U": 1,
      "O-218_L": 1,
      "O-50_L": 1,
      "O-71_L": 3,
      "O-77_L": 2,
      "O-214_L": 1,
      "O-54_L": 2,
      "O-56_L": 2,
      "O-210_L": 1,
      "O-37_L": 1,
      "I-202_U": 3,
      "O-58_L": 2,
      "I-72_U": 3,
      "I-51_U": 1,
      "I-116_U": 1,
      "I-91_U": 3,
      "O-106_L": 1,
      "I-157_U": 1,
      "I-136_U": 1,
      "I-78_U": 2,
      "I-14_U": 3,
      "I-176_U": 1,
      "I-172_U": 2,
      "O-62_L": 3,
      "O-44_L": 1,
      "O-225_L": 1,
      "O-46_L": 1,
      "O-201_L": 3,
      "O-49_L": 2,
      "I-63_U": 3,
      "I-82_U": 2,
      "I-20_U": 1,
      "O-170_L": 2,
      "O-175_L": 1,
      "I-164_U": 1,
      "I-24_U": 2,
      "I-45_U": 1,
      "O-174_L": 0
    }
  },
  "workers": {
    "3": 19,
    "4": 6,
    "5": 2
  },
  "tasks": [
    "I-14_U",
    "I-20_U",
    "I-24_U",
    "O-37_L",
    "I-45_U",
    "O-44_L",
    "O-46_L",
    "O-49_L",
    "I-51_U",
    "O-50_L",
    "O-54_L",
    "O-56_L",
    "O-58_L",
    "I-63_U",
    "O-62_L",
    "O-71_L",
    "I-72_U",
    "I-78_U",
    "O-77_L",
    "I-82_U",
    "O-90_L",
    "I-91_U",
    "O-106_L",
    "I-116_U",
    "I-136_U",
    "O-137_L",
    "I-157_U",
    "I-164_U",
    "O-170_L",
    "I-172_U",
    "O-174_L",
    "O-175_L",
    "I-176_U",
    "O-201_L",
    "I-202_U",
    "I-209_U",
    "O-210_L",
    "O-214_L",
    "O-218_L",
    "O-225_L"
  ],
  "skill_levels": [
    3,
    4,
    5
  ]
}