{
  "tasks_per_formation": {
    "f_3:1,4:1": [
      "O-18_L",
      "O-30_L"
    ],
    "f_3:2,4:1": [
      "I-19_U",
      "O-20_L",
      "I-14_U",
      "O-15_L"
    ],
    "f_3:1": [
      "O-38_L"
    ],
    "f_3:2": [
      "I-62_U",
      "I-22_U",
      "O-87_L",
      "O-10_L",
      "O-43_L",
      "O-12_L",
      "O-23_L",
      "I-42_U",
      "I-88_U",
      "I-37_U",
      "I-13_U",
      "O-47_L"
    ],
    "f_3:2,4:1,5:1": [
      "O-70_L"
    ]
  },
  "modes": {
    "I-19_U": {
      "f_3:2,4:1": 3
    },
    "O-70_L": {
      "f_3:2,4:1,5:1": 7
    },
    "O-30_L": {
      "f_3:1,4:1": 4
    },
    "O-20_L": {
      "f_3:2,4:1": 3
    },
    "O-87_L": {
      "f_3:2": 4
    },
    "O-10_L": {
      "f_3:2": 4
    },
    "O-43_L": {
      "f_3:2": 4
    },
    "O-12_L": {
      "f_3:2": 5
    },
    "O-23_L": {
      "f_3:2": 4
    },
    "O-15_L": {
      "f_3:2,4:1": 4
    },
    "O-47_L": {
      "f_3:2": 4
    },
    "O-38_L": {
      "f_3:1": 1
    },
    "O-18_L": {
      "f_3:1,4:1": 4
    },
    "I-62_U": {
      "f_3:2": 5
    },
    "I-22_U": {
      "f_3:2": 3
    },
    "I-42_U": {
      "f_3:2": 4
    },
    "I-88_U": {
      "f_3:2": 4
    },
    "I-37_U": {
      "f_3:2": 3
    },
    "I-13_U": {
      "f_3:2": 5
    },
    "I-14_U": {
      "f_3:2,4:1": 4
    }
  },
  "depot": "depot",
  "instants": [
    96,
    97,
    98,
    99,
    100,
    101,
    102,
    103,
    104,
    105,
    106,
    107,
    108,
    109,
    110,
    111,
    112,
    113,
    114,
    115,
    116,
    117,
    118,
    119,
    120,
    121,
    122,
    123,
    124,
    125,
    126,
    127,
    128,
    129
  ],
  "begin_horizon": 96,
  "end_horizon": 130,
  "earliest_start": {
    "I-19_U": 113,
    "O-70_L": 99,
    "O-30_L": 101,
    "O-20_L": 97,
    "O-87_L": 107,
    "O-10_L": 100,
    "O-43_L": 107,
    "O-12_L": 110,
    "O-23_L": 109,
    "O-15_L": 109,
    "O-47_L": 112,
    "O-38_L": 118,
    "O-18_L": 116,
    "I-62_U": 120,
    "I-22_U": 98,
    "I-42_U": 103,
    "I-88_U": 109,
    "I-37_U": 114,
    "I-13_U": 102,
    "I-14_U": 100
  },
  "latest_start": {
    "I-19_U": 113,
    "O-70_L": 99,
    "O-30_L": 101,
    "O-20_L": 99,
    "O-87_L": 109,
    "O-10_L": 101,
    "O-43_L": 108,
    "O-12_L": 111,
    "O-23_L": 109,
    "O-15_L": 109,
    "O-47_L": 113,
    "O-38_L": 119,
    "O-18_L": 116,
    "I-62_U": 121,
    "I-22_U": 99,
    "I-42_U": 103,
    "I-88_U": 109,
    "I-37_U": 115,
    "I-13_U": 103,
    "I-14_U": 101
  },
  "weights": {
    "I-19_U": 2.0,
    "O-70_L": 3.0,
    "O-30_L": 2.0,
    "O-20_L": 2.0,
    "O-87_L": 1.0,
    "O-10_L": 1.0,
    "O-43_L": 1.0,
    "O-12_L": 2.0,
    "O-23_L": 1.0,
    "O-15_L": 2.0,
    "O-47_L": 1.0,
    "O-38_L": 1.0,
    "O-18_L": 2.0,
    "I-62_U": 2.0,
    "I-22_U": 1.0,
    "I-42_U": 1.0,
    "I-88_U": 1.0,
    "I-37_U": 1.0,
    "I-13_U": 2.0,
    "I-14_U": 2.0
  },
  "workers_w_d": {
    "3": 16,
    "4": 4,
    "5": 1
  },
  "earliest_finish": {
    "I-19_U": 116,
    "O-70_L": 106,
    "O-30_L": 105,
    "O-20_L": 100,
    "O-87_L": 111,
    "O-10_L": 104,
    "O-43_L": 111,
    "O-12_L": 115,
    "O-23_L": 113,
    "O-15_L": 113,
    "O-47_L": 116,
    "O-38_L": 119,
    "O-18_L": 120,
    "I-62_U": 125,
    "I-22_U": 101,
    "I-42_U": 107,
    "I-88_U": 113,
    "I-37_U": 117,
    "I-13_U": 107,
    "I-14_U": 104
  },
  "formations": {
    "f_3:1,4:1": {
      "3": 1,
      "4": 1
    },
    "f_3:2,4:1": {
      "3": 2,
      "4": 1
    },
    "f_3:1": {
      "3": 1
    },
    "f_3:2": {
      "3": 2
    },
    "f_3:2,4:1,5:1": {
      "3": 2,
      "4": 1,
      "5": 1
    }
  },
  "modesSpeedID": {
    "I-19_U": {
      "f_3:2,4:1": "f"
    },
    "O-70_L": {
      "f_3:2,4:1,5:1": "i"
    },
    "O-30_L": {
      "f_3:1,4:1": "s"
    },
    "O-20_L": {
      "f_3:2,4:1": "i"
    },
    "O-87_L": {
      "f_3:2": "s"
    },
    "O-10_L": {
      "f_3:2": "s"
    },
    "O-43_L": {
      "f_3:2": "s"
    },
    "O-12_L": {
      "f_3:2": "s"
    },
    "O-23_L": {
      "f_3:2": "s"
    },
    "O-15_L": {
      "f_3:2,4:1": "i"
    },
    "O-47_L": {
      "f_3:2": "s"
    },
    "O-38_L": {
      "f_3:1": "s"
    },
    "O-18_L": {
      "f_3:1,4:1": "s"
    },
    "I-62_U": {
      "f_3:2": "s"
    },
    "I-22_U": {
      "f_3:2": "s"
    },
    "I-42_U": {
      "f_3:2": "s"
    },
    "I-88_U": {
      "f_3:2": "s"
    },
    "I-37_U": {
      "f_3:2": "s"
    },
    "I-13_U": {
      "f_3:2": "s"
    },
    "I-14_U": {
      "f_3:2,4:1": "i"
    }
  },
  "formations_w_d": {
    "f_3:1,4:1": {
      "3": 2,
      "4": 1
    },
    "f_3:2,4:1": {
      "3": 3,
      "4": 1
    },
    "f_3:1": {
      "3": 1
    },
    "f_3:2": {
      "3": 2
    },
    "f_3:2,4:1,5:1": {
      "3": 4,
      "4": 2,
      "5": 1
    }
  },
  "latest_finish": {
    "I-19_U": 116,
    "O-70_L": 106,
    "O-30_L": 105,
    "O-20_L": 102,
    "O-87_L": 113,
    "O-10_L": 105,
    "O-43_L": 112,
    "O-12_L": 116,
    "O-23_L": 113,
    "O-15_L": 113,
    "O-47_L": 117,
    "O-38_L": 120,
    "O-18_L": 120,
    "I-62_U": 126,
    "I-22_U": 102,
    "I-42_U": 107,
    "I-88_U": 113,
    "I-37_U": 118,
    "I-13_U": 108,
    "I-14_U": 105
  },
  "travel_times": {
    "I-19_U": {
      "I-19_U": 0,
      "depot": 2,
      "O-70_L": 1,
      "O-30_L": 2,
      "O-20_L": 1,
      "O-87_L": 2,
      "O-10_L": 1,
      "O-43_L": 1,
      "O-12_L": 2,
      "O-23_L": 1,
      "O-15_L": 2,
      "O-47_L": 1,
      "O-38_L": 2,
      "O-18_L": 0,
      "I-62_U": 2,
      "I-22_U": 1,
      "I-42_U": 1,
      "I-88_U": 2,
      "I-37_U": 2,
      "I-13_U": 2,
      "I-14_U": 2
    },
    "depot": {
      "I-19_U": 2,
      "O-70_L": 1,
      "O-30_L": 3,
      "O-20_L": 1,
      "O-87_L": 1,
      "O-10_L": 1,
      "O-43_L": 1,
      "O-12_L": 1,
      "O-23_L": 1,
      "O-15_L": 3,
      "O-47_L": 1,
      "O-38_L": 0,
      "O-18_L": 2,
      "I-62_U": 3,
      "I-22_U": 1,
      "I-42_U": 1,
      "I-88_U": 1,
      "I-37_U": 0,
      "I-13_U": 1,
      "I-14_U": 3
    },
    "O-70_L": {
      "I-19_U": 1,
      "depot": 1,
      "O-70_L": 0,
      "O-30_L": 2,
      "O-20_L": 1,
      "O-87_L": 1,
      "O-10_L": 1,
      "O-43_L": 0,
      "O-12_L": 1,
      "O-23_L": 1,
      "O-15_L": 2,
      "O-47_L": 1,
      "O-38_L": 1,
      "O-18_L": 1,
      "I-62_U": 2,
      "I-22_U": 1,
      "I-42_U": 0,
      "I-88_U": 1,
      "I-37_U": 1,
      "I-13_U": 1,
      "I-14_U": 2
    },
    "O-30_L": {
      "I-19_U": 2,
      "depot": 3,
      "O-70_L": 2,
      "O-30_L": 0,
      "O-20_L": 2,
      "O-87_L": 3,
      "O-10_L": 3,
      "O-43_L": 2,
      "O-12_L": 3,
      "O-23_L": 3,
      "O-15_L": 0,
      "O-47_L": 2,
      "O-38_L": 3,
      "O-18_L": 2,
      "I-62_U": 1,
      "I-22_U": 3,
      "I-42_U": 2,
      "I-88_U": 3,
      "I-37_U": 3,
      "I-13_U": 3,
      "I-14_U": 0
    },
    "O-20_L": {
      "I-19_U": 1,
      "depot": 1,
      "O-70_L": 1,
      "O-30_L": 2,
      "O-20_L": 0,
      "O-87_L": 1,
      "O-10_L": 1,
      "O-43_L": 1,
      "O-12_L": 1,
      "O-23_L": 1,
      "O-15_L": 2,
      "O-47_L": 1,
      "O-38_L": 1,
      "O-18_L": 1,
      "I-62_U": 2,
      "I-22_U": 1,
      "I-42_U": 1,
      "I-88_U": 1,
      "I-37_U": 1,
      "I-13_U": 1,
      "I-14_U": 2
    },
    "O-87_L": {
      "I-19_U": 2,
      "depot": 1,
      "O-70_L": 1,
      "O-30_L": 3,
      "O-20_L": 1,
      "O-87_L": 0,
      "O-10_L": 1,
      "O-43_L": 1,
      "O-12_L": 1,
      "O-23_L": 1,
      "O-15_L": 3,
      "O-47_L": 1,
      "O-38_L": 1,
      "O-18_L": 2,
      "I-62_U": 3,
      "I-22_U": 1,
      "I-42_U": 1,
      "I-88_U": 0,
      "I-37_U": 1,
      "I-13_U": 1,
      "I-14_U": 3
    },
    "O-10_L": {
      "I-19_U": 1,
      "depot": 1,
      "O-70_L": 1,
      "O-30_L": 3,
      "O-20_L": 1,
      "O-87_L": 1,
      "O-10_L": 0,
      "O-43_L": 1,
      "O-12_L": 1,
      "O-23_L": 1,
      "O-15_L": 3,
      "O-47_L": 1,
      "O-38_L": 1,
      "O-18_L": 1,
      "I-62_U": 2,
      "I-22_U": 1,
      "I-42_U": 1,
      "I-88_U": 1,
      "I-37_U": 1,
      "I-13_U": 1,
      "I-14_U": 3
    },
    "O-43_L": {
      "I-19_U": 1,
      "depot": 1,
      "O-70_L": 0,
      "O-30_L": 2,
      "O-20_L": 1,
      "O-87_L": 1,
      "O-10_L": 1,
      "O-43_L": 0,
      "O-12_L": 1,
      "O-23_L": 1,
      "O-15_L": 2,
      "O-47_L": 1,
      "O-38_L": 1,
      "O-18_L": 1,
      "I-62_U": 2,
      "I-22_U": 1,
      "I-42_U": 0,
      "I-88_U": 1,
      "I-37_U": 1,
      "I-13_U": 1,
      "I-14_U": 2
    },
    "O-12_L": {
      "I-19_U": 2,
      "depot": 1,
      "O-70_L": 1,
      "O-30_L": 3,
      "O-20_L": 1,
      "O-87_L": 1,
      "O-10_L": 1,
      "O-43_L": 1,
      "O-12_L": 0,
      "O-23_L": 1,
      "O-15_L": 3,
      "O-47_L": 1,
      "O-38_L": 1,
      "O-18_L": 2,
      "I-62_U": 3,
      "I-22_U": 1,
      "I-42_U": 1,
      "I-88_U": 1,
      "I-37_U": 1,
      "I-13_U": 0,
      "I-14_U": 3
    },
    "O-23_L": {
      "I-19_U": 1,
      "depot": 1,
      "O-70_L": 1,
      "O-30_L": 3,
      "O-20_L": 1,
      "O-87_L": 1,
      "O-10_L": 1,
      "O-43_L": 1,
      "O-12_L": 1,
      "O-23_L": 0,
      "O-15_L": 3,
      "O-47_L": 1,
      "O-38_L": 1,
      "O-18_L": 1,
      "I-62_U": 2,
      "I-22_U": 0,
      "I-42_U": 1,
      "I-88_U": 1,
      "I-37_U": 1,
      "I-13_U": 1,
      "I-14_U": 3
    },
    "O-15_L": {
      "I-19_U": 2,
      "depot": 3,
      "O-70_L": 2,
      "O-30_L": 0,
      "O-20_L": 2,
      "O-87_L": 3,
      "O-10_L": 3,
      "O-43_L": 2,
      "O-12_L": 3,
      "O-23_L": 3,
      "O-15_L": 0,
      "O-47_L": 2,
      "O-38_L": 3,
      "O-18_L": 2,
      "I-62_U": 1,
      "I-22_U": 3,
      "I-42_U": 2,
      "I-88_U": 3,
      "I-37_U": 3,
      "I-13_U": 3,
      "I-14_U": 0
    },
    "O-47_L": {
      "I-19_U": 1,
      "depot": 1,
      "O-70_L": 1,
      "O-30_L": 2,
      "O-20_L": 1,
      "O-87_L": 1,
      "O-10_L": 1,
      "O-43_L": 1,
      "O-12_L": 1,
      "O-23_L": 1,
      "O-15_L": 2,
      "O-47_L": 0,
      "O-38_L": 1,
      "O-18_L": 1,
      "I-62_U": 2,
      "I-22_U": 1,
      "I-42_U": 1,
      "I-88_U": 1,
      "I-37_U": 1,
      "I-13_U": 1,
      "I-14_U": 2
    },
    "O-38_L": {
      "I-19_U": 2,
      "depot": 0,
      "O-70_L": 1,
      "O-30_L": 3,
      "O-20_L": 1,
      "O-87_L": 1,
      "O-10_L": 1,
      "O-43_L": 1,
      "O-12_L": 1,
      "O-23_L": 1,
      "O-15_L": 3,
      "O-47_L": 1,
      "O-38_L": 0,
      "O-18_L": 2,
      "I-62_U": 3,
      "I-22_U": 1,
      "I-42_U": 1,
      "I-88_U": 1,
      "I-37_U": 0,
      "I-13_U": 1,
      "I-14_U": 3
    },
    "O-18_L": {
      "I-19_U": 0,
      "depot": 2,
      "O-70_L": 1,
      "O-30_L": 2,
      "O-20_L": 1,
      "O-87_L": 2,
      "O-10_L": 1,
      "O-43_L": 1,
      "O-12_L": 2,
      "O-23_L": 1,
      "O-15_L": 2,
      "O-47_L": 1,
      "O-38_L": 2,
      "O-18_L": 0,
      "I-62_U": 2,
      "I-22_U": 1,
      "I-42_U": 1,
      "I-88_U": 2,
      "I-37_U": 2,
      "I-13_U": 2,
      "I-14_U": 2
    },
    "I-62_U": {
      "I-19_U": 2,
      "depot": 3,
      "O-70_L": 2,
      "O-30_L": 1,
      "O-20_L": 2,
      "O-87_L": 3,
      "O-10_L": 2,
      "O-43_L": 2,
      "O-12_L": 3,
      "O-23_L": 2,
      "O-15_L": 1,
      "O-47_L": 2,
      "O-38_L": 3,
      "O-18_L": 2,
      "I-62_U": 0,
      "I-22_U": 2,
      "I-42_U": 2,
      "I-88_U": 3,
      "I-37_U": 3,
      "I-13_U": 3,
      "I-14_U": 1
    },
    "I-22_U": {
      "I-19_U": 1,
      "depot": 1,
      "O-70_L": 1,
      "O-30_L": 3,
      "O-20_L": 1,
      "O-87_L": 1,
      "O-10_L": 1,
      "O-43_L": 1,
      "O-12_L": 1,
      "O-23_L": 0,
      "O-15_L": 3,
      "O-47_L": 1,
      "O-38_L": 1,
      "O-18_L": 1,
      "I-62_U": 2,
      "I-22_U": 0,
      "I-42_U": 1,
      "I-88_U": 1,
      "I-37_U": 1,
      "I-13_U": 1,
      "I-14_U": 3
    },
    "I-42_U": {
      "I-19_U": 1,
      "depot": 1,
      "O-70_L": 0,
      "O-30_L": 2,
      "O-20_L": 1,
      "O-87_L": 1,
      "O-10_L": 1,
      "O-43_L": 0,
      "O-12_L": 1,
      "O-23_L": 1,
      "O-15_L": 2,
      "O-47_L": 1,
      "O-38_L": 1,
      "O-18_L": 1,
      "I-62_U": 2,
      "I-22_U": 1,
      "I-42_U": 0,
      "I-88_U": 1,
      "I-37_U": 1,
      "I-13_U": 1,
      "I-14_U": 2
    },
    "I-88_U": {
      "I-19_U": 2,
      "depot": 1,
      "O-70_L": 1,
      "O-30_L": 3,
      "O-20_L": 1,
      "O-87_L": 0,
      "O-10_L": 1,
      "O-43_L": 1,
      "O-12_L": 1,
      "O-23_L": 1,
      "O-15_L": 3,
      "O-47_L": 1,
      "O-38_L": 1,
      "O-18_L": 2,
      "I-62_U": 3,
      "I-22_U": 1,
      "I-42_U": 1,
      "I-88_U": 0,
      "I-37_U": 1,
      "I-13_U": 1,
      "I-14_U": 3
    },
    "I-37_U": {
      "I-19_U": 2,
      "depot": 0,
      "O-70_L": 1,
      "O-30_L": 3,
      "O-20_L": 1,
      "O-87_L": 1,
      "O-10_L": 1,
      "O-43_L": 1,
      "O-12_L": 1,
      "O-23_L": 1,
      "O-15_L": 3,
      "O-47_L": 1,
      "O-38_L": 0,
      "O-18_L": 2,
      "I-62_U": 3,
      "I-22_U": 1,
      "I-42_U": 1,
      "I-88_U": 1,
      "I-37_U": 0,
      "I-13_U": 1,
      "I-14_U": 3
    },
    "I-13_U": {
      "I-19_U": 2,
      "depot": 1,
      "O-70_L": 1,
      "O-30_L": 3,
      "O-20_L": 1,
      "O-87_L": 1,
      "O-10_L": 1,
      "O-43_L": 1,
      "O-12_L": 0,
      "O-23_L": 1,
      "O-15_L": 3,
      "O-47_L": 1,
      "O-38_L": 1,
      "O-18_L": 2,
      "I-62_U": 3,
      "I-22_U": 1,
      "I-42_U": 1,
      "I-88_U": 1,
      "I-37_U": 1,
      "I-13_U": 0,
      "I-14_U": 3
    },
    "I-14_U": {
      "I-19_U": 2,
      "depot": 3,
      "O-70_L": 2,
      "O-30_L": 0,
      "O-20_L": 2,
      "O-87_L": 3,
      "O-10_L": 3,
      "O-43_L": 2,
      "O-12_L": 3,
      "O-23_L": 3,
      "O-15_L": 0,
      "O-47_L": 2,
      "O-38_L": 3,
      "O-18_L": 2,
      "I-62_U": 1,
      "I-22_U": 3,
      "I-42_U": 2,
      "I-88_U": 3,
      "I-37_U": 3,
      "I-13_U": 3,
      "I-14_U": 0
    }
  },
  "workers": {
    "3": 12,
    "4": 3,
    "5": 1
  },
  "tasks": [
    "O-10_L",
    "O-12_L",
    "I-13_U",
    "I-14_U",
    "O-15_L",
    "O-18_L",
    "I-19_U",
    "O-20_L",
    "O-23_L",
    "I-22_U",
    "O-30_L",
    "I-37_U",
    "O-38_L",
    "I-42_U",
    "O-43_L",
    "O-47_L",
    "I-62_U",
    "O-70_L",
    "I-88_U",
    "O-87_L"
  ],
  "skill_levels": [
    3,
    4,
    5
  ]
}