{
  "tasks_per_formation": {
    "f_3:1,4:1": [
      "I-105_U",
      "I-207_U",
      "I-23_U",
      "O-106_L",
      "I-21_U",
      "O-75_L",
      "I-186_U",
      "O-102_L",
      "I-5_U",
      "O-2_L",
      "I-35_U"
    ],
    "f_3:1,4:2": [
      "O-106_L",
      "O-102_L",
      "O-2_L"
    ],
    "f_3:2,4:2,5:2": [
      "O-110_L",
      "I-71_U",
      "O-123_L",
      "I-180_U",
      "O-170_L",
      "O-56_L",
      "O-130_L"
    ],
    "f_3:2,4:1": [
      "I-207_U",
      "I-23_U",
      "I-21_U",
      "I-53_U",
      "I-5_U"
    ],
    "f_3:2,4:2": [
      "I-39_U",
      "O-84_L",
      "O-40_L",
      "O-52_L",
      "O-22_L",
      "O-24_L",
      "I-201_U",
      "O-202_L",
      "I-105_U",
      "I-3_U",
      "I-76_U",
      "I-186_U",
      "I-174_U",
      "O-173_L",
      "I-35_U"
    ],
    "f_3:1,4:1,5:1": [
      "O-123_L",
      "O-56_L",
      "O-130_L"
    ],
    "f_3:3": [
      "I-57_U",
      "O-58_L"
    ],
    "f_3:2": [
      "I-204_U",
      "O-0_L",
      "I-57_U",
      "O-203_L",
      "I-1_U",
      "O-10_L",
      "O-103_L",
      "I-104_U",
      "O-58_L"
    ]
  },
  "modes": {
    "O-110_L": {
      "f_3:2,4:2,5:2": 6
    },
    "I-204_U": {
      "f_3:2": 2
    },
    "I-207_U": {
      "f_3:2,4:1": 3,
      "f_3:1,4:1": 4
    },
    "I-180_U": {
      "f_3:2,4:2,5:2": 6
    },
    "O-52_L": {
      "f_3:2,4:2": 3
    },
    "O-10_L": {
      "f_3:2": 3
    },
    "O-75_L": {
      "f_3:1,4:1": 3
    },
    "O-56_L": {
      "f_3:1,4:1,5:1": 13,
      "f_3:2,4:2,5:2": 7
    },
    "I-201_U": {
      "f_3:2,4:2": 3
    },
    "O-58_L": {
      "f_3:3": 6,
      "f_3:2": 9
    },
    "O-0_L": {
      "f_3:2": 3
    },
    "I-71_U": {
      "f_3:2,4:2,5:2": 6
    },
    "I-57_U": {
      "f_3:3": 6,
      "f_3:2": 8
    },
    "O-106_L": {
      "f_3:1,4:1": 4,
      "f_3:1,4:2": 3
    },
    "I-1_U": {
      "f_3:2": 3
    },
    "I-3_U": {
      "f_3:2,4:2": 3
    },
    "I-53_U": {
      "f_3:2,4:1": 2
    },
    "I-76_U": {
      "f_3:2,4:2": 3
    },
    "O-103_L": {
      "f_3:2": 3
    },
    "O-102_L": {
      "f_3:1,4:1": 4,
      "f_3:1,4:2": 3
    },
    "I-174_U": {
      "f_3:2,4:2": 3
    },
    "I-5_U": {
      "f_3:2,4:1": 3,
      "f_3:1,4:1": 4
    },
    "I-35_U": {
      "f_3:2,4:2": 3,
      "f_3:1,4:1": 5
    },
    "O-123_L": {
      "f_3:1,4:1,5:1": 11,
      "f_3:2,4:2,5:2": 6
    },
    "I-39_U": {
      "f_3:2,4:2": 3
    },
    "O-84_L": {
      "f_3:2,4:2": 3
    },
    "O-40_L": {
      "f_3:2,4:2": 3
    },
    "O-203_L": {
      "f_3:2": 3
    },
    "O-22_L": {
      "f_3:2,4:2": 3
    },
    "O-24_L": {
      "f_3:2,4:2": 3
    },
    "O-202_L": {
      "f_3:2,4:2": 3
    },
    "O-2_L": {
      "f_3:1,4:1": 4,
      "f_3:1,4:2": 3
    },
    "I-105_U": {
      "f_3:2,4:2": 3,
      "f_3:1,4:1": 5
    },
    "I-23_U": {
      "f_3:2,4:1": 3,
      "f_3:1,4:1": 4
    },
    "I-21_U": {
      "f_3:2,4:1": 3,
      "f_3:1,4:1": 4
    },
    "O-170_L": {
      "f_3:2,4:2,5:2": 5
    },
    "I-186_U": {
      "f_3:2,4:2": 3,
      "f_3:1,4:1": 5
    },
    "I-104_U": {
      "f_3:2": 3
    },
    "O-130_L": {
      "f_3:1,4:1,5:1": 11,
      "f_3:2,4:2,5:2": 6
    },
    "O-173_L": {
      "f_3:2,4:2": 3
    }
  },
  "depot": "depot",
  "instants": [
    95,
    96,
    97,
    98,
    99,
    100,
    101,
    102,
    103,
    104,
    105,
    106,
    107,
    108,
    109,
    110,
    111,
    112,
    113,
    114,
    115,
    116,
    117,
    118,
    119,
    120,
    121,
    122,
    123,
    124,
    125,
    126,
    127,
    128,
    129,
    130,
    131,
    132,
    133
  ],
  "begin_horizon": 95,
  "end_horizon": 134,
  "earliest_start": {
    "O-110_L": 114,
    "I-204_U": 114,
    "I-207_U": 102,
    "I-180_U": 111,
    "O-52_L": 105,
    "O-10_L": 100,
    "O-75_L": 116,
    "O-56_L": 118,
    "I-201_U": 100,
    "O-58_L": 106,
    "O-0_L": 115,
    "I-71_U": 114,
    "I-57_U": 108,
    "O-106_L": 113,
    "I-1_U": 110,
    "I-3_U": 104,
    "I-53_U": 103,
    "I-76_U": 102,
    "O-103_L": 111,
    "O-102_L": 97,
    "I-174_U": 96,
    "I-5_U": 114,
    "I-35_U": 115,
    "O-123_L": 112,
    "I-39_U": 99,
    "O-84_L": 104,
    "O-40_L": 112,
    "O-203_L": 119,
    "O-22_L": 118,
    "O-24_L": 113,
    "O-202_L": 104,
    "O-2_L": 112,
    "I-105_U": 103,
    "I-23_U": 109,
    "I-21_U": 111,
    "O-170_L": 111,
    "I-186_U": 113,
    "I-104_U": 106,
    "O-130_L": 109,
    "O-173_L": 103
  },
  "latest_start": {
    "O-110_L": 118,
    "I-204_U": 116,
    "I-207_U": 103,
    "I-180_U": 115,
    "O-52_L": 105,
    "O-10_L": 102,
    "O-75_L": 117,
    "O-56_L": 125,
    "I-201_U": 101,
    "O-58_L": 111,
    "O-0_L": 117,
    "I-71_U": 118,
    "I-57_U": 113,
    "O-106_L": 114,
    "I-1_U": 111,
    "I-3_U": 106,
    "I-53_U": 103,
    "I-76_U": 104,
    "O-103_L": 113,
    "O-102_L": 99,
    "I-174_U": 98,
    "I-5_U": 116,
    "I-35_U": 117,
    "O-123_L": 117,
    "I-39_U": 101,
    "O-84_L": 105,
    "O-40_L": 113,
    "O-203_L": 121,
    "O-22_L": 119,
    "O-24_L": 113,
    "O-202_L": 106,
    "O-2_L": 114,
    "I-105_U": 105,
    "I-23_U": 110,
    "I-21_U": 112,
    "O-170_L": 116,
    "I-186_U": 115,
    "I-104_U": 107,
    "O-130_L": 114,
    "O-173_L": 105
  },
  "weights": {
    "O-110_L": 1,
    "I-204_U": 1,
    "I-207_U": 1,
    "I-180_U": 1,
    "O-52_L": 1,
    "O-10_L": 1,
    "O-75_L": 1,
    "O-56_L": 1,
    "I-201_U": 1,
    "O-58_L": 1,
    "O-0_L": 1,
    "I-71_U": 1,
    "I-57_U": 1,
    "O-106_L": 1,
    "I-1_U": 1,
    "I-3_U": 1,
    "I-53_U": 1,
    "I-76_U": 1,
    "O-103_L": 1,
    "O-102_L": 1,
    "I-174_U": 1,
    "I-5_U": 1,
    "I-35_U": 1,
    "O-123_L": 1,
    "I-39_U": 1,
    "O-84_L": 1,
    "O-40_L": 1,
    "O-203_L": 1,
    "O-22_L": 1,
    "O-24_L": 1,
    "O-202_L": 1,
    "O-2_L": 1,
    "I-105_U": 1,
    "I-23_U": 1,
    "I-21_U": 1,
    "O-170_L": 1,
    "I-186_U": 1,
    "I-104_U": 1,
    "O-130_L": 1,
    "O-173_L": 1
  },
  "workers_w_d": {
    "3": 41,
    "4": 22,
    "5": 8
  },
  "earliest_finish": {
    "O-110_L": 120,
    "I-204_U": 116,
    "I-207_U": 105,
    "I-180_U": 117,
    "O-52_L": 108,
    "O-10_L": 103,
    "O-75_L": 119,
    "O-56_L": 125,
    "I-201_U": 103,
    "O-58_L": 112,
    "O-0_L": 118,
    "I-71_U": 120,
    "I-57_U": 114,
    "O-106_L": 116,
    "I-1_U": 113,
    "I-3_U": 107,
    "I-53_U": 105,
    "I-76_U": 105,
    "O-103_L": 114,
    "O-102_L": 100,
    "I-174_U": 99,
    "I-5_U": 117,
    "I-35_U": 118,
    "O-123_L": 118,
    "I-39_U": 102,
    "O-84_L": 107,
    "O-40_L": 115,
    "O-203_L": 122,
    "O-22_L": 121,
    "O-24_L": 116,
    "O-202_L": 107,
    "O-2_L": 115,
    "I-105_U": 106,
    "I-23_U": 112,
    "I-21_U": 114,
    "O-170_L": 116,
    "I-186_U": 116,
    "I-104_U": 109,
    "O-130_L": 115,
    "O-173_L": 106
  },
  "formations": {
    "f_3:1,4:1": {
      "3": 1,
      "4": 1
    },
    "f_3:1,4:2": {
      "3": 1,
      "4": 2
    },
    "f_3:2,4:2,5:2": {
      "3": 2,
      "4": 2,
      "5": 2
    },
    "f_3:2,4:1": {
      "3": 2,
      "4": 1
    },
    "f_3:2,4:2": {
      "3": 2,
      "4": 2
    },
    "f_3:1,4:1,5:1": {
      "3": 1,
      "4": 1,
      "5": 1
    },
    "f_3:3": {
      "3": 3
    },
    "f_3:2": {
      "3": 2
    }
  },
  "modesSpeedID": {
    "O-110_L": {
      "f_3:2,4:2,5:2": "f"
    },
    "I-204_U": {
      "f_3:2": "s"
    },
    "I-207_U": {
      "f_3:2,4:1": "f",
      "f_3:1,4:1": "s"
    },
    "I-180_U": {
      "f_3:2,4:2,5:2": "f"
    },
    "O-52_L": {
      "f_3:2,4:2": "f"
    },
    "O-10_L": {
      "f_3:2": "s"
    },
    "O-75_L": {
      "f_3:1,4:1": "s"
    },
    "O-56_L": {
      "f_3:1,4:1,5:1": "s",
      "f_3:2,4:2,5:2": "f"
    },
    "I-201_U": {
      "f_3:2,4:2": "f"
    },
    "O-58_L": {
      "f_3:3": "f",
      "f_3:2": "s"
    },
    "O-0_L": {
      "f_3:2": "s"
    },
    "I-71_U": {
      "f_3:2,4:2,5:2": "f"
    },
    "I-57_U": {
      "f_3:3": "f",
      "f_3:2": "s"
    },
    "O-106_L": {
      "f_3:1,4:1": "s",
      "f_3:1,4:2": "f"
    },
    "I-1_U": {
      "f_3:2": "s"
    },
    "I-3_U": {
      "f_3:2,4:2": "f"
    },
    "I-53_U": {
      "f_3:2,4:1": "f"
    },
    "I-76_U": {
      "f_3:2,4:2": "f"
    },
    "O-103_L": {
      "f_3:2": "s"
    },
    "O-102_L": {
      "f_3:1,4:1": "s",
      "f_3:1,4:2": "f"
    },
    "I-174_U": {
      "f_3:2,4:2": "f"
    },
    "I-5_U": {
      "f_3:2,4:1": "f",
      "f_3:1,4:1": "s"
    },
    "I-35_U": {
      "f_3:2,4:2": "f",
      "f_3:1,4:1": "s"
    },
    "O-123_L": {
      "f_3:1,4:1,5:1": "s",
      "f_3:2,4:2,5:2": "f"
    },
    "I-39_U": {
      "f_3:2,4:2": "f"
    },
    "O-84_L": {
      "f_3:2,4:2": "f"
    },
    "O-40_L": {
      "f_3:2,4:2": "f"
    },
    "O-203_L": {
      "f_3:2": "s"
    },
    "O-22_L": {
      "f_3:2,4:2": "f"
    },
    "O-24_L": {
      "f_3:2,4:2": "f"
    },
    "O-202_L": {
      "f_3:2,4:2": "f"
    },
    "O-2_L": {
      "f_3:1,4:1": "s",
      "f_3:1,4:2": "f"
    },
    "I-105_U": {
      "f_3:2,4:2": "f",
      "f_3:1,4:1": "s"
    },
    "I-23_U": {
      "f_3:2,4:1": "f",
      "f_3:1,4:1": "s"
    },
    "I-21_U": {
      "f_3:2,4:1": "f",
      "f_3:1,4:1": "s"
    },
    "O-170_L": {
      "f_3:2,4:2,5:2": "f"
    },
    "I-186_U": {
      "f_3:2,4:2": "f",
      "f_3:1,4:1": "s"
    },
    "I-104_U": {
      "f_3:2": "s"
    },
    "O-130_L": {
      "f_3:1,4:1,5:1": "s",
      "f_3:2,4:2,5:2": "f"
    },
    "O-173_L": {
      "f_3:2,4:2": "f"
    }
  },
  "formations_w_d": {
    "f_3:1,4:1": {
      "3": 2,
      "4": 1
    },
    "f_3:1,4:2": {
      "3": 3,
      "4": 2
    },
    "f_3:2,4:2,5:2": {
      "3": 6,
      "4": 4,
      "5": 2
    },
    "f_3:2,4:1": {
      "3": 3,
      "4": 1
    },
    "f_3:2,4:2": {
      "3": 4,
      "4": 2
    },
    "f_3:1,4:1,5:1": {
      "3": 3,
      "4": 2,
      "5": 1
    },
    "f_3:3": {
      "3": 3
    },
    "f_3:2": {
      "3": 2
    }
  },
  "latest_finish": {
    "O-110_L": 124,
    "I-204_U": 118,
    "I-207_U": 106,
    "I-180_U": 121,
    "O-52_L": 108,
    "O-10_L": 105,
    "O-75_L": 120,
    "O-56_L": 132,
    "I-201_U": 104,
    "O-58_L": 117,
    "O-0_L": 120,
    "I-71_U": 124,
    "I-57_U": 119,
    "O-106_L": 117,
    "I-1_U": 114,
    "I-3_U": 109,
    "I-53_U": 105,
    "I-76_U": 107,
    "O-103_L": 116,
    "O-102_L": 102,
    "I-174_U": 101,
    "I-5_U": 119,
    "I-35_U": 120,
    "O-123_L": 123,
    "I-39_U": 104,
    "O-84_L": 108,
    "O-40_L": 116,
    "O-203_L": 124,
    "O-22_L": 122,
    "O-24_L": 116,
    "O-202_L": 109,
    "O-2_L": 117,
    "I-105_U": 108,
    "I-23_U": 113,
    "I-21_U": 115,
    "O-170_L": 121,
    "I-186_U": 118,
    "I-104_U": 110,
    "O-130_L": 120,
    "O-173_L": 108
  },
  "travel_times": {
    "O-110_L": {
      "O-110_L": 0,
      "I-204_U": 2,
      "I-207_U": 1,
      "depot": 1,
      "I-180_U": 1,
      "O-52_L": 1,
      "O-10_L": 1,
      "O-75_L": 1,
      "O-56_L": 1,
      "I-201_U": 2,
      "O-58_L": 1,
      "O-0_L": 1,
      "I-71_U": 1,
      "I-57_U": 1,
      "O-106_L": 1,
      "I-1_U": 1,
      "I-3_U": 1,
      "I-53_U": 1,
      "I-76_U": 1,
      "O-103_L": 2,
      "O-102_L": 1,
      "I-174_U": 1,
      "I-5_U": 1,
      "I-35_U": 2,
      "O-123_L": 1,
      "I-39_U": 2,
      "O-84_L": 1,
      "O-40_L": 2,
      "O-203_L": 2,
      "O-22_L": 1,
      "O-24_L": 1,
      "O-202_L": 2,
      "O-2_L": 1,
      "I-105_U": 1,
      "I-23_U": 1,
      "I-21_U": 1,
      "O-170_L": 1,
      "I-186_U": 1,
      "I-104_U": 2,
      "O-130_L": 2,
      "O-173_L": 1
    },
    "I-204_U": {
      "O-110_L": 2,
      "I-204_U": 0,
      "I-207_U": 3,
      "depot": 3,
      "I-180_U": 2,
      "O-52_L": 3,
      "O-10_L": 3,
      "O-75_L": 3,
      "O-56_L": 2,
      "I-201_U": 1,
      "O-58_L": 2,
      "O-0_L": 2,
      "I-71_U": 2,
      "I-57_U": 2,
      "O-106_L": 2,
      "I-1_U": 2,
      "I-3_U": 2,
      "I-53_U": 3,
      "I-76_U": 3,
      "O-103_L": 0,
      "O-102_L": 2,
      "I-174_U": 2,
      "I-5_U": 2,
      "I-35_U": 1,
      "O-123_L": 2,
      "I-39_U": 1,
      "O-84_L": 2,
      "O-40_L": 1,
      "O-203_L": 0,
      "O-22_L": 2,
      "O-24_L": 3,
      "O-202_L": 1,
      "O-2_L": 2,
      "I-105_U": 2,
      "I-23_U": 3,
      "I-21_U": 2,
      "O-170_L": 2,
      "I-186_U": 3,
      "I-104_U": 0,
      "O-130_L": 1,
      "O-173_L": 2
    },
    "I-207_U": {
      "O-110_L": 1,
      "I-204_U": 3,
      "I-207_U": 0,
      "depot": 0,
      "I-180_U": 1,
      "O-52_L": 1,
      "O-10_L": 1,
      "O-75_L": 1,
      "O-56_L": 1,
      "I-201_U": 2,
      "O-58_L": 1,
      "O-0_L": 1,
      "I-71_U": 2,
      "I-57_U": 1,
      "O-106_L": 1,
      "I-1_U": 1,
      "I-3_U": 2,
      "I-53_U": 1,
      "I-76_U": 1,
      "O-103_L": 3,
      "O-102_L": 1,
      "I-174_U": 1,
      "I-5_U": 1,
      "I-35_U": 3,
      "O-123_L": 1,
      "I-39_U": 3,
      "O-84_L": 1,
      "O-40_L": 3,
      "O-203_L": 3,
      "O-22_L": 1,
      "O-24_L": 1,
      "O-202_L": 2,
      "O-2_L": 2,
      "I-105_U": 1,
      "I-23_U": 1,
      "I-21_U": 1,
      "O-170_L": 2,
      "I-186_U": 1,
      "I-104_U": 3,
      "O-130_L": 3,
      "O-173_L": 1
    },
    "depot": {
      "O-110_L": 1,
      "I-204_U": 3,
      "I-207_U": 0,
      "I-180_U": 1,
      "O-52_L": 1,
      "O-10_L": 1,
      "O-75_L": 1,
      "O-56_L": 1,
      "I-201_U": 2,
      "O-58_L": 1,
      "O-0_L": 1,
      "I-71_U": 2,
      "I-57_U": 1,
      "O-106_L": 1,
      "I-1_U": 1,
      "I-3_U": 2,
      "I-53_U": 1,
      "I-76_U": 1,
      "O-103_L": 3,
      "O-102_L": 1,
      "I-174_U": 1,
      "I-5_U": 1,
      "I-35_U": 3,
      "O-123_L": 1,
      "I-39_U": 3,
      "O-84_L": 1,
      "O-40_L": 3,
      "O-203_L": 3,
      "O-22_L": 1,
      "O-24_L": 1,
      "O-202_L": 2,
      "O-2_L": 2,
      "I-105_U": 1,
      "I-23_U": 1,
      "I-21_U": 1,
      "O-170_L": 2,
      "I-186_U": 1,
      "I-104_U": 3,
      "O-130_L": 3,
      "O-173_L": 1
    },
    "I-180_U": {
      "O-110_L": 1,
      "I-204_U": 2,
      "I-207_U": 1,
      "depot": 1,
      "I-180_U": 0,
      "O-52_L": 1,
      "O-10_L": 1,
      "O-75_L": 1,
      "O-56_L": 1,
      "I-201_U": 2,
      "O-58_L": 1,
      "O-0_L": 1,
      "I-71_U": 1,
      "I-57_U": 1,
      "O-106_L": 1,
      "I-1_U": 1,
      "I-3_U": 1,
      "I-53_U": 1,
      "I-76_U": 1,
      "O-103_L": 2,
      "O-102_L": 1,
      "I-174_U": 0,
      "I-5_U": 1,
      "I-35_U": 3,
      "O-123_L": 1,
      "I-39_U": 2,
      "O-84_L": 1,
      "O-40_L": 2,
      "O-203_L": 2,
      "O-22_L": 1,
      "O-24_L": 1,
      "O-202_L": 2,
      "O-2_L": 1,
      "I-105_U": 1,
      "I-23_U": 1,
      "I-21_U": 1,
      "O-170_L": 1,
      "I-186_U": 1,
      "I-104_U": 2,
      "O-130_L": 2,
      "O-173_L": 0
    },
    "O-52_L": {
      "O-110_L": 1,
      "I-204_U": 3,
      "I-207_U": 1,
      "depot": 1,
      "I-180_U": 1,
      "O-52_L": 0,
      "O-10_L": 0,
      "O-75_L": 1,
      "O-56_L": 1,
      "I-201_U": 2,
      "O-58_L": 1,
      "O-0_L": 1,
      "I-71_U": 1,
      "I-57_U": 1,
      "O-106_L": 1,
      "I-1_U": 1,
      "I-3_U": 1,
      "I-53_U": 0,
      "I-76_U": 1,
      "O-103_L": 3,
      "O-102_L": 1,
      "I-174_U": 1,
      "I-5_U": 1,
      "I-35_U": 3,
      "O-123_L": 1,
      "I-39_U": 2,
      "O-84_L": 1,
      "O-40_L": 2,
      "O-203_L": 3,
      "O-22_L": 1,
      "O-24_L": 1,
      "O-202_L": 2,
      "O-2_L": 1,
      "I-105_U": 1,
      "I-23_U": 1,
      "I-21_U": 1,
      "O-170_L": 2,
      "I-186_U": 0,
      "I-104_U": 3,
      "O-130_L": 2,
      "O-173_L": 1
    },
    "O-10_L": {
      "O-110_L": 1,
      "I-204_U": 3,
      "I-207_U": 1,
      "depot": 1,
      "I-180_U": 1,
      "O-52_L": 0,
      "O-10_L": 0,
      "O-75_L": 1,
      "O-56_L": 1,
      "I-201_U": 2,
      "O-58_L": 1,
      "O-0_L": 1,
      "I-71_U": 1,
      "I-57_U": 1,
      "O-106_L": 1,
      "I-1_U": 1,
      "I-3_U": 1,
      "I-53_U": 0,
      "I-76_U": 1,
      "O-103_L": 3,
      "O-102_L": 1,
      "I-174_U": 1,
      "I-5_U": 1,
      "I-35_U": 3,
      "O-123_L": 1,
      "I-39_U": 2,
      "O-84_L": 1,
      "O-40_L": 2,
      "O-203_L": 3,
      "O-22_L": 1,
      "O-24_L": 1,
      "O-202_L": 2,
      "O-2_L": 1,
      "I-105_U": 1,
      "I-23_U": 1,
      "I-21_U": 1,
      "O-170_L": 2,
      "I-186_U": 0,
      "I-104_U": 3,
      "O-130_L": 2,
      "O-173_L": 1
    },
    "O-75_L": {
      "O-110_L": 1,
      "I-204_U": 3,
      "I-207_U": 1,
      "depot": 1,
      "I-180_U": 1,
      "O-52_L": 1,
      "O-10_L": 1,
      "O-75_L": 0,
      "O-56_L": 1,
      "I-201_U": 3,
      "O-58_L": 1,
      "O-0_L": 2,
      "I-71_U": 2,
      "I-57_U": 1,
      "O-106_L": 2,
      "I-1_U": 2,
      "I-3_U": 2,
      "I-53_U": 1,
      "I-76_U": 0,
      "O-103_L": 3,
      "O-102_L": 2,
      "I-174_U": 1,
      "I-5_U": 1,
      "I-35_U": 3,
      "O-123_L": 2,
      "I-39_U": 3,
      "O-84_L": 1,
      "O-40_L": 3,
      "O-203_L": 3,
      "O-22_L": 1,
      "O-24_L": 0,
      "O-202_L": 3,
      "O-2_L": 2,
      "I-105_U": 2,
      "I-23_U": 0,
      "I-21_U": 1,
      "O-170_L": 2,
      "I-186_U": 1,
      "I-104_U": 3,
      "O-130_L": 3,
      "O-173_L": 1
    },
    "O-56_L": {
      "O-110_L": 1,
      "I-204_U": 2,
      "I-207_U": 1,
      "depot": 1,
      "I-180_U": 1,
      "O-52_L": 1,
      "O-10_L": 1,
      "O-75_L": 1,
      "O-56_L": 0,
      "I-201_U": 2,
      "O-58_L": 1,
      "O-0_L": 1,
      "I-71_U": 1,
      "I-57_U": 1,
      "O-106_L": 1,
      "I-1_U": 1,
      "I-3_U": 1,
      "I-53_U": 1,
      "I-76_U": 1,
      "O-103_L": 2,
      "O-102_L": 1,
      "I-174_U": 1,
      "I-5_U": 1,
      "I-35_U": 3,
      "O-123_L": 1,
      "I-39_U": 2,
      "O-84_L": 1,
      "O-40_L": 2,
      "O-203_L": 2,
      "O-22_L": 1,
      "O-24_L": 1,
      "O-202_L": 2,
      "O-2_L": 1,
      "I-105_U": 1,
      "I-23_U": 1,
      "I-21_U": 1,
      "O-170_L": 1,
      "I-186_U": 1,
      "I-104_U": 2,
      "O-130_L": 2,
      "O-173_L": 1
    },
    "I-201_U": {
      "O-110_L": 2,
      "I-204_U": 1,
      "I-207_U": 2,
      "depot": 2,
      "I-180_U": 2,
      "O-52_L": 2,
      "O-10_L": 2,
      "O-75_L": 3,
      "O-56_L": 2,
      "I-201_U": 0,
      "O-58_L": 2,
      "O-0_L": 2,
      "I-71_U": 2,
      "I-57_U": 2,
      "O-106_L": 2,
      "I-1_U": 2,
      "I-3_U": 2,
      "I-53_U": 2,
      "I-76_U": 3,
      "O-103_L": 1,
      "O-102_L": 2,
      "I-174_U": 2,
      "I-5_U": 2,
      "I-35_U": 1,
      "O-123_L": 2,
      "I-39_U": 1,
      "O-84_L": 2,
      "O-40_L": 1,
      "O-203_L": 1,
      "O-22_L": 2,
      "O-24_L": 3,
      "O-202_L": 0,
      "O-2_L": 2,
      "I-105_U": 2,
      "I-23_U": 3,
      "I-21_U": 2,
      "O-170_L": 2,
      "I-186_U": 2,
      "I-104_U": 1,
      "O-130_L": 1,
      "O-173_L": 2
    },
    "O-58_L": {
      "O-110_L": 1,
      "I-204_U": 2,
      "I-207_U": 1,
      "depot": 1,
      "I-180_U": 1,
      "O-52_L": 1,
      "O-10_L": 1,
      "O-75_L": 1,
      "O-56_L": 1,
      "I-201_U": 2,
      "O-58_L": 0,
      "O-0_L": 1,
      "I-71_U": 1,
      "I-57_U": 0,
      "O-106_L": 1,
      "I-1_U": 1,
      "I-3_U": 1,
      "I-53_U": 1,
      "I-76_U": 1,
      "O-103_L": 2,
      "O-102_L": 1,
      "I-174_U": 1,
      "I-5_U": 1,
      "I-35_U": 3,
      "O-123_L": 1,
      "I-39_U": 2,
      "O-84_L": 1,
      "O-40_L": 2,
      "O-203_L": 2,
      "O-22_L": 1,
      "O-24_L": 1,
      "O-202_L": 2,
      "O-2_L": 1,
      "I-105_U": 1,
      "I-23_U": 1,
      "I-21_U": 1,
      "O-170_L": 1,
      "I-186_U": 1,
      "I-104_U": 2,
      "O-130_L": 2,
      "O-173_L": 1
    },
    "O-0_L": {
      "O-110_L": 1,
      "I-204_U": 2,
      "I-207_U": 1,
      "depot": 1,
      "I-180_U": 1,
      "O-52_L": 1,
      "O-10_L": 1,
      "O-75_L": 2,
      "O-56_L": 1,
      "I-201_U": 2,
      "O-58_L": 1,
      "O-0_L": 0,
      "I-71_U": 1,
      "I-57_U": 1,
      "O-106_L": 1,
      "I-1_U": 0,
      "I-3_U": 1,
      "I-53_U": 1,
      "I-76_U": 2,
      "O-103_L": 2,
      "O-102_L": 1,
      "I-174_U": 1,
      "I-5_U": 1,
      "I-35_U": 2,
      "O-123_L": 1,
      "I-39_U": 2,
      "O-84_L": 1,
      "O-40_L": 2,
      "O-203_L": 2,
      "O-22_L": 1,
      "O-24_L": 2,
      "O-202_L": 2,
      "O-2_L": 1,
      "I-105_U": 1,
      "I-23_U": 2,
      "I-21_U": 1,
      "O-170_L": 1,
      "I-186_U": 1,
      "I-104_U": 2,
      "O-130_L": 2,
      "O-173_L": 1
    },
    "I-71_U": {
      "O-110_L": 1,
      "I-204_U": 2,
      "I-207_U": 2,
      "depot": 2,
      "I-180_U": 1,
      "O-52_L": 1,
      "O-10_L": 1,
      "O-75_L": 2,
      "O-56_L": 1,
      "I-201_U": 2,
      "O-58_L": 1,
      "O-0_L": 1,
      "I-71_U": 0,
      "I-57_U": 1,
      "O-106_L": 1,
      "I-1_U": 1,
      "I-3_U": 0,
      "I-53_U": 1,
      "I-76_U": 2,
      "O-103_L": 2,
      "O-102_L": 1,
      "I-174_U": 1,
      "I-5_U": 1,
      "I-35_U": 2,
      "O-123_L": 1,
      "I-39_U": 2,
      "O-84_L": 1,
      "O-40_L": 2,
      "O-203_L": 2,
      "O-22_L": 1,
      "O-24_L": 2,
      "O-202_L": 2,
      "O-2_L": 0,
      "I-105_U": 1,
      "I-23_U": 2,
      "I-21_U": 1,
      "O-170_L": 1,
      "I-186_U": 1,
      "I-104_U": 2,
      "O-130_L": 2,
      "O-173_L": 1
    },
    "I-57_U": {
      "O-110_L": 1,
      "I-204_U": 2,
      "I-207_U": 1,
      "depot": 1,
      "I-180_U": 1,
      "O-52_L": 1,
      "O-10_L": 1,
      "O-75_L": 1,
      "O-56_L": 1,
      "I-201_U": 2,
      "O-58_L": 0,
      "O-0_L": 1,
      "I-71_U": 1,
      "I-57_U": 0,
      "O-106_L": 1,
      "I-1_U": 1,
      "I-3_U": 1,
      "I-53_U": 1,
      "I-76_U": 1,
      "O-103_L": 2,
      "O-102_L": 1,
      "I-174_U": 1,
      "I-5_U": 1,
      "I-35_U": 3,
      "O-123_L": 1,
      "I-39_U": 2,
      "O-84_L": 1,
      "O-40_L": 2,
      "O-203_L": 2,
      "O-22_L": 1,
      "O-24_L": 1,
      "O-202_L": 2,
      "O-2_L": 1,
      "I-105_U": 1,
      "I-23_U": 1,
      "I-21_U": 1,
      "O-170_L": 1,
      "I-186_U": 1,
      "I-104_U": 2,
      "O-130_L": 2,
      "O-173_L": 1
    },
    "O-106_L": {
      "O-110_L": 1,
      "I-204_U": 2,
      "I-207_U": 1,
      "depot": 1,
      "I-180_U": 1,
      "O-52_L": 1,
      "O-10_L": 1,
      "O-75_L": 2,
      "O-56_L": 1,
      "I-201_U": 2,
      "O-58_L": 1,
      "O-0_L": 1,
      "I-71_U": 1,
      "I-57_U": 1,
      "O-106_L": 0,
      "I-1_U": 1,
      "I-3_U": 1,
      "I-53_U": 1,
      "I-76_U": 2,
      "O-103_L": 2,
      "O-102_L": 0,
      "I-174_U": 1,
      "I-5_U": 1,
      "I-35_U": 2,
      "O-123_L": 0,
      "I-39_U": 2,
      "O-84_L": 1,
      "O-40_L": 2,
      "O-203_L": 2,
      "O-22_L": 1,
      "O-24_L": 2,
      "O-202_L": 2,
      "O-2_L": 1,
      "I-105_U": 0,
      "I-23_U": 2,
      "I-21_U": 1,
      "O-170_L": 1,
      "I-186_U": 1,
      "I-104_U": 2,
      "O-130_L": 2,
      "O-173_L": 1
    },
    "I-1_U": {
      "O-110_L": 1,
      "I-204_U": 2,
      "I-207_U": 1,
      "depot": 1,
      "I-180_U": 1,
      "O-52_L": 1,
      "O-10_L": 1,
      "O-75_L": 2,
      "O-56_L": 1,
      "I-201_U": 2,
      "O-58_L": 1,
      "O-0_L": 0,
      "I-71_U": 1,
      "I-57_U": 1,
      "O-106_L": 1,
      "I-1_U": 0,
      "I-3_U": 1,
      "I-53_U": 1,
      "I-76_U": 2,
      "O-103_L": 2,
      "O-102_L": 1,
      "I-174_U": 1,
      "I-5_U": 1,
      "I-35_U": 2,
      "O-123_L": 1,
      "I-39_U": 2,
      "O-84_L": 1,
      "O-40_L": 2,
      "O-203_L": 2,
      "O-22_L": 1,
      "O-24_L": 2,
      "O-202_L": 2,
      "O-2_L": 1,
      "I-105_U": 1,
      "I-23_U": 2,
      "I-21_U": 1,
      "O-170_L": 1,
      "I-186_U": 1,
      "I-104_U": 2,
      "O-130_L": 2,
      "O-173_L": 1
    },
    "I-3_U": {
      "O-110_L": 1,
      "I-204_U": 2,
      "I-207_U": 2,
      "depot": 2,
      "I-180_U": 1,
      "O-52_L": 1,
      "O-10_L": 1,
      "O-75_L": 2,
      "O-56_L": 1,
      "I-201_U": 2,
      "O-58_L": 1,
      "O-0_L": 1,
      "I-71_U": 0,
      "I-57_U": 1,
      "O-106_L": 1,
      "I-1_U": 1,
      "I-3_U": 0,
      "I-53_U": 1,
      "I-76_U": 2,
      "O-103_L": 2,
      "O-102_L": 1,
      "I-174_U": 1,
      "I-5_U": 1,
      "I-35_U": 2,
      "O-123_L": 1,
      "I-39_U": 2,
      "O-84_L": 1,
      "O-40_L": 2,
      "O-203_L": 2,
      "O-22_L": 1,
      "O-24_L": 2,
      "O-202_L": 2,
      "O-2_L": 0,
      "I-105_U": 1,
      "I-23_U": 2,
      "I-21_U": 1,
      "O-170_L": 1,
      "I-186_U": 1,
      "I-104_U": 2,
      "O-130_L": 2,
      "O-173_L": 1
    },
    "I-53_U": {
      "O-110_L": 1,
      "I-204_U": 3,
      "I-207_U": 1,
      "depot": 1,
      "I-180_U": 1,
      "O-52_L": 0,
      "O-10_L": 0,
      "O-75_L": 1,
      "O-56_L": 1,
      "I-201_U": 2,
      "O-58_L": 1,
      "O-0_L": 1,
      "I-71_U": 1,
      "I-57_U": 1,
      "O-106_L": 1,
      "I-1_U": 1,
      "I-3_U": 1,
      "I-53_U": 0,
      "I-76_U": 1,
      "O-103_L": 3,
      "O-102_L": 1,
      "I-174_U": 1,
      "I-5_U": 1,
      "I-35_U": 3,
      "O-123_L": 1,
      "I-39_U": 2,
      "O-84_L": 1,
      "O-40_L": 2,
      "O-203_L": 3,
      "O-22_L": 1,
      "O-24_L": 1,
      "O-202_L": 2,
      "O-2_L": 1,
      "I-105_U": 1,
      "I-23_U": 1,
      "I-21_U": 1,
      "O-170_L": 2,
      "I-186_U": 0,
      "I-104_U": 3,
      "O-130_L": 2,
      "O-173_L": 1
    },
    "I-76_U": {
      "O-110_L": 1,
      "I-204_U": 3,
      "I-207_U": 1,
      "depot": 1,
      "I-180_U": 1,
      "O-52_L": 1,
      "O-10_L": 1,
      "O-75_L": 0,
      "O-56_L": 1,
      "I-201_U": 3,
      "O-58_L": 1,
      "O-0_L": 2,
      "I-71_U": 2,
      "I-57_U": 1,
      "O-106_L": 2,
      "I-1_U": 2,
      "I-3_U": 2,
      "I-53_U": 1,
      "I-76_U": 0,
      "O-103_L": 3,
      "O-102_L": 2,
      "I-174_U": 1,
      "I-5_U": 1,
      "I-35_U": 3,
      "O-123_L": 2,
      "I-39_U": 3,
      "O-84_L": 1,
      "O-40_L": 3,
      "O-203_L": 3,
      "O-22_L": 1,
      "O-24_L": 0,
      "O-202_L": 3,
      "O-2_L": 2,
      "I-105_U": 2,
      "I-23_U": 0,
      "I-21_U": 1,
      "O-170_L": 2,
      "I-186_U": 1,
      "I-104_U": 3,
      "O-130_L": 3,
      "O-173_L": 1
    },
    "O-103_L": {
      "O-110_L": 2,
      "I-204_U": 0,
      "I-207_U": 3,
      "depot": 3,
      "I-180_U": 2,
      "O-52_L": 3,
      "O-10_L": 3,
      "O-75_L": 3,
      "O-56_L": 2,
      "I-201_U": 1,
      "O-58_L": 2,
      "O-0_L": 2,
      "I-71_U": 2,
      "I-57_U": 2,
      "O-106_L": 2,
      "I-1_U": 2,
      "I-3_U": 2,
      "I-53_U": 3,
      "I-76_U": 3,
      "O-103_L": 0,
      "O-102_L": 2,
      "I-174_U": 2,
      "I-5_U": 2,
      "I-35_U": 1,
      "O-123_L": 2,
      "I-39_U": 1,
      "O-84_L": 2,
      "O-40_L": 1,
      "O-203_L": 0,
      "O-22_L": 2,
      "O-24_L": 3,
      "O-202_L": 1,
      "O-2_L": 2,
      "I-105_U": 2,
      "I-23_U": 3,
      "I-21_U": 2,
      "O-170_L": 2,
      "I-186_U": 3,
      "I-104_U": 0,
      "O-130_L": 1,
      "O-173_L": 2
    },
    "O-102_L": {
      "O-110_L": 1,
      "I-204_U": 2,
      "I-207_U": 1,
      "depot": 1,
      "I-180_U": 1,
      "O-52_L": 1,
      "O-10_L": 1,
      "O-75_L": 2,
      "O-56_L": 1,
      "I-201_U": 2,
      "O-58_L": 1,
      "O-0_L": 1,
      "I-71_U": 1,
      "I-57_U": 1,
      "O-106_L": 0,
      "I-1_U": 1,
      "I-3_U": 1,
      "I-53_U": 1,
      "I-76_U": 2,
      "O-103_L": 2,
      "O-102_L": 0,
      "I-174_U": 1,
      "I-5_U": 1,
      "I-35_U": 2,
      "O-123_L": 0,
      "I-39_U": 2,
      "O-84_L": 1,
      "O-40_L": 2,
      "O-203_L": 2,
      "O-22_L": 1,
      "O-24_L": 2,
      "O-202_L": 2,
      "O-2_L": 1,
      "I-105_U": 0,
      "I-23_U": 2,
      "I-21_U": 1,
      "O-170_L": 1,
      "I-186_U": 1,
      "I-104_U": 2,
      "O-130_L": 2,
      "O-173_L": 1
    },
    "I-174_U": {
      "O-110_L": 1,
      "I-204_U": 2,
      "I-207_U": 1,
      "depot": 1,
      "I-180_U": 0,
      "O-52_L": 1,
      "O-10_L": 1,
      "O-75_L": 1,
      "O-56_L": 1,
      "I-201_U": 2,
      "O-58_L": 1,
      "O-0_L": 1,
      "I-71_U": 1,
      "I-57_U": 1,
      "O-106_L": 1,
      "I-1_U": 1,
      "I-3_U": 1,
      "I-53_U": 1,
      "I-76_U": 1,
      "O-103_L": 2,
      "O-102_L": 1,
      "I-174_U": 0,
      "I-5_U": 1,
      "I-35_U": 3,
      "O-123_L": 1,
      "I-39_U": 2,
      "O-84_L": 1,
      "O-40_L": 2,
      "O-203_L": 2,
      "O-22_L": 1,
      "O-24_L": 1,
      "O-202_L": 2,
      "O-2_L": 1,
      "I-105_U": 1,
      "I-23_U": 1,
      "I-21_U": 1,
      "O-170_L": 1,
      "I-186_U": 1,
      "I-104_U": 2,
      "O-130_L": 2,
      "O-173_L": 0
    },
    "I-5_U": {
      "O-110_L": 1,
      "I-204_U": 2,
      "I-207_U": 1,
      "depot": 1,
      "I-180_U": 1,
      "O-52_L": 1,
      "O-10_L": 1,
      "O-75_L": 1,
      "O-56_L": 1,
      "I-201_U": 2,
      "O-58_L": 1,
      "O-0_L": 1,
      "I-71_U": 1,
      "I-57_U": 1,
      "O-106_L": 1,
      "I-1_U": 1,
      "I-3_U": 1,
      "I-53_U": 1,
      "I-76_U": 1,
      "O-103_L": 2,
      "O-102_L": 1,
      "I-174_U": 1,
      "I-5_U": 0,
      "I-35_U": 3,
      "O-123_L": 1,
      "I-39_U": 2,
      "O-84_L": 1,
      "O-40_L": 2,
      "O-203_L": 2,
      "O-22_L": 1,
      "O-24_L": 1,
      "O-202_L": 2,
      "O-2_L": 1,
      "I-105_U": 1,
      "I-23_U": 1,
      "I-21_U": 1,
      "O-170_L": 2,
      "I-186_U": 1,
      "I-104_U": 2,
      "O-130_L": 2,
      "O-173_L": 1
    },
    "I-35_U": {
      "O-110_L": 2,
      "I-204_U": 1,
      "I-207_U": 3,
      "depot": 3,
      "I-180_U": 3,
      "O-52_L": 3,
      "O-10_L": 3,
      "O-75_L": 3,
      "O-56_L": 3,
      "I-201_U": 1,
      "O-58_L": 3,
      "O-0_L": 2,
      "I-71_U": 2,
      "I-57_U": 3,
      "O-106_L": 2,
      "I-1_U": 2,
      "I-3_U": 2,
      "I-53_U": 3,
      "I-76_U": 3,
      "O-103_L": 1,
      "O-102_L": 2,
      "I-174_U": 3,
      "I-5_U": 3,
      "I-35_U": 0,
      "O-123_L": 2,
      "I-39_U": 1,
      "O-84_L": 3,
      "O-40_L": 1,
      "O-203_L": 1,
      "O-22_L": 2,
      "O-24_L": 3,
      "O-202_L": 1,
      "O-2_L": 2,
      "I-105_U": 2,
      "I-23_U": 3,
      "I-21_U": 2,
      "O-170_L": 2,
      "I-186_U": 3,
      "I-104_U": 1,
      "O-130_L": 1,
      "O-173_L": 3
    },
    "O-123_L": {
      "O-110_L": 1,
      "I-204_U": 2,
      "I-207_U": 1,
      "depot": 1,
      "I-180_U": 1,
      "O-52_L": 1,
      "O-10_L": 1,
      "O-75_L": 2,
      "O-56_L": 1,
      "I-201_U": 2,
      "O-58_L": 1,
      "O-0_L": 1,
      "I-71_U": 1,
      "I-57_U": 1,
      "O-106_L": 0,
      "I-1_U": 1,
      "I-3_U": 1,
      "I-53_U": 1,
      "I-76_U": 2,
      "O-103_L": 2,
      "O-102_L": 0,
      "I-174_U": 1,
      "I-5_U": 1,
      "I-35_U": 2,
      "O-123_L": 0,
      "I-39_U": 2,
      "O-84_L": 1,
      "O-40_L": 2,
      "O-203_L": 2,
      "O-22_L": 1,
      "O-24_L": 2,
      "O-202_L": 2,
      "O-2_L": 1,
      "I-105_U": 0,
      "I-23_U": 2,
      "I-21_U": 1,
      "O-170_L": 1,
      "I-186_U": 1,
      "I-104_U": 2,
      "O-130_L": 2,
      "O-173_L": 1
    },
    "I-39_U": {
      "O-110_L": 2,
      "I-204_U": 1,
      "I-207_U": 3,
      "depot": 3,
      "I-180_U": 2,
      "O-52_L": 2,
      "O-10_L": 2,
      "O-75_L": 3,
      "O-56_L": 2,
      "I-201_U": 1,
      "O-58_L": 2,
      "O-0_L": 2,
      "I-71_U": 2,
      "I-57_U": 2,
      "O-106_L": 2,
      "I-1_U": 2,
      "I-3_U": 2,
      "I-53_U": 2,
      "I-76_U": 3,
      "O-103_L": 1,
      "O-102_L": 2,
      "I-174_U": 2,
      "I-5_U": 2,
      "I-35_U": 1,
      "O-123_L": 2,
      "I-39_U": 0,
      "O-84_L": 2,
      "O-40_L": 0,
      "O-203_L": 1,
      "O-22_L": 2,
      "O-24_L": 3,
      "O-202_L": 1,
      "O-2_L": 2,
      "I-105_U": 2,
      "I-23_U": 3,
      "I-21_U": 2,
      "O-170_L": 2,
      "I-186_U": 2,
      "I-104_U": 1,
      "O-130_L": 0,
      "O-173_L": 2
    },
    "O-84_L": {
      "O-110_L": 1,
      "I-204_U": 2,
      "I-207_U": 1,
      "depot": 1,
      "I-180_U": 1,
      "O-52_L": 1,
      "O-10_L": 1,
      "O-75_L": 1,
      "O-56_L": 1,
      "I-201_U": 2,
      "O-58_L": 1,
      "O-0_L": 1,
      "I-71_U": 1,
      "I-57_U": 1,
      "O-106_L": 1,
      "I-1_U": 1,
      "I-3_U": 1,
      "I-53_U": 1,
      "I-76_U": 1,
      "O-103_L": 2,
      "O-102_L": 1,
      "I-174_U": 1,
      "I-5_U": 1,
      "I-35_U": 3,
      "O-123_L": 1,
      "I-39_U": 2,
      "O-84_L": 0,
      "O-40_L": 2,
      "O-203_L": 2,
      "O-22_L": 1,
      "O-24_L": 1,
      "O-202_L": 2,
      "O-2_L": 1,
      "I-105_U": 1,
      "I-23_U": 1,
      "I-21_U": 1,
      "O-170_L": 1,
      "I-186_U": 1,
      "I-104_U": 2,
      "O-130_L": 2,
      "O-173_L": 1
    },
    "O-40_L": {
      "O-110_L": 2,
      "I-204_U": 1,
      "I-207_U": 3,
      "depot": 3,
      "I-180_U": 2,
      "O-52_L": 2,
      "O-10_L": 2,
      "O-75_L": 3,
      "O-56_L": 2,
      "I-201_U": 1,
      "O-58_L": 2,
      "O-0_L": 2,
      "I-71_U": 2,
      "I-57_U": 2,
      "O-106_L": 2,
      "I-1_U": 2,
      "I-3_U": 2,
      "I-53_U": 2,
      "I-76_U": 3,
      "O-103_L": 1,
      "O-102_L": 2,
      "I-174_U": 2,
      "I-5_U": 2,
      "I-35_U": 1,
      "O-123_L": 2,
      "I-39_U": 0,
      "O-84_L": 2,
      "O-40_L": 0,
      "O-203_L": 1,
      "O-22_L": 2,
      "O-24_L": 3,
      "O-202_L": 1,
      "O-2_L": 2,
      "I-105_U": 2,
      "I-23_U": 3,
      "I-21_U": 2,
      "O-170_L": 2,
      "I-186_U": 2,
      "I-104_U": 1,
      "O-130_L": 0,
      "O-173_L": 2
    },
    "O-203_L": {
      "O-110_L": 2,
      "I-204_U": 0,
      "I-207_U": 3,
      "depot": 3,
      "I-180_U": 2,
      "O-52_L": 3,
      "O-10_L": 3,
      "O-75_L": 3,
      "O-56_L": 2,
      "I-201_U": 1,
      "O-58_L": 2,
      "O-0_L": 2,
      "I-71_U": 2,
      "I-57_U": 2,
      "O-106_L": 2,
      "I-1_U": 2,
      "I-3_U": 2,
      "I-53_U": 3,
      "I-76_U": 3,
      "O-103_L": 0,
      "O-102_L": 2,
      "I-174_U": 2,
      "I-5_U": 2,
      "I-35_U": 1,
      "O-123_L": 2,
      "I-39_U": 1,
      "O-84_L": 2,
      "O-40_L": 1,
      "O-203_L": 0,
      "O-22_L": 2,
      "O-24_L": 3,
      "O-202_L": 1,
      "O-2_L": 2,
      "I-105_U": 2,
      "I-23_U": 3,
      "I-21_U": 2,
      "O-170_L": 2,
      "I-186_U": 3,
      "I-104_U": 0,
      "O-130_L": 1,
      "O-173_L": 2
    },
    "O-22_L": {
      "O-110_L": 1,
      "I-204_U": 2,
      "I-207_U": 1,
      "depot": 1,
      "I-180_U": 1,
      "O-52_L": 1,
      "O-10_L": 1,
      "O-75_L": 1,
      "O-56_L": 1,
      "I-201_U": 2,
      "O-58_L": 1,
      "O-0_L": 1,
      "I-71_U": 1,
      "I-57_U": 1,
      "O-106_L": 1,
      "I-1_U": 1,
      "I-3_U": 1,
      "I-53_U": 1,
      "I-76_U": 1,
      "O-103_L": 2,
      "O-102_L": 1,
      "I-174_U": 1,
      "I-5_U": 1,
      "I-35_U": 2,
      "O-123_L": 1,
      "I-39_U": 2,
      "O-84_L": 1,
      "O-40_L": 2,
      "O-203_L": 2,
      "O-22_L": 0,
      "O-24_L": 1,
      "O-202_L": 2,
      "O-2_L": 1,
      "I-105_U": 1,
      "I-23_U": 1,
      "I-21_U": 0,
      "O-170_L": 1,
      "I-186_U": 1,
      "I-104_U": 2,
      "O-130_L": 2,
      "O-173_L": 1
    },
    "O-24_L": {
      "O-110_L": 1,
      "I-204_U": 3,
      "I-207_U": 1,
      "depot": 1,
      "I-180_U": 1,
      "O-52_L": 1,
      "O-10_L": 1,
      "O-75_L": 0,
      "O-56_L": 1,
      "I-201_U": 3,
      "O-58_L": 1,
      "O-0_L": 2,
      "I-71_U": 2,
      "I-57_U": 1,
      "O-106_L": 2,
      "I-1_U": 2,
      "I-3_U": 2,
      "I-53_U": 1,
      "I-76_U": 0,
      "O-103_L": 3,
      "O-102_L": 2,
      "I-174_U": 1,
      "I-5_U": 1,
      "I-35_U": 3,
      "O-123_L": 2,
      "I-39_U": 3,
      "O-84_L": 1,
      "O-40_L": 3,
      "O-203_L": 3,
      "O-22_L": 1,
      "O-24_L": 0,
      "O-202_L": 3,
      "O-2_L": 2,
      "I-105_U": 2,
      "I-23_U": 0,
      "I-21_U": 1,
      "O-170_L": 2,
      "I-186_U": 1,
      "I-104_U": 3,
      "O-130_L": 3,
      "O-173_L": 1
    },
    "O-202_L": {
      "O-110_L": 2,
      "I-204_U": 1,
      "I-207_U": 2,
      "depot": 2,
      "I-180_U": 2,
      "O-52_L": 2,
      "O-10_L": 2,
      "O-75_L": 3,
      "O-56_L": 2,
      "I-201_U": 0,
      "O-58_L": 2,
      "O-0_L": 2,
      "I-71_U": 2,
      "I-57_U": 2,
      "O-106_L": 2,
      "I-1_U": 2,
      "I-3_U": 2,
      "I-53_U": 2,
      "I-76_U": 3,
      "O-103_L": 1,
      "O-102_L": 2,
      "I-174_U": 2,
      "I-5_U": 2,
      "I-35_U": 1,
      "O-123_L": 2,
      "I-39_U": 1,
      "O-84_L": 2,
      "O-40_L": 1,
      "O-203_L": 1,
      "O-22_L": 2,
      "O-24_L": 3,
      "O-202_L": 0,
      "O-2_L": 2,
      "I-105_U": 2,
      "I-23_U": 3,
      "I-21_U": 2,
      "O-170_L": 2,
      "I-186_U": 2,
      "I-104_U": 1,
      "O-130_L": 1,
      "O-173_L": 2
    },
    "O-2_L": {
      "O-110_L": 1,
      "I-204_U": 2,
      "I-207_U": 2,
      "depot": 2,
      "I-180_U": 1,
      "O-52_L": 1,
      "O-10_L": 1,
      "O-75_L": 2,
      "O-56_L": 1,
      "I-201_U": 2,
      "O-58_L": 1,
      "O-0_L": 1,
      "I-71_U": 0,
      "I-57_U": 1,
      "O-106_L": 1,
      "I-1_U": 1,
      "I-3_U": 0,
      "I-53_U": 1,
      "I-76_U": 2,
      "O-103_L": 2,
      "O-102_L": 1,
      "I-174_U": 1,
      "I-5_U": 1,
      "I-35_U": 2,
      "O-123_L": 1,
      "I-39_U": 2,
      "O-84_L": 1,
      "O-40_L": 2,
      "O-203_L": 2,
      "O-22_L": 1,
      "O-24_L": 2,
      "O-202_L": 2,
      "O-2_L": 0,
      "I-105_U": 1,
      "I-23_U": 2,
      "I-21_U": 1,
      "O-170_L": 1,
      "I-186_U": 1,
      "I-104_U": 2,
      "O-130_L": 2,
      "O-173_L": 1
    },
    "I-105_U": {
      "O-110_L": 1,
      "I-204_U": 2,
      "I-207_U": 1,
      "depot": 1,
      "I-180_U": 1,
      "O-52_L": 1,
      "O-10_L": 1,
      "O-75_L": 2,
      "O-56_L": 1,
      "I-201_U": 2,
      "O-58_L": 1,
      "O-0_L": 1,
      "I-71_U": 1,
      "I-57_U": 1,
      "O-106_L": 0,
      "I-1_U": 1,
      "I-3_U": 1,
      "I-53_U": 1,
      "I-76_U": 2,
      "O-103_L": 2,
      "O-102_L": 0,
      "I-174_U": 1,
      "I-5_U": 1,
      "I-35_U": 2,
      "O-123_L": 0,
      "I-39_U": 2,
      "O-84_L": 1,
      "O-40_L": 2,
      "O-203_L": 2,
      "O-22_L": 1,
      "O-24_L": 2,
      "O-202_L": 2,
      "O-2_L": 1,
      "I-105_U": 0,
      "I-23_U": 2,
      "I-21_U": 1,
      "O-170_L": 1,
      "I-186_U": 1,
      "I-104_U": 2,
      "O-130_L": 2,
      "O-173_L": 1
    },
    "I-23_U": {
      "O-110_L": 1,
      "I-204_U": 3,
      "I-207_U": 1,
      "depot": 1,
      "I-180_U": 1,
      "O-52_L": 1,
      "O-10_L": 1,
      "O-75_L": 0,
      "O-56_L": 1,
      "I-201_U": 3,
      "O-58_L": 1,
      "O-0_L": 2,
      "I-71_U": 2,
      "I-57_U": 1,
      "O-106_L": 2,
      "I-1_U": 2,
      "I-3_U": 2,
      "I-53_U": 1,
      "I-76_U": 0,
      "O-103_L": 3,
      "O-102_L": 2,
      "I-174_U": 1,
      "I-5_U": 1,
      "I-35_U": 3,
      "O-123_L": 2,
      "I-39_U": 3,
      "O-84_L": 1,
      "O-40_L": 3,
      "O-203_L": 3,
      "O-22_L": 1,
      "O-24_L": 0,
      "O-202_L": 3,
      "O-2_L": 2,
      "I-105_U": 2,
      "I-23_U": 0,
      "I-21_U": 1,
      "O-170_L": 2,
      "I-186_U": 1,
      "I-104_U": 3,
      "O-130_L": 3,
      "O-173_L": 1
    },
    "I-21_U": {
      "O-110_L": 1,
      "I-204_U": 2,
      "I-207_U": 1,
      "depot": 1,
      "I-180_U": 1,
      "O-52_L": 1,
      "O-10_L": 1,
      "O-75_L": 1,
      "O-56_L": 1,
      "I-201_U": 2,
      "O-58_L": 1,
      "O-0_L": 1,
      "I-71_U": 1,
      "I-57_U": 1,
      "O-106_L": 1,
      "I-1_U": 1,
      "I-3_U": 1,
      "I-53_U": 1,
      "I-76_U": 1,
      "O-103_L": 2,
      "O-102_L": 1,
      "I-174_U": 1,
      "I-5_U": 1,
      "I-35_U": 2,
      "O-123_L": 1,
      "I-39_U": 2,
      "O-84_L": 1,
      "O-40_L": 2,
      "O-203_L": 2,
      "O-22_L": 0,
      "O-24_L": 1,
      "O-202_L": 2,
      "O-2_L": 1,
      "I-105_U": 1,
      "I-23_U": 1,
      "I-21_U": 0,
      "O-170_L": 1,
      "I-186_U": 1,
      "I-104_U": 2,
      "O-130_L": 2,
      "O-173_L": 1
    },
    "O-170_L": {
      "O-110_L": 1,
      "I-204_U": 2,
      "I-207_U": 2,
      "depot": 2,
      "I-180_U": 1,
      "O-52_L": 2,
      "O-10_L": 2,
      "O-75_L": 2,
      "O-56_L": 1,
      "I-201_U": 2,
      "O-58_L": 1,
      "O-0_L": 1,
      "I-71_U": 1,
      "I-57_U": 1,
      "O-106_L": 1,
      "I-1_U": 1,
      "I-3_U": 1,
      "I-53_U": 2,
      "I-76_U": 2,
      "O-103_L": 2,
      "O-102_L": 1,
      "I-174_U": 1,
      "I-5_U": 2,
      "I-35_U": 2,
      "O-123_L": 1,
      "I-39_U": 2,
      "O-84_L": 1,
      "O-40_L": 2,
      "O-203_L": 2,
      "O-22_L": 1,
      "O-24_L": 2,
      "O-202_L": 2,
      "O-2_L": 1,
      "I-105_U": 1,
      "I-23_U": 2,
      "I-21_U": 1,
      "O-170_L": 0,
      "I-186_U": 2,
      "I-104_U": 2,
      "O-130_L": 2,
      "O-173_L": 1
    },
    "I-186_U": {
      "O-110_L": 1,
      "I-204_U": 3,
      "I-207_U": 1,
      "depot": 1,
      "I-180_U": 1,
      "O-52_L": 0,
      "O-10_L": 0,
      "O-75_L": 1,
      "O-56_L": 1,
      "I-201_U": 2,
      "O-58_L": 1,
      "O-0_L": 1,
      "I-71_U": 1,
      "I-57_U": 1,
      "O-106_L": 1,
      "I-1_U": 1,
      "I-3_U": 1,
      "I-53_U": 0,
      "I-76_U": 1,
      "O-103_L": 3,
      "O-102_L": 1,
      "I-174_U": 1,
      "I-5_U": 1,
      "I-35_U": 3,
      "O-123_L": 1,
      "I-39_U": 2,
      "O-84_L": 1,
      "O-40_L": 2,
      "O-203_L": 3,
      "O-22_L": 1,
      "O-24_L": 1,
      "O-202_L": 2,
      "O-2_L": 1,
      "I-105_U": 1,
      "I-23_U": 1,
      "I-21_U": 1,
      "O-170_L": 2,
      "I-186_U": 0,
      "I-104_U": 3,
      "O-130_L": 2,
      "O-173_L": 1
    },
    "I-104_U": {
      "O-110_L": 2,
      "I-204_U": 0,
      "I-207_U": 3,
      "depot": 3,
      "I-180_U": 2,
      "O-52_L": 3,
      "O-10_L": 3,
      "O-75_L": 3,
      "O-56_L": 2,
      "I-201_U": 1,
      "O-58_L": 2,
      "O-0_L": 2,
      "I-71_U": 2,
      "I-57_U": 2,
      "O-106_L": 2,
      "I-1_U": 2,
      "I-3_U": 2,
      "I-53_U": 3,
      "I-76_U": 3,
      "O-103_L": 0,
      "O-102_L": 2,
      "I-174_U": 2,
      "I-5_U": 2,
      "I-35_U": 1,
      "O-123_L": 2,
      "I-39_U": 1,
      "O-84_L": 2,
      "O-40_L": 1,
      "O-203_L": 0,
      "O-22_L": 2,
      "O-24_L": 3,
      "O-202_L": 1,
      "O-2_L": 2,
      "I-105_U": 2,
      "I-23_U": 3,
      "I-21_U": 2,
      "O-170_L": 2,
      "I-186_U": 3,
      "I-104_U": 0,
      "O-130_L": 1,
      "O-173_L": 2
    },
    "O-130_L": {
      "O-110_L": 2,
      "I-204_U": 1,
      "I-207_U": 3,
      "depot": 3,
      "I-180_U": 2,
      "O-52_L": 2,
      "O-10_L": 2,
      "O-75_L": 3,
      "O-56_L": 2,
      "I-201_U": 1,
      "O-58_L": 2,
      "O-0_L": 2,
      "I-71_U": 2,
      "I-57_U": 2,
      "O-106_L": 2,
      "I-1_U": 2,
      "I-3_U": 2,
      "I-53_U": 2,
      "I-76_U": 3,
      "O-103_L": 1,
      "O-102_L": 2,
      "I-174_U": 2,
      "I-5_U": 2,
      "I-35_U": 1,
      "O-123_L": 2,
      "I-39_U": 0,
      "O-84_L": 2,
      "O-40_L": 0,
      "O-203_L": 1,
      "O-22_L": 2,
      "O-24_L": 3,
      "O-202_L": 1,
      "O-2_L": 2,
      "I-105_U": 2,
      "I-23_U": 3,
      "I-21_U": 2,
      "O-170_L": 2,
      "I-186_U": 2,
      "I-104_U": 1,
      "O-130_L": 0,
      "O-173_L": 2
    },
    "O-173_L": {
      "O-110_L": 1,
      "I-204_U": 2,
      "I-207_U": 1,
      "depot": 1,
      "I-180_U": 0,
      "O-52_L": 1,
      "O-10_L": 1,
      "O-75_L": 1,
      "O-56_L": 1,
      "I-201_U": 2,
      "O-58_L": 1,
      "O-0_L": 1,
      "I-71_U": 1,
      "I-57_U": 1,
      "O-106_L": 1,
      "I-1_U": 1,
      "I-3_U": 1,
      "I-53_U": 1,
      "I-76_U": 1,
      "O-103_L": 2,
      "O-102_L": 1,
      "I-174_U": 0,
      "I-5_U": 1,
      "I-35_U": 3,
      "O-123_L": 1,
      "I-39_U": 2,
      "O-84_L": 1,
      "O-40_L": 2,
      "O-203_L": 2,
      "O-22_L": 1,
      "O-24_L": 1,
      "O-202_L": 2,
      "O-2_L": 1,
      "I-105_U": 1,
      "I-23_U": 1,
      "I-21_U": 1,
      "O-170_L": 1,
      "I-186_U": 1,
      "I-104_U": 2,
      "O-130_L": 2,
      "O-173_L": 0
    }
  },
  "workers": {
    "3": 19,
    "4": 14,
    "5": 8
  },
  "tasks": [
    "O-0_L",
    "I-1_U",
    "I-3_U",
    "O-2_L",
    "I-5_U",
    "O-10_L",
    "I-21_U",
    "O-22_L",
    "O-24_L",
    "I-23_U",
    "I-35_U",
    "I-39_U",
    "O-40_L",
    "O-52_L",
    "I-53_U",
    "O-56_L",
    "I-57_U",
    "O-58_L",
    "I-71_U",
    "O-75_L",
    "I-76_U",
    "O-84_L",
    "O-102_L",
    "O-103_L",
    "I-104_U",
    "I-105_U",
    "O-106_L",
    "O-110_L",
    "O-123_L",
    "O-130_L",
    "O-170_L",
    "I-174_U",
    "O-173_L",
    "I-180_U",
    "I-186_U",
    "I-201_U",
    "O-202_L",
    "I-204_U",
    "O-203_L",
    "I-207_U"
  ],
  "skill_levels": [
    3,
    4,
    5
  ]
}