{
  "tasks_per_formation": {
    "f_3:1,4:1": [
      "O-145_L",
      "I-116_U",
      "I-41_U",
      "I-230_U",
      "I-221_U",
      "O-259_L",
      "I-130_U",
      "I-141_U",
      "O-223_L",
      "O-131_L",
      "O-79_L",
      "I-224_U"
    ],
    "f_3:1,4:2": [
      "O-131_L"
    ],
    "f_3:2,4:2,5:2": [
      "I-17_U",
      "O-104_L"
    ],
    "f_3:2,4:1": [
      "O-145_L",
      "I-230_U",
      "I-141_U",
      "O-57_L",
      "O-223_L",
      "O-79_L"
    ],
    "f_3:2,4:2": [
      "I-41_U",
      "I-260_U",
      "I-221_U",
      "O-259_L",
      "I-130_U",
      "I-231_U",
      "I-258_U",
      "O-232_L",
      "I-56_U",
      "O-222_L",
      "I-224_U",
      "O-233_L"
    ],
    "f_3:3": [
      "I-204_U",
      "O-0_L",
      "O-166_L",
      "I-190_U",
      "I-219_U",
      "O-218_L",
      "O-108_L",
      "I-33_U",
      "O-205_L",
      "O-213_L",
      "I-214_U",
      "O-243_L"
    ],
    "f_3:2": [
      "I-204_U",
      "O-166_L",
      "O-189_L",
      "I-151_U",
      "I-190_U",
      "I-219_U",
      "O-218_L",
      "O-32_L",
      "O-205_L",
      "O-213_L",
      "I-214_U",
      "O-243_L",
      "O-0_L",
      "O-108_L",
      "I-121_U",
      "I-33_U",
      "O-152_L",
      "O-120_L"
    ]
  },
  "modes": {
    "I-204_U": {
      "f_3:3": 2,
      "f_3:2": 3
    },
    "O-218_L": {
      "f_3:3": 3,
      "f_3:2": 5
    },
    "O-32_L": {
      "f_3:2": 3
    },
    "I-221_U": {
      "f_3:2,4:2": 3,
      "f_3:1,4:1": 6
    },
    "O-259_L": {
      "f_3:2,4:2": 3,
      "f_3:1,4:1": 5
    },
    "O-57_L": {
      "f_3:2,4:1": 3
    },
    "O-213_L": {
      "f_3:3": 3,
      "f_3:2": 4
    },
    "O-232_L": {
      "f_3:2,4:2": 3
    },
    "O-79_L": {
      "f_3:2,4:1": 3,
      "f_3:1,4:1": 4
    },
    "I-224_U": {
      "f_3:2,4:2": 3,
      "f_3:1,4:1": 5
    },
    "O-233_L": {
      "f_3:2,4:2": 3
    },
    "O-0_L": {
      "f_3:3": 4,
      "f_3:2": 6
    },
    "I-116_U": {
      "f_3:1,4:1": 2
    },
    "O-108_L": {
      "f_3:3": 3,
      "f_3:2": 4
    },
    "I-33_U": {
      "f_3:3": 3,
      "f_3:2": 4
    },
    "O-104_L": {
      "f_3:2,4:2,5:2": 6
    },
    "I-130_U": {
      "f_3:2,4:2": 3,
      "f_3:1,4:1": 5
    },
    "O-120_L": {
      "f_3:2": 3
    },
    "I-56_U": {
      "f_3:2,4:2": 3
    },
    "O-145_L": {
      "f_3:2,4:1": 3,
      "f_3:1,4:1": 5
    },
    "O-166_L": {
      "f_3:3": 3,
      "f_3:2": 4
    },
    "O-189_L": {
      "f_3:2": 2
    },
    "I-17_U": {
      "f_3:2,4:2,5:2": 6
    },
    "I-151_U": {
      "f_3:2": 2
    },
    "I-190_U": {
      "f_3:3": 3,
      "f_3:2": 4
    },
    "I-219_U": {
      "f_3:3": 3,
      "f_3:2": 4
    },
    "I-230_U": {
      "f_3:2,4:1": 3,
      "f_3:1,4:1": 4
    },
    "O-205_L": {
      "f_3:3": 3,
      "f_3:2": 4
    },
    "I-231_U": {
      "f_3:2,4:2": 3
    },
    "O-223_L": {
      "f_3:2,4:1": 3,
      "f_3:1,4:1": 4
    },
    "I-258_U": {
      "f_3:2,4:2": 3
    },
    "I-214_U": {
      "f_3:3": 3,
      "f_3:2": 4
    },
    "O-222_L": {
      "f_3:2,4:2": 3
    },
    "O-243_L": {
      "f_3:3": 3,
      "f_3:2": 4
    },
    "I-41_U": {
      "f_3:2,4:2": 3,
      "f_3:1,4:1": 5
    },
    "I-260_U": {
      "f_3:2,4:2": 3
    },
    "I-121_U": {
      "f_3:2": 3
    },
    "I-141_U": {
      "f_3:2,4:1": 3,
      "f_3:1,4:1": 5
    },
    "O-152_L": {
      "f_3:2": 3
    },
    "O-131_L": {
      "f_3:1,4:1": 4,
      "f_3:1,4:2": 3
    }
  },
  "depot": "depot",
  "instants": [
    96,
    97,
    98,
    99,
    100,
    101,
    102,
    103,
    104,
    105,
    106,
    107,
    108,
    109,
    110,
    111,
    112,
    113,
    114,
    115,
    116,
    117,
    118,
    119,
    120,
    121,
    122,
    123
  ],
  "begin_horizon": 96,
  "end_horizon": 124,
  "earliest_start": {
    "I-204_U": 99,
    "O-218_L": 113,
    "O-32_L": 111,
    "I-221_U": 106,
    "O-259_L": 105,
    "O-57_L": 119,
    "O-213_L": 118,
    "O-232_L": 114,
    "O-79_L": 98,
    "I-224_U": 100,
    "O-233_L": 106,
    "O-0_L": 102,
    "I-116_U": 111,
    "O-108_L": 101,
    "I-33_U": 104,
    "O-104_L": 111,
    "I-130_U": 100,
    "O-120_L": 112,
    "I-56_U": 116,
    "O-145_L": 100,
    "O-166_L": 101,
    "O-189_L": 111,
    "I-17_U": 100,
    "I-151_U": 114,
    "I-190_U": 105,
    "I-219_U": 99,
    "I-230_U": 117,
    "O-205_L": 102,
    "I-231_U": 114,
    "O-223_L": 113,
    "I-258_U": 117,
    "I-214_U": 109,
    "O-222_L": 116,
    "O-243_L": 108,
    "I-41_U": 113,
    "I-260_U": 101,
    "I-121_U": 107,
    "I-141_U": 106,
    "O-152_L": 116,
    "O-131_L": 108
  },
  "latest_start": {
    "I-204_U": 100,
    "O-218_L": 116,
    "O-32_L": 113,
    "I-221_U": 109,
    "O-259_L": 107,
    "O-57_L": 119,
    "O-213_L": 119,
    "O-232_L": 115,
    "O-79_L": 99,
    "I-224_U": 102,
    "O-233_L": 108,
    "O-0_L": 105,
    "I-116_U": 113,
    "O-108_L": 103,
    "I-33_U": 106,
    "O-104_L": 115,
    "I-130_U": 102,
    "O-120_L": 114,
    "I-56_U": 116,
    "O-145_L": 103,
    "O-166_L": 103,
    "O-189_L": 113,
    "I-17_U": 106,
    "I-151_U": 114,
    "I-190_U": 106,
    "I-219_U": 101,
    "I-230_U": 118,
    "O-205_L": 103,
    "I-231_U": 115,
    "O-223_L": 114,
    "I-258_U": 118,
    "I-214_U": 111,
    "O-222_L": 118,
    "O-243_L": 110,
    "I-41_U": 115,
    "I-260_U": 102,
    "I-121_U": 109,
    "I-141_U": 108,
    "O-152_L": 116,
    "O-131_L": 110
  },
  "weights": {
    "I-204_U": 1,
    "O-218_L": 1,
    "O-32_L": 1,
    "I-221_U": 1,
    "O-259_L": 1,
    "O-57_L": 1,
    "O-213_L": 1,
    "O-232_L": 1,
    "O-79_L": 1,
    "I-224_U": 1,
    "O-233_L": 1,
    "O-0_L": 1,
    "I-116_U": 1,
    "O-108_L": 1,
    "I-33_U": 1,
    "O-104_L": 1,
    "I-130_U": 1,
    "O-120_L": 1,
    "I-56_U": 1,
    "O-145_L": 1,
    "O-166_L": 1,
    "O-189_L": 1,
    "I-17_U": 1,
    "I-151_U": 1,
    "I-190_U": 1,
    "I-219_U": 1,
    "I-230_U": 1,
    "O-205_L": 1,
    "I-231_U": 1,
    "O-223_L": 1,
    "I-258_U": 1,
    "I-214_U": 1,
    "O-222_L": 1,
    "O-243_L": 1,
    "I-41_U": 1,
    "I-260_U": 1,
    "I-121_U": 1,
    "I-141_U": 1,
    "O-152_L": 1,
    "O-131_L": 1
  },
  "workers_w_d": {
    "3": 39,
    "4": 15,
    "5": 2
  },
  "earliest_finish": {
    "I-204_U": 101,
    "O-218_L": 116,
    "O-32_L": 114,
    "I-221_U": 109,
    "O-259_L": 108,
    "O-57_L": 122,
    "O-213_L": 121,
    "O-232_L": 117,
    "O-79_L": 101,
    "I-224_U": 103,
    "O-233_L": 109,
    "O-0_L": 106,
    "I-116_U": 113,
    "O-108_L": 104,
    "I-33_U": 107,
    "O-104_L": 117,
    "I-130_U": 103,
    "O-120_L": 115,
    "I-56_U": 119,
    "O-145_L": 103,
    "O-166_L": 104,
    "O-189_L": 113,
    "I-17_U": 106,
    "I-151_U": 116,
    "I-190_U": 108,
    "I-219_U": 102,
    "I-230_U": 120,
    "O-205_L": 105,
    "I-231_U": 117,
    "O-223_L": 116,
    "I-258_U": 120,
    "I-214_U": 112,
    "O-222_L": 119,
    "O-243_L": 111,
    "I-41_U": 116,
    "I-260_U": 104,
    "I-121_U": 110,
    "I-141_U": 109,
    "O-152_L": 119,
    "O-131_L": 111
  },
  "formations": {
    "f_3:1,4:1": {
      "3": 1,
      "4": 1
    },
    "f_3:1,4:2": {
      "3": 1,
      "4": 2
    },
    "f_3:2,4:2,5:2": {
      "3": 2,
      "4": 2,
      "5": 2
    },
    "f_3:2,4:1": {
      "3": 2,
      "4": 1
    },
    "f_3:2,4:2": {
      "3": 2,
      "4": 2
    },
    "f_3:3": {
      "3": 3
    },
    "f_3:2": {
      "3": 2
    }
  },
  "modesSpeedID": {
    "I-204_U": {
      "f_3:3": "f",
      "f_3:2": "s"
    },
    "O-218_L": {
      "f_3:3": "f",
      "f_3:2": "s"
    },
    "O-32_L": {
      "f_3:2": "s"
    },
    "I-221_U": {
      "f_3:2,4:2": "f",
      "f_3:1,4:1": "s"
    },
    "O-259_L": {
      "f_3:2,4:2": "f",
      "f_3:1,4:1": "s"
    },
    "O-57_L": {
      "f_3:2,4:1": "f"
    },
    "O-213_L": {
      "f_3:3": "f",
      "f_3:2": "s"
    },
    "O-232_L": {
      "f_3:2,4:2": "f"
    },
    "O-79_L": {
      "f_3:2,4:1": "f",
      "f_3:1,4:1": "s"
    },
    "I-224_U": {
      "f_3:2,4:2": "f",
      "f_3:1,4:1": "s"
    },
    "O-233_L": {
      "f_3:2,4:2": "f"
    },
    "O-0_L": {
      "f_3:3": "f",
      "f_3:2": "s"
    },
    "I-116_U": {
      "f_3:1,4:1": "s"
    },
    "O-108_L": {
      "f_3:3": "f",
      "f_3:2": "s"
    },
    "I-33_U": {
      "f_3:3": "f",
      "f_3:2": "s"
    },
    "O-104_L": {
      "f_3:2,4:2,5:2": "f"
    },
    "I-130_U": {
      "f_3:2,4:2": "f",
      "f_3:1,4:1": "s"
    },
    "O-120_L": {
      "f_3:2": "s"
    },
    "I-56_U": {
      "f_3:2,4:2": "f"
    },
    "O-145_L": {
      "f_3:2,4:1": "f",
      "f_3:1,4:1": "s"
    },
    "O-166_L": {
      "f_3:3": "f",
      "f_3:2": "s"
    },
    "O-189_L": {
      "f_3:2": "s"
    },
    "I-17_U": {
      "f_3:2,4:2,5:2": "f"
    },
    "I-151_U": {
      "f_3:2": "s"
    },
    "I-190_U": {
      "f_3:3": "f",
      "f_3:2": "s"
    },
    "I-219_U": {
      "f_3:3": "f",
      "f_3:2": "s"
    },
    "I-230_U": {
      "f_3:2,4:1": "f",
      "f_3:1,4:1": "s"
    },
    "O-205_L": {
      "f_3:3": "f",
      "f_3:2": "s"
    },
    "I-231_U": {
      "f_3:2,4:2": "f"
    },
    "O-223_L": {
      "f_3:2,4:1": "f",
      "f_3:1,4:1": "s"
    },
    "I-258_U": {
      "f_3:2,4:2": "f"
    },
    "I-214_U": {
      "f_3:3": "f",
      "f_3:2": "s"
    },
    "O-222_L": {
      "f_3:2,4:2": "f"
    },
    "O-243_L": {
      "f_3:3": "f",
      "f_3:2": "s"
    },
    "I-41_U": {
      "f_3:2,4:2": "f",
      "f_3:1,4:1": "s"
    },
    "I-260_U": {
      "f_3:2,4:2": "f"
    },
    "I-121_U": {
      "f_3:2": "s"
    },
    "I-141_U": {
      "f_3:2,4:1": "f",
      "f_3:1,4:1": "s"
    },
    "O-152_L": {
      "f_3:2": "s"
    },
    "O-131_L": {
      "f_3:1,4:1": "s",
      "f_3:1,4:2": "f"
    }
  },
  "formations_w_d": {
    "f_3:1,4:1": {
      "3": 2,
      "4": 1
    },
    "f_3:1,4:2": {
      "3": 3,
      "4": 2
    },
    "f_3:2,4:2,5:2": {
      "3": 6,
      "4": 4,
      "5": 2
    },
    "f_3:2,4:1": {
      "3": 3,
      "4": 1
    },
    "f_3:2,4:2": {
      "3": 4,
      "4": 2
    },
    "f_3:3": {
      "3": 3
    },
    "f_3:2": {
      "3": 2
    }
  },
  "latest_finish": {
    "I-204_U": 102,
    "O-218_L": 119,
    "O-32_L": 116,
    "I-221_U": 112,
    "O-259_L": 110,
    "O-57_L": 122,
    "O-213_L": 122,
    "O-232_L": 118,
    "O-79_L": 102,
    "I-224_U": 105,
    "O-233_L": 111,
    "O-0_L": 109,
    "I-116_U": 115,
    "O-108_L": 106,
    "I-33_U": 109,
    "O-104_L": 121,
    "I-130_U": 105,
    "O-120_L": 117,
    "I-56_U": 119,
    "O-145_L": 106,
    "O-166_L": 106,
    "O-189_L": 115,
    "I-17_U": 112,
    "I-151_U": 116,
    "I-190_U": 109,
    "I-219_U": 104,
    "I-230_U": 121,
    "O-205_L": 106,
    "I-231_U": 118,
    "O-223_L": 117,
    "I-258_U": 121,
    "I-214_U": 114,
    "O-222_L": 121,
    "O-243_L": 113,
    "I-41_U": 118,
    "I-260_U": 105,
    "I-121_U": 112,
    "I-141_U": 111,
    "O-152_L": 119,
    "O-131_L": 113
  },
  "travel_times": {
    "I-204_U": {
      "I-204_U": 0,
      "depot": 3,
      "O-218_L": 3,
      "O-32_L": 2,
      "I-221_U": 3,
      "O-259_L": 2,
      "O-57_L": 3,
      "O-213_L": 2,
      "O-232_L": 1,
      "O-79_L": 3,
      "I-224_U": 2,
      "O-233_L": 3,
      "O-0_L": 2,
      "I-116_U": 3,
      "O-108_L": 3,
      "I-33_U": 2,
      "O-104_L": 2,
      "I-130_U": 2,
      "O-120_L": 0,
      "I-56_U": 3,
      "O-145_L": 1,
      "O-166_L": 3,
      "O-189_L": 2,
      "I-17_U": 2,
      "I-151_U": 2,
      "I-190_U": 2,
      "I-219_U": 3,
      "I-230_U": 2,
      "O-205_L": 0,
      "I-231_U": 1,
      "O-223_L": 2,
      "I-258_U": 3,
      "I-214_U": 2,
      "O-222_L": 3,
      "O-243_L": 2,
      "I-41_U": 3,
      "I-260_U": 2,
      "I-121_U": 0,
      "I-141_U": 2,
      "O-152_L": 2,
      "O-131_L": 2
    },
    "depot": {
      "I-204_U": 3,
      "O-218_L": 1,
      "O-32_L": 1,
      "I-221_U": 1,
      "O-259_L": 1,
      "O-57_L": 1,
      "O-213_L": 1,
      "O-232_L": 3,
      "O-79_L": 1,
      "I-224_U": 2,
      "O-233_L": 1,
      "O-0_L": 1,
      "I-116_U": 1,
      "O-108_L": 1,
      "I-33_U": 1,
      "O-104_L": 1,
      "I-130_U": 1,
      "O-120_L": 3,
      "I-56_U": 1,
      "O-145_L": 3,
      "O-166_L": 1,
      "O-189_L": 1,
      "I-17_U": 1,
      "I-151_U": 1,
      "I-190_U": 1,
      "I-219_U": 1,
      "I-230_U": 1,
      "O-205_L": 3,
      "I-231_U": 3,
      "O-223_L": 2,
      "I-258_U": 1,
      "I-214_U": 1,
      "O-222_L": 1,
      "O-243_L": 2,
      "I-41_U": 1,
      "I-260_U": 1,
      "I-121_U": 3,
      "I-141_U": 1,
      "O-152_L": 1,
      "O-131_L": 1
    },
    "O-218_L": {
      "I-204_U": 3,
      "depot": 1,
      "O-218_L": 0,
      "O-32_L": 1,
      "I-221_U": 1,
      "O-259_L": 1,
      "O-57_L": 1,
      "O-213_L": 1,
      "O-232_L": 3,
      "O-79_L": 0,
      "I-224_U": 2,
      "O-233_L": 1,
      "O-0_L": 1,
      "I-116_U": 1,
      "O-108_L": 0,
      "I-33_U": 1,
      "O-104_L": 1,
      "I-130_U": 1,
      "O-120_L": 3,
      "I-56_U": 1,
      "O-145_L": 3,
      "O-166_L": 1,
      "O-189_L": 1,
      "I-17_U": 1,
      "I-151_U": 1,
      "I-190_U": 1,
      "I-219_U": 0,
      "I-230_U": 1,
      "O-205_L": 3,
      "I-231_U": 3,
      "O-223_L": 2,
      "I-258_U": 1,
      "I-214_U": 1,
      "O-222_L": 1,
      "O-243_L": 2,
      "I-41_U": 1,
      "I-260_U": 1,
      "I-121_U": 3,
      "I-141_U": 1,
      "O-152_L": 1,
      "O-131_L": 1
    },
    "O-32_L": {
      "I-204_U": 2,
      "depot": 1,
      "O-218_L": 1,
      "O-32_L": 0,
      "I-221_U": 1,
      "O-259_L": 0,
      "O-57_L": 1,
      "O-213_L": 1,
      "O-232_L": 2,
      "O-79_L": 1,
      "I-224_U": 1,
      "O-233_L": 1,
      "O-0_L": 1,
      "I-116_U": 1,
      "O-108_L": 1,
      "I-33_U": 0,
      "O-104_L": 1,
      "I-130_U": 1,
      "O-120_L": 2,
      "I-56_U": 1,
      "O-145_L": 2,
      "O-166_L": 1,
      "O-189_L": 1,
      "I-17_U": 1,
      "I-151_U": 1,
      "I-190_U": 1,
      "I-219_U": 1,
      "I-230_U": 1,
      "O-205_L": 2,
      "I-231_U": 2,
      "O-223_L": 1,
      "I-258_U": 1,
      "I-214_U": 1,
      "O-222_L": 1,
      "O-243_L": 1,
      "I-41_U": 1,
      "I-260_U": 0,
      "I-121_U": 2,
      "I-141_U": 1,
      "O-152_L": 1,
      "O-131_L": 1
    },
    "I-221_U": {
      "I-204_U": 3,
      "depot": 1,
      "O-218_L": 1,
      "O-32_L": 1,
      "I-221_U": 0,
      "O-259_L": 1,
      "O-57_L": 1,
      "O-213_L": 1,
      "O-232_L": 3,
      "O-79_L": 1,
      "I-224_U": 2,
      "O-233_L": 1,
      "O-0_L": 1,
      "I-116_U": 1,
      "O-108_L": 1,
      "I-33_U": 1,
      "O-104_L": 1,
      "I-130_U": 1,
      "O-120_L": 3,
      "I-56_U": 1,
      "O-145_L": 3,
      "O-166_L": 1,
      "O-189_L": 1,
      "I-17_U": 1,
      "I-151_U": 1,
      "I-190_U": 1,
      "I-219_U": 1,
      "I-230_U": 1,
      "O-205_L": 3,
      "I-231_U": 3,
      "O-223_L": 2,
      "I-258_U": 0,
      "I-214_U": 1,
      "O-222_L": 0,
      "O-243_L": 2,
      "I-41_U": 0,
      "I-260_U": 1,
      "I-121_U": 3,
      "I-141_U": 1,
      "O-152_L": 1,
      "O-131_L": 1
    },
    "O-259_L": {
      "I-204_U": 2,
      "depot": 1,
      "O-218_L": 1,
      "O-32_L": 0,
      "I-221_U": 1,
      "O-259_L": 0,
      "O-57_L": 1,
      "O-213_L": 1,
      "O-232_L": 2,
      "O-79_L": 1,
      "I-224_U": 1,
      "O-233_L": 1,
      "O-0_L": 1,
      "I-116_U": 1,
      "O-108_L": 1,
      "I-33_U": 0,
      "O-104_L": 1,
      "I-130_U": 1,
      "O-120_L": 2,
      "I-56_U": 1,
      "O-145_L": 2,
      "O-166_L": 1,
      "O-189_L": 1,
      "I-17_U": 1,
      "I-151_U": 1,
      "I-190_U": 1,
      "I-219_U": 1,
      "I-230_U": 1,
      "O-205_L": 2,
      "I-231_U": 2,
      "O-223_L": 1,
      "I-258_U": 1,
      "I-214_U": 1,
      "O-222_L": 1,
      "O-243_L": 1,
      "I-41_U": 1,
      "I-260_U": 0,
      "I-121_U": 2,
      "I-141_U": 1,
      "O-152_L": 1,
      "O-131_L": 1
    },
    "O-57_L": {
      "I-204_U": 3,
      "depot": 1,
      "O-218_L": 1,
      "O-32_L": 1,
      "I-221_U": 1,
      "O-259_L": 1,
      "O-57_L": 0,
      "O-213_L": 1,
      "O-232_L": 3,
      "O-79_L": 1,
      "I-224_U": 2,
      "O-233_L": 1,
      "O-0_L": 1,
      "I-116_U": 1,
      "O-108_L": 1,
      "I-33_U": 1,
      "O-104_L": 1,
      "I-130_U": 1,
      "O-120_L": 3,
      "I-56_U": 0,
      "O-145_L": 3,
      "O-166_L": 1,
      "O-189_L": 2,
      "I-17_U": 1,
      "I-151_U": 1,
      "I-190_U": 2,
      "I-219_U": 1,
      "I-230_U": 1,
      "O-205_L": 3,
      "I-231_U": 3,
      "O-223_L": 2,
      "I-258_U": 1,
      "I-214_U": 1,
      "O-222_L": 1,
      "O-243_L": 2,
      "I-41_U": 1,
      "I-260_U": 1,
      "I-121_U": 3,
      "I-141_U": 1,
      "O-152_L": 1,
      "O-131_L": 1
    },
    "O-213_L": {
      "I-204_U": 2,
      "depot": 1,
      "O-218_L": 1,
      "O-32_L": 1,
      "I-221_U": 1,
      "O-259_L": 1,
      "O-57_L": 1,
      "O-213_L": 0,
      "O-232_L": 3,
      "O-79_L": 1,
      "I-224_U": 1,
      "O-233_L": 1,
      "O-0_L": 0,
      "I-116_U": 1,
      "O-108_L": 1,
      "I-33_U": 1,
      "O-104_L": 1,
      "I-130_U": 1,
      "O-120_L": 2,
      "I-56_U": 1,
      "O-145_L": 2,
      "O-166_L": 1,
      "O-189_L": 1,
      "I-17_U": 1,
      "I-151_U": 1,
      "I-190_U": 1,
      "I-219_U": 1,
      "I-230_U": 1,
      "O-205_L": 2,
      "I-231_U": 3,
      "O-223_L": 1,
      "I-258_U": 1,
      "I-214_U": 0,
      "O-222_L": 1,
      "O-243_L": 1,
      "I-41_U": 1,
      "I-260_U": 1,
      "I-121_U": 2,
      "I-141_U": 1,
      "O-152_L": 1,
      "O-131_L": 1
    },
    "O-232_L": {
      "I-204_U": 1,
      "depot": 3,
      "O-218_L": 3,
      "O-32_L": 2,
      "I-221_U": 3,
      "O-259_L": 2,
      "O-57_L": 3,
      "O-213_L": 3,
      "O-232_L": 0,
      "O-79_L": 3,
      "I-224_U": 2,
      "O-233_L": 3,
      "O-0_L": 3,
      "I-116_U": 3,
      "O-108_L": 3,
      "I-33_U": 2,
      "O-104_L": 3,
      "I-130_U": 2,
      "O-120_L": 1,
      "I-56_U": 3,
      "O-145_L": 1,
      "O-166_L": 3,
      "O-189_L": 2,
      "I-17_U": 3,
      "I-151_U": 3,
      "I-190_U": 2,
      "I-219_U": 3,
      "I-230_U": 2,
      "O-205_L": 1,
      "I-231_U": 0,
      "O-223_L": 2,
      "I-258_U": 3,
      "I-214_U": 3,
      "O-222_L": 3,
      "O-243_L": 2,
      "I-41_U": 3,
      "I-260_U": 2,
      "I-121_U": 1,
      "I-141_U": 2,
      "O-152_L": 3,
      "O-131_L": 2
    },
    "O-79_L": {
      "I-204_U": 3,
      "depot": 1,
      "O-218_L": 0,
      "O-32_L": 1,
      "I-221_U": 1,
      "O-259_L": 1,
      "O-57_L": 1,
      "O-213_L": 1,
      "O-232_L": 3,
      "O-79_L": 0,
      "I-224_U": 2,
      "O-233_L": 1,
      "O-0_L": 1,
      "I-116_U": 1,
      "O-108_L": 0,
      "I-33_U": 1,
      "O-104_L": 1,
      "I-130_U": 1,
      "O-120_L": 3,
      "I-56_U": 1,
      "O-145_L": 3,
      "O-166_L": 1,
      "O-189_L": 1,
      "I-17_U": 1,
      "I-151_U": 1,
      "I-190_U": 1,
      "I-219_U": 0,
      "I-230_U": 1,
      "O-205_L": 3,
      "I-231_U": 3,
      "O-223_L": 2,
      "I-258_U": 1,
      "I-214_U": 1,
      "O-222_L": 1,
      "O-243_L": 2,
      "I-41_U": 1,
      "I-260_U": 1,
      "I-121_U": 3,
      "I-141_U": 1,
      "O-152_L": 1,
      "O-131_L": 1
    },
    "I-224_U": {
      "I-204_U": 2,
      "depot": 2,
      "O-218_L": 2,
      "O-32_L": 1,
      "I-221_U": 2,
      "O-259_L": 1,
      "O-57_L": 2,
      "O-213_L": 1,
      "O-232_L": 2,
      "O-79_L": 2,
      "I-224_U": 0,
      "O-233_L": 2,
      "O-0_L": 1,
      "I-116_U": 2,
      "O-108_L": 2,
      "I-33_U": 1,
      "O-104_L": 1,
      "I-130_U": 1,
      "O-120_L": 2,
      "I-56_U": 2,
      "O-145_L": 2,
      "O-166_L": 2,
      "O-189_L": 1,
      "I-17_U": 1,
      "I-151_U": 1,
      "I-190_U": 1,
      "I-219_U": 2,
      "I-230_U": 1,
      "O-205_L": 2,
      "I-231_U": 2,
      "O-223_L": 0,
      "I-258_U": 2,
      "I-214_U": 1,
      "O-222_L": 2,
      "O-243_L": 1,
      "I-41_U": 2,
      "I-260_U": 1,
      "I-121_U": 2,
      "I-141_U": 1,
      "O-152_L": 1,
      "O-131_L": 1
    },
    "O-233_L": {
      "I-204_U": 3,
      "depot": 1,
      "O-218_L": 1,
      "O-32_L": 1,
      "I-221_U": 1,
      "O-259_L": 1,
      "O-57_L": 1,
      "O-213_L": 1,
      "O-232_L": 3,
      "O-79_L": 1,
      "I-224_U": 2,
      "O-233_L": 0,
      "O-0_L": 1,
      "I-116_U": 0,
      "O-108_L": 1,
      "I-33_U": 1,
      "O-104_L": 1,
      "I-130_U": 1,
      "O-120_L": 3,
      "I-56_U": 1,
      "O-145_L": 2,
      "O-166_L": 0,
      "O-189_L": 1,
      "I-17_U": 1,
      "I-151_U": 1,
      "I-190_U": 1,
      "I-219_U": 1,
      "I-230_U": 1,
      "O-205_L": 3,
      "I-231_U": 3,
      "O-223_L": 2,
      "I-258_U": 1,
      "I-214_U": 1,
      "O-222_L": 1,
      "O-243_L": 2,
      "I-41_U": 1,
      "I-260_U": 1,
      "I-121_U": 3,
      "I-141_U": 1,
      "O-152_L": 1,
      "O-131_L": 1
    },
    "O-0_L": {
      "I-204_U": 2,
      "depot": 1,
      "O-218_L": 1,
      "O-32_L": 1,
      "I-221_U": 1,
      "O-259_L": 1,
      "O-57_L": 1,
      "O-213_L": 0,
      "O-232_L": 3,
      "O-79_L": 1,
      "I-224_U": 1,
      "O-233_L": 1,
      "O-0_L": 0,
      "I-116_U": 1,
      "O-108_L": 1,
      "I-33_U": 1,
      "O-104_L": 1,
      "I-130_U": 1,
      "O-120_L": 2,
      "I-56_U": 1,
      "O-145_L": 2,
      "O-166_L": 1,
      "O-189_L": 1,
      "I-17_U": 1,
      "I-151_U": 1,
      "I-190_U": 1,
      "I-219_U": 1,
      "I-230_U": 1,
      "O-205_L": 2,
      "I-231_U": 3,
      "O-223_L": 1,
      "I-258_U": 1,
      "I-214_U": 0,
      "O-222_L": 1,
      "O-243_L": 1,
      "I-41_U": 1,
      "I-260_U": 1,
      "I-121_U": 2,
      "I-141_U": 1,
      "O-152_L": 1,
      "O-131_L": 1
    },
    "I-116_U": {
      "I-204_U": 3,
      "depot": 1,
      "O-218_L": 1,
      "O-32_L": 1,
      "I-221_U": 1,
      "O-259_L": 1,
      "O-57_L": 1,
      "O-213_L": 1,
      "O-232_L": 3,
      "O-79_L": 1,
      "I-224_U": 2,
      "O-233_L": 0,
      "O-0_L": 1,
      "I-116_U": 0,
      "O-108_L": 1,
      "I-33_U": 1,
      "O-104_L": 1,
      "I-130_U": 1,
      "O-120_L": 3,
      "I-56_U": 1,
      "O-145_L": 2,
      "O-166_L": 0,
      "O-189_L": 1,
      "I-17_U": 1,
      "I-151_U": 1,
      "I-190_U": 1,
      "I-219_U": 1,
      "I-230_U": 1,
      "O-205_L": 3,
      "I-231_U": 3,
      "O-223_L": 2,
      "I-258_U": 1,
      "I-214_U": 1,
      "O-222_L": 1,
      "O-243_L": 2,
      "I-41_U": 1,
      "I-260_U": 1,
      "I-121_U": 3,
      "I-141_U": 1,
      "O-152_L": 1,
      "O-131_L": 1
    },
    "O-108_L": {
      "I-204_U": 3,
      "depot": 1,
      "O-218_L": 0,
      "O-32_L": 1,
      "I-221_U": 1,
      "O-259_L": 1,
      "O-57_L": 1,
      "O-213_L": 1,
      "O-232_L": 3,
      "O-79_L": 0,
      "I-224_U": 2,
      "O-233_L": 1,
      "O-0_L": 1,
      "I-116_U": 1,
      "O-108_L": 0,
      "I-33_U": 1,
      "O-104_L": 1,
      "I-130_U": 1,
      "O-120_L": 3,
      "I-56_U": 1,
      "O-145_L": 3,
      "O-166_L": 1,
      "O-189_L": 1,
      "I-17_U": 1,
      "I-151_U": 1,
      "I-190_U": 1,
      "I-219_U": 0,
      "I-230_U": 1,
      "O-205_L": 3,
      "I-231_U": 3,
      "O-223_L": 2,
      "I-258_U": 1,
      "I-214_U": 1,
      "O-222_L": 1,
      "O-243_L": 2,
      "I-41_U": 1,
      "I-260_U": 1,
      "I-121_U": 3,
      "I-141_U": 1,
      "O-152_L": 1,
      "O-131_L": 1
    },
    "I-33_U": {
      "I-204_U": 2,
      "depot": 1,
      "O-218_L": 1,
      "O-32_L": 0,
      "I-221_U": 1,
      "O-259_L": 0,
      "O-57_L": 1,
      "O-213_L": 1,
      "O-232_L": 2,
      "O-79_L": 1,
      "I-224_U": 1,
      "O-233_L": 1,
      "O-0_L": 1,
      "I-116_U": 1,
      "O-108_L": 1,
      "I-33_U": 0,
      "O-104_L": 1,
      "I-130_U": 1,
      "O-120_L": 2,
      "I-56_U": 1,
      "O-145_L": 2,
      "O-166_L": 1,
      "O-189_L": 1,
      "I-17_U": 1,
      "I-151_U": 1,
      "I-190_U": 1,
      "I-219_U": 1,
      "I-230_U": 1,
      "O-205_L": 2,
      "I-231_U": 2,
      "O-223_L": 1,
      "I-258_U": 1,
      "I-214_U": 1,
      "O-222_L": 1,
      "O-243_L": 1,
      "I-41_U": 1,
      "I-260_U": 0,
      "I-121_U": 2,
      "I-141_U": 1,
      "O-152_L": 1,
      "O-131_L": 1
    },
    "O-104_L": {
      "I-204_U": 2,
      "depot": 1,
      "O-218_L": 1,
      "O-32_L": 1,
      "I-221_U": 1,
      "O-259_L": 1,
      "O-57_L": 1,
      "O-213_L": 1,
      "O-232_L": 3,
      "O-79_L": 1,
      "I-224_U": 1,
      "O-233_L": 1,
      "O-0_L": 1,
      "I-116_U": 1,
      "O-108_L": 1,
      "I-33_U": 1,
      "O-104_L": 0,
      "I-130_U": 1,
      "O-120_L": 2,
      "I-56_U": 1,
      "O-145_L": 2,
      "O-166_L": 1,
      "O-189_L": 1,
      "I-17_U": 1,
      "I-151_U": 1,
      "I-190_U": 1,
      "I-219_U": 1,
      "I-230_U": 1,
      "O-205_L": 2,
      "I-231_U": 3,
      "O-223_L": 1,
      "I-258_U": 1,
      "I-214_U": 1,
      "O-222_L": 1,
      "O-243_L": 1,
      "I-41_U": 1,
      "I-260_U": 1,
      "I-121_U": 2,
      "I-141_U": 1,
      "O-152_L": 1,
      "O-131_L": 1
    },
    "I-130_U": {
      "I-204_U": 2,
      "depot": 1,
      "O-218_L": 1,
      "O-32_L": 1,
      "I-221_U": 1,
      "O-259_L": 1,
      "O-57_L": 1,
      "O-213_L": 1,
      "O-232_L": 2,
      "O-79_L": 1,
      "I-224_U": 1,
      "O-233_L": 1,
      "O-0_L": 1,
      "I-116_U": 1,
      "O-108_L": 1,
      "I-33_U": 1,
      "O-104_L": 1,
      "I-130_U": 0,
      "O-120_L": 2,
      "I-56_U": 1,
      "O-145_L": 2,
      "O-166_L": 1,
      "O-189_L": 1,
      "I-17_U": 1,
      "I-151_U": 1,
      "I-190_U": 1,
      "I-219_U": 1,
      "I-230_U": 1,
      "O-205_L": 2,
      "I-231_U": 2,
      "O-223_L": 1,
      "I-258_U": 1,
      "I-214_U": 1,
      "O-222_L": 1,
      "O-243_L": 1,
      "I-41_U": 1,
      "I-260_U": 1,
      "I-121_U": 2,
      "I-141_U": 1,
      "O-152_L": 1,
      "O-131_L": 0
    },
    "O-120_L": {
      "I-204_U": 0,
      "depot": 3,
      "O-218_L": 3,
      "O-32_L": 2,
      "I-221_U": 3,
      "O-259_L": 2,
      "O-57_L": 3,
      "O-213_L": 2,
      "O-232_L": 1,
      "O-79_L": 3,
      "I-224_U": 2,
      "O-233_L": 3,
      "O-0_L": 2,
      "I-116_U": 3,
      "O-108_L": 3,
      "I-33_U": 2,
      "O-104_L": 2,
      "I-130_U": 2,
      "O-120_L": 0,
      "I-56_U": 3,
      "O-145_L": 1,
      "O-166_L": 3,
      "O-189_L": 2,
      "I-17_U": 2,
      "I-151_U": 2,
      "I-190_U": 2,
      "I-219_U": 3,
      "I-230_U": 2,
      "O-205_L": 0,
      "I-231_U": 1,
      "O-223_L": 2,
      "I-258_U": 3,
      "I-214_U": 2,
      "O-222_L": 3,
      "O-243_L": 2,
      "I-41_U": 3,
      "I-260_U": 2,
      "I-121_U": 0,
      "I-141_U": 2,
      "O-152_L": 2,
      "O-131_L": 2
    },
    "I-56_U": {
      "I-204_U": 3,
      "depot": 1,
      "O-218_L": 1,
      "O-32_L": 1,
      "I-221_U": 1,
      "O-259_L": 1,
      "O-57_L": 0,
      "O-213_L": 1,
      "O-232_L": 3,
      "O-79_L": 1,
      "I-224_U": 2,
      "O-233_L": 1,
      "O-0_L": 1,
      "I-116_U": 1,
      "O-108_L": 1,
      "I-33_U": 1,
      "O-104_L": 1,
      "I-130_U": 1,
      "O-120_L": 3,
      "I-56_U": 0,
      "O-145_L": 3,
      "O-166_L": 1,
      "O-189_L": 2,
      "I-17_U": 1,
      "I-151_U": 1,
      "I-190_U": 2,
      "I-219_U": 1,
      "I-230_U": 1,
      "O-205_L": 3,
      "I-231_U": 3,
      "O-223_L": 2,
      "I-258_U": 1,
      "I-214_U": 1,
      "O-222_L": 1,
      "O-243_L": 2,
      "I-41_U": 1,
      "I-260_U": 1,
      "I-121_U": 3,
      "I-141_U": 1,
      "O-152_L": 1,
      "O-131_L": 1
    },
    "O-145_L": {
      "I-204_U": 1,
      "depot": 3,
      "O-218_L": 3,
      "O-32_L": 2,
      "I-221_U": 3,
      "O-259_L": 2,
      "O-57_L": 3,
      "O-213_L": 2,
      "O-232_L": 1,
      "O-79_L": 3,
      "I-224_U": 2,
      "O-233_L": 2,
      "O-0_L": 2,
      "I-116_U": 2,
      "O-108_L": 3,
      "I-33_U": 2,
      "O-104_L": 2,
      "I-130_U": 2,
      "O-120_L": 1,
      "I-56_U": 3,
      "O-145_L": 0,
      "O-166_L": 2,
      "O-189_L": 2,
      "I-17_U": 2,
      "I-151_U": 2,
      "I-190_U": 2,
      "I-219_U": 3,
      "I-230_U": 2,
      "O-205_L": 1,
      "I-231_U": 1,
      "O-223_L": 2,
      "I-258_U": 3,
      "I-214_U": 2,
      "O-222_L": 3,
      "O-243_L": 2,
      "I-41_U": 3,
      "I-260_U": 2,
      "I-121_U": 1,
      "I-141_U": 2,
      "O-152_L": 2,
      "O-131_L": 2
    },
    "O-166_L": {
      "I-204_U": 3,
      "depot": 1,
      "O-218_L": 1,
      "O-32_L": 1,
      "I-221_U": 1,
      "O-259_L": 1,
      "O-57_L": 1,
      "O-213_L": 1,
      "O-232_L": 3,
      "O-79_L": 1,
      "I-224_U": 2,
      "O-233_L": 0,
      "O-0_L": 1,
      "I-116_U": 0,
      "O-108_L": 1,
      "I-33_U": 1,
      "O-104_L": 1,
      "I-130_U": 1,
      "O-120_L": 3,
      "I-56_U": 1,
      "O-145_L": 2,
      "O-166_L": 0,
      "O-189_L": 1,
      "I-17_U": 1,
      "I-151_U": 1,
      "I-190_U": 1,
      "I-219_U": 1,
      "I-230_U": 1,
      "O-205_L": 3,
      "I-231_U": 3,
      "O-223_L": 2,
      "I-258_U": 1,
      "I-214_U": 1,
      "O-222_L": 1,
      "O-243_L": 2,
      "I-41_U": 1,
      "I-260_U": 1,
      "I-121_U": 3,
      "I-141_U": 1,
      "O-152_L": 1,
      "O-131_L": 1
    },
    "O-189_L": {
      "I-204_U": 2,
      "depot": 1,
      "O-218_L": 1,
      "O-32_L": 1,
      "I-221_U": 1,
      "O-259_L": 1,
      "O-57_L": 2,
      "O-213_L": 1,
      "O-232_L": 2,
      "O-79_L": 1,
      "I-224_U": 1,
      "O-233_L": 1,
      "O-0_L": 1,
      "I-116_U": 1,
      "O-108_L": 1,
      "I-33_U": 1,
      "O-104_L": 1,
      "I-130_U": 1,
      "O-120_L": 2,
      "I-56_U": 2,
      "O-145_L": 2,
      "O-166_L": 1,
      "O-189_L": 0,
      "I-17_U": 1,
      "I-151_U": 1,
      "I-190_U": 0,
      "I-219_U": 1,
      "I-230_U": 1,
      "O-205_L": 2,
      "I-231_U": 2,
      "O-223_L": 1,
      "I-258_U": 1,
      "I-214_U": 1,
      "O-222_L": 1,
      "O-243_L": 1,
      "I-41_U": 1,
      "I-260_U": 1,
      "I-121_U": 2,
      "I-141_U": 1,
      "O-152_L": 1,
      "O-131_L": 1
    },
    "I-17_U": {
      "I-204_U": 2,
      "depot": 1,
      "O-218_L": 1,
      "O-32_L": 1,
      "I-221_U": 1,
      "O-259_L": 1,
      "O-57_L": 1,
      "O-213_L": 1,
      "O-232_L": 3,
      "O-79_L": 1,
      "I-224_U": 1,
      "O-233_L": 1,
      "O-0_L": 1,
      "I-116_U": 1,
      "O-108_L": 1,
      "I-33_U": 1,
      "O-104_L": 1,
      "I-130_U": 1,
      "O-120_L": 2,
      "I-56_U": 1,
      "O-145_L": 2,
      "O-166_L": 1,
      "O-189_L": 1,
      "I-17_U": 0,
      "I-151_U": 1,
      "I-190_U": 1,
      "I-219_U": 1,
      "I-230_U": 1,
      "O-205_L": 2,
      "I-231_U": 3,
      "O-223_L": 1,
      "I-258_U": 1,
      "I-214_U": 1,
      "O-222_L": 1,
      "O-243_L": 2,
      "I-41_U": 1,
      "I-260_U": 1,
      "I-121_U": 2,
      "I-141_U": 1,
      "O-152_L": 1,
      "O-131_L": 1
    },
    "I-151_U": {
      "I-204_U": 2,
      "depot": 1,
      "O-218_L": 1,
      "O-32_L": 1,
      "I-221_U": 1,
      "O-259_L": 1,
      "O-57_L": 1,
      "O-213_L": 1,
      "O-232_L": 3,
      "O-79_L": 1,
      "I-224_U": 1,
      "O-233_L": 1,
      "O-0_L": 1,
      "I-116_U": 1,
      "O-108_L": 1,
      "I-33_U": 1,
      "O-104_L": 1,
      "I-130_U": 1,
      "O-120_L": 2,
      "I-56_U": 1,
      "O-145_L": 2,
      "O-166_L": 1,
      "O-189_L": 1,
      "I-17_U": 1,
      "I-151_U": 0,
      "I-190_U": 1,
      "I-219_U": 1,
      "I-230_U": 1,
      "O-205_L": 2,
      "I-231_U": 3,
      "O-223_L": 1,
      "I-258_U": 1,
      "I-214_U": 1,
      "O-222_L": 1,
      "O-243_L": 1,
      "I-41_U": 1,
      "I-260_U": 1,
      "I-121_U": 2,
      "I-141_U": 1,
      "O-152_L": 0,
      "O-131_L": 1
    },
    "I-190_U": {
      "I-204_U": 2,
      "depot": 1,
      "O-218_L": 1,
      "O-32_L": 1,
      "I-221_U": 1,
      "O-259_L": 1,
      "O-57_L": 2,
      "O-213_L": 1,
      "O-232_L": 2,
      "O-79_L": 1,
      "I-224_U": 1,
      "O-233_L": 1,
      "O-0_L": 1,
      "I-116_U": 1,
      "O-108_L": 1,
      "I-33_U": 1,
      "O-104_L": 1,
      "I-130_U": 1,
      "O-120_L": 2,
      "I-56_U": 2,
      "O-145_L": 2,
      "O-166_L": 1,
      "O-189_L": 0,
      "I-17_U": 1,
      "I-151_U": 1,
      "I-190_U": 0,
      "I-219_U": 1,
      "I-230_U": 1,
      "O-205_L": 2,
      "I-231_U": 2,
      "O-223_L": 1,
      "I-258_U": 1,
      "I-214_U": 1,
      "O-222_L": 1,
      "O-243_L": 1,
      "I-41_U": 1,
      "I-260_U": 1,
      "I-121_U": 2,
      "I-141_U": 1,
      "O-152_L": 1,
      "O-131_L": 1
    },
    "I-219_U": {
      "I-204_U": 3,
      "depot": 1,
      "O-218_L": 0,
      "O-32_L": 1,
      "I-221_U": 1,
      "O-259_L": 1,
      "O-57_L": 1,
      "O-213_L": 1,
      "O-232_L": 3,
      "O-79_L": 0,
      "I-224_U": 2,
      "O-233_L": 1,
      "O-0_L": 1,
      "I-116_U": 1,
      "O-108_L": 0,
      "I-33_U": 1,
      "O-104_L": 1,
      "I-130_U": 1,
      "O-120_L": 3,
      "I-56_U": 1,
      "O-145_L": 3,
      "O-166_L": 1,
      "O-189_L": 1,
      "I-17_U": 1,
      "I-151_U": 1,
      "I-190_U": 1,
      "I-219_U": 0,
      "I-230_U": 1,
      "O-205_L": 3,
      "I-231_U": 3,
      "O-223_L": 2,
      "I-258_U": 1,
      "I-214_U": 1,
      "O-222_L": 1,
      "O-243_L": 2,
      "I-41_U": 1,
      "I-260_U": 1,
      "I-121_U": 3,
      "I-141_U": 1,
      "O-152_L": 1,
      "O-131_L": 1
    },
    "I-230_U": {
      "I-204_U": 2,
      "depot": 1,
      "O-218_L": 1,
      "O-32_L": 1,
      "I-221_U": 1,
      "O-259_L": 1,
      "O-57_L": 1,
      "O-213_L": 1,
      "O-232_L": 2,
      "O-79_L": 1,
      "I-224_U": 1,
      "O-233_L": 1,
      "O-0_L": 1,
      "I-116_U": 1,
      "O-108_L": 1,
      "I-33_U": 1,
      "O-104_L": 1,
      "I-130_U": 1,
      "O-120_L": 2,
      "I-56_U": 1,
      "O-145_L": 2,
      "O-166_L": 1,
      "O-189_L": 1,
      "I-17_U": 1,
      "I-151_U": 1,
      "I-190_U": 1,
      "I-219_U": 1,
      "I-230_U": 0,
      "O-205_L": 2,
      "I-231_U": 2,
      "O-223_L": 1,
      "I-258_U": 1,
      "I-214_U": 1,
      "O-222_L": 1,
      "O-243_L": 1,
      "I-41_U": 1,
      "I-260_U": 1,
      "I-121_U": 2,
      "I-141_U": 1,
      "O-152_L": 1,
      "O-131_L": 1
    },
    "O-205_L": {
      "I-204_U": 0,
      "depot": 3,
      "O-218_L": 3,
      "O-32_L": 2,
      "I-221_U": 3,
      "O-259_L": 2,
      "O-57_L": 3,
      "O-213_L": 2,
      "O-232_L": 1,
      "O-79_L": 3,
      "I-224_U": 2,
      "O-233_L": 3,
      "O-0_L": 2,
      "I-116_U": 3,
      "O-108_L": 3,
      "I-33_U": 2,
      "O-104_L": 2,
      "I-130_U": 2,
      "O-120_L": 0,
      "I-56_U": 3,
      "O-145_L": 1,
      "O-166_L": 3,
      "O-189_L": 2,
      "I-17_U": 2,
      "I-151_U": 2,
      "I-190_U": 2,
      "I-219_U": 3,
      "I-230_U": 2,
      "O-205_L": 0,
      "I-231_U": 1,
      "O-223_L": 2,
      "I-258_U": 3,
      "I-214_U": 2,
      "O-222_L": 3,
      "O-243_L": 2,
      "I-41_U": 3,
      "I-260_U": 2,
      "I-121_U": 0,
      "I-141_U": 2,
      "O-152_L": 2,
      "O-131_L": 2
    },
    "I-231_U": {
      "I-204_U": 1,
      "depot": 3,
      "O-218_L": 3,
      "O-32_L": 2,
      "I-221_U": 3,
      "O-259_L": 2,
      "O-57_L": 3,
      "O-213_L": 3,
      "O-232_L": 0,
      "O-79_L": 3,
      "I-224_U": 2,
      "O-233_L": 3,
      "O-0_L": 3,
      "I-116_U": 3,
      "O-108_L": 3,
      "I-33_U": 2,
      "O-104_L": 3,
      "I-130_U": 2,
      "O-120_L": 1,
      "I-56_U": 3,
      "O-145_L": 1,
      "O-166_L": 3,
      "O-189_L": 2,
      "I-17_U": 3,
      "I-151_U": 3,
      "I-190_U": 2,
      "I-219_U": 3,
      "I-230_U": 2,
      "O-205_L": 1,
      "I-231_U": 0,
      "O-223_L": 2,
      "I-258_U": 3,
      "I-214_U": 3,
      "O-222_L": 3,
      "O-243_L": 2,
      "I-41_U": 3,
      "I-260_U": 2,
      "I-121_U": 1,
      "I-141_U": 2,
      "O-152_L": 3,
      "O-131_L": 2
    },
    "O-223_L": {
      "I-204_U": 2,
      "depot": 2,
      "O-218_L": 2,
      "O-32_L": 1,
      "I-221_U": 2,
      "O-259_L": 1,
      "O-57_L": 2,
      "O-213_L": 1,
      "O-232_L": 2,
      "O-79_L": 2,
      "I-224_U": 0,
      "O-233_L": 2,
      "O-0_L": 1,
      "I-116_U": 2,
      "O-108_L": 2,
      "I-33_U": 1,
      "O-104_L": 1,
      "I-130_U": 1,
      "O-120_L": 2,
      "I-56_U": 2,
      "O-145_L": 2,
      "O-166_L": 2,
      "O-189_L": 1,
      "I-17_U": 1,
      "I-151_U": 1,
      "I-190_U": 1,
      "I-219_U": 2,
      "I-230_U": 1,
      "O-205_L": 2,
      "I-231_U": 2,
      "O-223_L": 0,
      "I-258_U": 2,
      "I-214_U": 1,
      "O-222_L": 2,
      "O-243_L": 1,
      "I-41_U": 2,
      "I-260_U": 1,
      "I-121_U": 2,
      "I-141_U": 1,
      "O-152_L": 1,
      "O-131_L": 1
    },
    "I-258_U": {
      "I-204_U": 3,
      "depot": 1,
      "O-218_L": 1,
      "O-32_L": 1,
      "I-221_U": 0,
      "O-259_L": 1,
      "O-57_L": 1,
      "O-213_L": 1,
      "O-232_L": 3,
      "O-79_L": 1,
      "I-224_U": 2,
      "O-233_L": 1,
      "O-0_L": 1,
      "I-116_U": 1,
      "O-108_L": 1,
      "I-33_U": 1,
      "O-104_L": 1,
      "I-130_U": 1,
      "O-120_L": 3,
      "I-56_U": 1,
      "O-145_L": 3,
      "O-166_L": 1,
      "O-189_L": 1,
      "I-17_U": 1,
      "I-151_U": 1,
      "I-190_U": 1,
      "I-219_U": 1,
      "I-230_U": 1,
      "O-205_L": 3,
      "I-231_U": 3,
      "O-223_L": 2,
      "I-258_U": 0,
      "I-214_U": 1,
      "O-222_L": 0,
      "O-243_L": 2,
      "I-41_U": 0,
      "I-260_U": 1,
      "I-121_U": 3,
      "I-141_U": 1,
      "O-152_L": 1,
      "O-131_L": 1
    },
    "I-214_U": {
      "I-204_U": 2,
      "depot": 1,
      "O-218_L": 1,
      "O-32_L": 1,
      "I-221_U": 1,
      "O-259_L": 1,
      "O-57_L": 1,
      "O-213_L": 0,
      "O-232_L": 3,
      "O-79_L": 1,
      "I-224_U": 1,
      "O-233_L": 1,
      "O-0_L": 0,
      "I-116_U": 1,
      "O-108_L": 1,
      "I-33_U": 1,
      "O-104_L": 1,
      "I-130_U": 1,
      "O-120_L": 2,
      "I-56_U": 1,
      "O-145_L": 2,
      "O-166_L": 1,
      "O-189_L": 1,
      "I-17_U": 1,
      "I-151_U": 1,
      "I-190_U": 1,
      "I-219_U": 1,
      "I-230_U": 1,
      "O-205_L": 2,
      "I-231_U": 3,
      "O-223_L": 1,
      "I-258_U": 1,
      "I-214_U": 0,
      "O-222_L": 1,
      "O-243_L": 1,
      "I-41_U": 1,
      "I-260_U": 1,
      "I-121_U": 2,
      "I-141_U": 1,
      "O-152_L": 1,
      "O-131_L": 1
    },
    "O-222_L": {
      "I-204_U": 3,
      "depot": 1,
      "O-218_L": 1,
      "O-32_L": 1,
      "I-221_U": 0,
      "O-259_L": 1,
      "O-57_L": 1,
      "O-213_L": 1,
      "O-232_L": 3,
      "O-79_L": 1,
      "I-224_U": 2,
      "O-233_L": 1,
      "O-0_L": 1,
      "I-116_U": 1,
      "O-108_L": 1,
      "I-33_U": 1,
      "O-104_L": 1,
      "I-130_U": 1,
      "O-120_L": 3,
      "I-56_U": 1,
      "O-145_L": 3,
      "O-166_L": 1,
      "O-189_L": 1,
      "I-17_U": 1,
      "I-151_U": 1,
      "I-190_U": 1,
      "I-219_U": 1,
      "I-230_U": 1,
      "O-205_L": 3,
      "I-231_U": 3,
      "O-223_L": 2,
      "I-258_U": 0,
      "I-214_U": 1,
      "O-222_L": 0,
      "O-243_L": 2,
      "I-41_U": 0,
      "I-260_U": 1,
      "I-121_U": 3,
      "I-141_U": 1,
      "O-152_L": 1,
      "O-131_L": 1
    },
    "O-243_L": {
      "I-204_U": 2,
      "depot": 2,
      "O-218_L": 2,
      "O-32_L": 1,
      "I-221_U": 2,
      "O-259_L": 1,
      "O-57_L": 2,
      "O-213_L": 1,
      "O-232_L": 2,
      "O-79_L": 2,
      "I-224_U": 1,
      "O-233_L": 2,
      "O-0_L": 1,
      "I-116_U": 2,
      "O-108_L": 2,
      "I-33_U": 1,
      "O-104_L": 1,
      "I-130_U": 1,
      "O-120_L": 2,
      "I-56_U": 2,
      "O-145_L": 2,
      "O-166_L": 2,
      "O-189_L": 1,
      "I-17_U": 2,
      "I-151_U": 1,
      "I-190_U": 1,
      "I-219_U": 2,
      "I-230_U": 1,
      "O-205_L": 2,
      "I-231_U": 2,
      "O-223_L": 1,
      "I-258_U": 2,
      "I-214_U": 1,
      "O-222_L": 2,
      "O-243_L": 0,
      "I-41_U": 2,
      "I-260_U": 1,
      "I-121_U": 2,
      "I-141_U": 1,
      "O-152_L": 1,
      "O-131_L": 1
    },
    "I-41_U": {
      "I-204_U": 3,
      "depot": 1,
      "O-218_L": 1,
      "O-32_L": 1,
      "I-221_U": 0,
      "O-259_L": 1,
      "O-57_L": 1,
      "O-213_L": 1,
      "O-232_L": 3,
      "O-79_L": 1,
      "I-224_U": 2,
      "O-233_L": 1,
      "O-0_L": 1,
      "I-116_U": 1,
      "O-108_L": 1,
      "I-33_U": 1,
      "O-104_L": 1,
      "I-130_U": 1,
      "O-120_L": 3,
      "I-56_U": 1,
      "O-145_L": 3,
      "O-166_L": 1,
      "O-189_L": 1,
      "I-17_U": 1,
      "I-151_U": 1,
      "I-190_U": 1,
      "I-219_U": 1,
      "I-230_U": 1,
      "O-205_L": 3,
      "I-231_U": 3,
      "O-223_L": 2,
      "I-258_U": 0,
      "I-214_U": 1,
      "O-222_L": 0,
      "O-243_L": 2,
      "I-41_U": 0,
      "I-260_U": 1,
      "I-121_U": 3,
      "I-141_U": 1,
      "O-152_L": 1,
      "O-131_L": 1
    },
    "I-260_U": {
      "I-204_U": 2,
      "depot": 1,
      "O-218_L": 1,
      "O-32_L": 0,
      "I-221_U": 1,
      "O-259_L": 0,
      "O-57_L": 1,
      "O-213_L": 1,
      "O-232_L": 2,
      "O-79_L": 1,
      "I-224_U": 1,
      "O-233_L": 1,
      "O-0_L": 1,
      "I-116_U": 1,
      "O-108_L": 1,
      "I-33_U": 0,
      "O-104_L": 1,
      "I-130_U": 1,
      "O-120_L": 2,
      "I-56_U": 1,
      "O-145_L": 2,
      "O-166_L": 1,
      "O-189_L": 1,
      "I-17_U": 1,
      "I-151_U": 1,
      "I-190_U": 1,
      "I-219_U": 1,
      "I-230_U": 1,
      "O-205_L": 2,
      "I-231_U": 2,
      "O-223_L": 1,
      "I-258_U": 1,
      "I-214_U": 1,
      "O-222_L": 1,
      "O-243_L": 1,
      "I-41_U": 1,
      "I-260_U": 0,
      "I-121_U": 2,
      "I-141_U": 1,
      "O-152_L": 1,
      "O-131_L": 1
    },
    "I-121_U": {
      "I-204_U": 0,
      "depot": 3,
      "O-218_L": 3,
      "O-32_L": 2,
      "I-221_U": 3,
      "O-259_L": 2,
      "O-57_L": 3,
      "O-213_L": 2,
      "O-232_L": 1,
      "O-79_L": 3,
      "I-224_U": 2,
      "O-233_L": 3,
      "O-0_L": 2,
      "I-116_U": 3,
      "O-108_L": 3,
      "I-33_U": 2,
      "O-104_L": 2,
      "I-130_U": 2,
      "O-120_L": 0,
      "I-56_U": 3,
      "O-145_L": 1,
      "O-166_L": 3,
      "O-189_L": 2,
      "I-17_U": 2,
      "I-151_U": 2,
      "I-190_U": 2,
      "I-219_U": 3,
      "I-230_U": 2,
      "O-205_L": 0,
      "I-231_U": 1,
      "O-223_L": 2,
      "I-258_U": 3,
      "I-214_U": 2,
      "O-222_L": 3,
      "O-243_L": 2,
      "I-41_U": 3,
      "I-260_U": 2,
      "I-121_U": 0,
      "I-141_U": 2,
      "O-152_L": 2,
      "O-131_L": 2
    },
    "I-141_U": {
      "I-204_U": 2,
      "depot": 1,
      "O-218_L": 1,
      "O-32_L": 1,
      "I-221_U": 1,
      "O-259_L": 1,
      "O-57_L": 1,
      "O-213_L": 1,
      "O-232_L": 2,
      "O-79_L": 1,
      "I-224_U": 1,
      "O-233_L": 1,
      "O-0_L": 1,
      "I-116_U": 1,
      "O-108_L": 1,
      "I-33_U": 1,
      "O-104_L": 1,
      "I-130_U": 1,
      "O-120_L": 2,
      "I-56_U": 1,
      "O-145_L": 2,
      "O-166_L": 1,
      "O-189_L": 1,
      "I-17_U": 1,
      "I-151_U": 1,
      "I-190_U": 1,
      "I-219_U": 1,
      "I-230_U": 1,
      "O-205_L": 2,
      "I-231_U": 2,
      "O-223_L": 1,
      "I-258_U": 1,
      "I-214_U": 1,
      "O-222_L": 1,
      "O-243_L": 1,
      "I-41_U": 1,
      "I-260_U": 1,
      "I-121_U": 2,
      "I-141_U": 0,
      "O-152_L": 1,
      "O-131_L": 1
    },
    "O-152_L": {
      "I-204_U": 2,
      "depot": 1,
      "O-218_L": 1,
      "O-32_L": 1,
      "I-221_U": 1,
      "O-259_L": 1,
      "O-57_L": 1,
      "O-213_L": 1,
      "O-232_L": 3,
      "O-79_L": 1,
      "I-224_U": 1,
      "O-233_L": 1,
      "O-0_L": 1,
      "I-116_U": 1,
      "O-108_L": 1,
      "I-33_U": 1,
      "O-104_L": 1,
      "I-130_U": 1,
      "O-120_L": 2,
      "I-56_U": 1,
      "O-145_L": 2,
      "O-166_L": 1,
      "O-189_L": 1,
      "I-17_U": 1,
      "I-151_U": 0,
      "I-190_U": 1,
      "I-219_U": 1,
      "I-230_U": 1,
      "O-205_L": 2,
      "I-231_U": 3,
      "O-223_L": 1,
      "I-258_U": 1,
      "I-214_U": 1,
      "O-222_L": 1,
      "O-243_L": 1,
      "I-41_U": 1,
      "I-260_U": 1,
      "I-121_U": 2,
      "I-141_U": 1,
      "O-152_L": 0,
      "O-131_L": 1
    },
    "O-131_L": {
      "I-204_U": 2,
      "depot": 1,
      "O-218_L": 1,
      "O-32_L": 1,
      "I-221_U": 1,
      "O-259_L": 1,
      "O-57_L": 1,
      "O-213_L": 1,
      "O-232_L": 2,
      "O-79_L": 1,
      "I-224_U": 1,
      "O-233_L": 1,
      "O-0_L": 1,
      "I-116_U": 1,
      "O-108_L": 1,
      "I-33_U": 1,
      "O-104_L": 1,
      "I-130_U": 0,
      "O-120_L": 2,
      "I-56_U": 1,
      "O-145_L": 2,
      "O-166_L": 1,
      "O-189_L": 1,
      "I-17_U": 1,
      "I-151_U": 1,
      "I-190_U": 1,
      "I-219_U": 1,
      "I-230_U": 1,
      "O-205_L": 2,
      "I-231_U": 2,
      "O-223_L": 1,
      "I-258_U": 1,
      "I-214_U": 1,
      "O-222_L": 1,
      "O-243_L": 1,
      "I-41_U": 1,
      "I-260_U": 1,
      "I-121_U": 2,
      "I-141_U": 1,
      "O-152_L": 1,
      "O-131_L": 0
    }
  },
  "workers": {
    "3": 24,
    "4": 13,
    "5": 2
  },
  "tasks": [
    "O-0_L",
    "I-17_U",
    "I-33_U",
    "O-32_L",
    "I-41_U",
    "I-56_U",
    "O-57_L",
    "O-79_L",
    "O-104_L",
    "O-108_L",
    "I-116_U",
    "O-120_L",
    "I-121_U",
    "I-130_U",
    "O-131_L",
    "I-141_U",
    "O-145_L",
    "I-151_U",
    "O-152_L",
    "O-166_L",
    "I-190_U",
    "O-189_L",
    "O-205_L",
    "I-204_U",
    "I-214_U",
    "O-213_L",
    "O-218_L",
    "I-219_U",
    "I-221_U",
    "O-222_L",
    "O-223_L",
    "I-224_U",
    "I-230_U",
    "I-231_U",
    "O-232_L",
    "O-233_L",
    "O-243_L",
    "I-258_U",
    "O-259_L",
    "I-260_U"
  ],
  "skill_levels": [
    3,
    4,
    5
  ]
}