{
  "tasks_per_formation": {
    "f_3:1,4:1": [
      "I-30_U",
      "O-55_L",
      "O-85_L",
      "O-58_L"
    ],
    "f_3:2,4:1": [
      "O-27_L",
      "I-84_U",
      "O-29_L",
      "I-91_U",
      "I-57_U",
      "I-75_U"
    ],
    "f_3:1,4:1,5:1": [
      "O-83_L",
      "O-12_L"
    ],
    "f_3:3": [
      "O-3_L"
    ],
    "f_3:2": [
      "I-18_U",
      "O-19_L",
      "O-62_L",
      "O-60_L",
      "I-59_U",
      "I-49_U",
      "I-2_U"
    ]
  },
  "modes": {
    "I-18_U": {
      "f_3:2": 3
    },
    "O-62_L": {
      "f_3:2": 4
    },
    "O-83_L": {
      "f_3:1,4:1,5:1": 9
    },
    "O-60_L": {
      "f_3:2": 4
    },
    "O-55_L": {
      "f_3:1,4:1": 3
    },
    "O-85_L": {
      "f_3:1,4:1": 5
    },
    "O-3_L": {
      "f_3:3": 3
    },
    "O-12_L": {
      "f_3:1,4:1,5:1": 9
    },
    "O-58_L": {
      "f_3:1,4:1": 4
    },
    "O-27_L": {
      "f_3:2,4:1": 4
    },
    "I-84_U": {
      "f_3:2,4:1": 4
    },
    "O-29_L": {
      "f_3:2,4:1": 4
    },
    "O-19_L": {
      "f_3:2": 4
    },
    "I-30_U": {
      "f_3:1,4:1": 4
    },
    "I-91_U": {
      "f_3:2,4:1": 5
    },
    "I-57_U": {
      "f_3:2,4:1": 4
    },
    "I-59_U": {
      "f_3:2": 3
    },
    "I-49_U": {
      "f_3:2": 2
    },
    "I-2_U": {
      "f_3:2": 3
    },
    "I-75_U": {
      "f_3:2,4:1": 4
    }
  },
  "depot": "depot",
  "instants": [
    95,
    96,
    97,
    98,
    99,
    100,
    101,
    102,
    103,
    104,
    105,
    106,
    107,
    108,
    109,
    110,
    111,
    112,
    113,
    114,
    115,
    116,
    117,
    118,
    119,
    120,
    121,
    122,
    123,
    124,
    125,
    126,
    127,
    128,
    129,
    130,
    131,
    132,
    133
  ],
  "begin_horizon": 95,
  "end_horizon": 134,
  "earliest_start": {
    "I-18_U": 102,
    "O-62_L": 97,
    "O-83_L": 119,
    "O-60_L": 115,
    "O-55_L": 101,
    "O-85_L": 114,
    "O-3_L": 115,
    "O-12_L": 108,
    "O-58_L": 117,
    "O-27_L": 101,
    "I-84_U": 98,
    "O-29_L": 112,
    "O-19_L": 106,
    "I-30_U": 97,
    "I-91_U": 119,
    "I-57_U": 111,
    "I-59_U": 104,
    "I-49_U": 116,
    "I-2_U": 111,
    "I-75_U": 104
  },
  "latest_start": {
    "I-18_U": 103,
    "O-62_L": 97,
    "O-83_L": 123,
    "O-60_L": 115,
    "O-55_L": 103,
    "O-85_L": 114,
    "O-3_L": 115,
    "O-12_L": 110,
    "O-58_L": 118,
    "O-27_L": 102,
    "I-84_U": 99,
    "O-29_L": 113,
    "O-19_L": 106,
    "I-30_U": 99,
    "I-91_U": 119,
    "I-57_U": 112,
    "I-59_U": 105,
    "I-49_U": 117,
    "I-2_U": 112,
    "I-75_U": 104
  },
  "weights": {
    "I-18_U": 1.0,
    "O-62_L": 1.0,
    "O-83_L": 3.0,
    "O-60_L": 1.0,
    "O-55_L": 2.0,
    "O-85_L": 2.0,
    "O-3_L": 1.0,
    "O-12_L": 3.0,
    "O-58_L": 2.0,
    "O-27_L": 2.0,
    "I-84_U": 2.0,
    "O-29_L": 2.0,
    "O-19_L": 1.0,
    "I-30_U": 2.0,
    "I-91_U": 2.0,
    "I-57_U": 2.0,
    "I-59_U": 1.0,
    "I-49_U": 1.0,
    "I-2_U": 1.0,
    "I-75_U": 2.0
  },
  "workers_w_d": {
    "3": 18,
    "4": 5,
    "5": 1
  },
  "earliest_finish": {
    "I-18_U": 105,
    "O-62_L": 101,
    "O-83_L": 128,
    "O-60_L": 119,
    "O-55_L": 104,
    "O-85_L": 119,
    "O-3_L": 118,
    "O-12_L": 117,
    "O-58_L": 121,
    "O-27_L": 105,
    "I-84_U": 102,
    "O-29_L": 116,
    "O-19_L": 110,
    "I-30_U": 101,
    "I-91_U": 124,
    "I-57_U": 115,
    "I-59_U": 107,
    "I-49_U": 118,
    "I-2_U": 114,
    "I-75_U": 108
  },
  "formations": {
    "f_3:1,4:1": {
      "3": 1,
      "4": 1
    },
    "f_3:2,4:1": {
      "3": 2,
      "4": 1
    },
    "f_3:1,4:1,5:1": {
      "3": 1,
      "4": 1,
      "5": 1
    },
    "f_3:3": {
      "3": 3
    },
    "f_3:2": {
      "3": 2
    }
  },
  "modesSpeedID": {
    "I-18_U": {
      "f_3:2": "s"
    },
    "O-62_L": {
      "f_3:2": "s"
    },
    "O-83_L": {
      "f_3:1,4:1,5:1": "s"
    },
    "O-60_L": {
      "f_3:2": "s"
    },
    "O-55_L": {
      "f_3:1,4:1": "s"
    },
    "O-85_L": {
      "f_3:1,4:1": "s"
    },
    "O-3_L": {
      "f_3:3": "f"
    },
    "O-12_L": {
      "f_3:1,4:1,5:1": "s"
    },
    "O-58_L": {
      "f_3:1,4:1": "s"
    },
    "O-27_L": {
      "f_3:2,4:1": "i"
    },
    "I-84_U": {
      "f_3:2,4:1": "i"
    },
    "O-29_L": {
      "f_3:2,4:1": "i"
    },
    "O-19_L": {
      "f_3:2": "s"
    },
    "I-30_U": {
      "f_3:1,4:1": "s"
    },
    "I-91_U": {
      "f_3:2,4:1": "i"
    },
    "I-57_U": {
      "f_3:2,4:1": "i"
    },
    "I-59_U": {
      "f_3:2": "s"
    },
    "I-49_U": {
      "f_3:2": "s"
    },
    "I-2_U": {
      "f_3:2": "s"
    },
    "I-75_U": {
      "f_3:2,4:1": "i"
    }
  },
  "formations_w_d": {
    "f_3:1,4:1": {
      "3": 2,
      "4": 1
    },
    "f_3:2,4:1": {
      "3": 3,
      "4": 1
    },
    "f_3:1,4:1,5:1": {
      "3": 3,
      "4": 2,
      "5": 1
    },
    "f_3:3": {
      "3": 3
    },
    "f_3:2": {
      "3": 2
    }
  },
  "latest_finish": {
    "I-18_U": 106,
    "O-62_L": 101,
    "O-83_L": 132,
    "O-60_L": 119,
    "O-55_L": 106,
    "O-85_L": 119,
    "O-3_L": 118,
    "O-12_L": 119,
    "O-58_L": 122,
    "O-27_L": 106,
    "I-84_U": 103,
    "O-29_L": 117,
    "O-19_L": 110,
    "I-30_U": 103,
    "I-91_U": 124,
    "I-57_U": 116,
    "I-59_U": 108,
    "I-49_U": 119,
    "I-2_U": 115,
    "I-75_U": 108
  },
  "travel_times": {
    "I-18_U": {
      "I-18_U": 0,
      "depot": 1,
      "O-62_L": 2,
      "O-83_L": 1,
      "O-60_L": 1,
      "O-55_L": 3,
      "O-85_L": 3,
      "O-3_L": 1,
      "O-12_L": 1,
      "O-58_L": 1,
      "O-27_L": 1,
      "I-84_U": 3,
      "O-29_L": 1,
      "O-19_L": 0,
      "I-30_U": 1,
      "I-91_U": 1,
      "I-57_U": 1,
      "I-59_U": 1,
      "I-49_U": 1,
      "I-2_U": 1,
      "I-75_U": 3
    },
    "depot": {
      "I-18_U": 1,
      "O-62_L": 2,
      "O-83_L": 1,
      "O-60_L": 1,
      "O-55_L": 3,
      "O-85_L": 3,
      "O-3_L": 1,
      "O-12_L": 1,
      "O-58_L": 1,
      "O-27_L": 1,
      "I-84_U": 3,
      "O-29_L": 0,
      "O-19_L": 1,
      "I-30_U": 0,
      "I-91_U": 1,
      "I-57_U": 1,
      "I-59_U": 1,
      "I-49_U": 1,
      "I-2_U": 1,
      "I-75_U": 3
    },
    "O-62_L": {
      "I-18_U": 2,
      "depot": 2,
      "O-62_L": 0,
      "O-83_L": 1,
      "O-60_L": 1,
      "O-55_L": 2,
      "O-85_L": 2,
      "O-3_L": 1,
      "O-12_L": 1,
      "O-58_L": 1,
      "O-27_L": 1,
      "I-84_U": 2,
      "O-29_L": 2,
      "O-19_L": 2,
      "I-30_U": 2,
      "I-91_U": 1,
      "I-57_U": 1,
      "I-59_U": 1,
      "I-49_U": 1,
      "I-2_U": 1,
      "I-75_U": 2
    },
    "O-83_L": {
      "I-18_U": 1,
      "depot": 1,
      "O-62_L": 1,
      "O-83_L": 0,
      "O-60_L": 1,
      "O-55_L": 3,
      "O-85_L": 2,
      "O-3_L": 1,
      "O-12_L": 1,
      "O-58_L": 1,
      "O-27_L": 1,
      "I-84_U": 2,
      "O-29_L": 1,
      "O-19_L": 1,
      "I-30_U": 1,
      "I-91_U": 1,
      "I-57_U": 1,
      "I-59_U": 1,
      "I-49_U": 1,
      "I-2_U": 1,
      "I-75_U": 2
    },
    "O-60_L": {
      "I-18_U": 1,
      "depot": 1,
      "O-62_L": 1,
      "O-83_L": 1,
      "O-60_L": 0,
      "O-55_L": 3,
      "O-85_L": 2,
      "O-3_L": 1,
      "O-12_L": 1,
      "O-58_L": 1,
      "O-27_L": 1,
      "I-84_U": 2,
      "O-29_L": 1,
      "O-19_L": 1,
      "I-30_U": 1,
      "I-91_U": 1,
      "I-57_U": 1,
      "I-59_U": 0,
      "I-49_U": 1,
      "I-2_U": 1,
      "I-75_U": 3
    },
    "O-55_L": {
      "I-18_U": 3,
      "depot": 3,
      "O-62_L": 2,
      "O-83_L": 3,
      "O-60_L": 3,
      "O-55_L": 0,
      "O-85_L": 1,
      "O-3_L": 3,
      "O-12_L": 2,
      "O-58_L": 2,
      "O-27_L": 2,
      "I-84_U": 1,
      "O-29_L": 3,
      "O-19_L": 3,
      "I-30_U": 3,
      "I-91_U": 3,
      "I-57_U": 2,
      "I-59_U": 3,
      "I-49_U": 3,
      "I-2_U": 3,
      "I-75_U": 1
    },
    "O-85_L": {
      "I-18_U": 3,
      "depot": 3,
      "O-62_L": 2,
      "O-83_L": 2,
      "O-60_L": 2,
      "O-55_L": 1,
      "O-85_L": 0,
      "O-3_L": 2,
      "O-12_L": 2,
      "O-58_L": 2,
      "O-27_L": 2,
      "I-84_U": 0,
      "O-29_L": 3,
      "O-19_L": 3,
      "I-30_U": 3,
      "I-91_U": 2,
      "I-57_U": 2,
      "I-59_U": 2,
      "I-49_U": 2,
      "I-2_U": 2,
      "I-75_U": 1
    },
    "O-3_L": {
      "I-18_U": 1,
      "depot": 1,
      "O-62_L": 1,
      "O-83_L": 1,
      "O-60_L": 1,
      "O-55_L": 3,
      "O-85_L": 2,
      "O-3_L": 0,
      "O-12_L": 1,
      "O-58_L": 1,
      "O-27_L": 1,
      "I-84_U": 2,
      "O-29_L": 1,
      "O-19_L": 1,
      "I-30_U": 1,
      "I-91_U": 1,
      "I-57_U": 1,
      "I-59_U": 1,
      "I-49_U": 1,
      "I-2_U": 0,
      "I-75_U": 3
    },
    "O-12_L": {
      "I-18_U": 1,
      "depot": 1,
      "O-62_L": 1,
      "O-83_L": 1,
      "O-60_L": 1,
      "O-55_L": 2,
      "O-85_L": 2,
      "O-3_L": 1,
      "O-12_L": 0,
      "O-58_L": 1,
      "O-27_L": 1,
      "I-84_U": 2,
      "O-29_L": 1,
      "O-19_L": 1,
      "I-30_U": 1,
      "I-91_U": 1,
      "I-57_U": 1,
      "I-59_U": 1,
      "I-49_U": 1,
      "I-2_U": 1,
      "I-75_U": 2
    },
    "O-58_L": {
      "I-18_U": 1,
      "depot": 1,
      "O-62_L": 1,
      "O-83_L": 1,
      "O-60_L": 1,
      "O-55_L": 2,
      "O-85_L": 2,
      "O-3_L": 1,
      "O-12_L": 1,
      "O-58_L": 0,
      "O-27_L": 1,
      "I-84_U": 2,
      "O-29_L": 1,
      "O-19_L": 1,
      "I-30_U": 1,
      "I-91_U": 1,
      "I-57_U": 0,
      "I-59_U": 1,
      "I-49_U": 1,
      "I-2_U": 1,
      "I-75_U": 2
    },
    "O-27_L": {
      "I-18_U": 1,
      "depot": 1,
      "O-62_L": 1,
      "O-83_L": 1,
      "O-60_L": 1,
      "O-55_L": 2,
      "O-85_L": 2,
      "O-3_L": 1,
      "O-12_L": 1,
      "O-58_L": 1,
      "O-27_L": 0,
      "I-84_U": 2,
      "O-29_L": 1,
      "O-19_L": 1,
      "I-30_U": 1,
      "I-91_U": 1,
      "I-57_U": 1,
      "I-59_U": 1,
      "I-49_U": 1,
      "I-2_U": 1,
      "I-75_U": 2
    },
    "I-84_U": {
      "I-18_U": 3,
      "depot": 3,
      "O-62_L": 2,
      "O-83_L": 2,
      "O-60_L": 2,
      "O-55_L": 1,
      "O-85_L": 0,
      "O-3_L": 2,
      "O-12_L": 2,
      "O-58_L": 2,
      "O-27_L": 2,
      "I-84_U": 0,
      "O-29_L": 3,
      "O-19_L": 3,
      "I-30_U": 3,
      "I-91_U": 2,
      "I-57_U": 2,
      "I-59_U": 2,
      "I-49_U": 2,
      "I-2_U": 2,
      "I-75_U": 1
    },
    "O-29_L": {
      "I-18_U": 1,
      "depot": 0,
      "O-62_L": 2,
      "O-83_L": 1,
      "O-60_L": 1,
      "O-55_L": 3,
      "O-85_L": 3,
      "O-3_L": 1,
      "O-12_L": 1,
      "O-58_L": 1,
      "O-27_L": 1,
      "I-84_U": 3,
      "O-29_L": 0,
      "O-19_L": 1,
      "I-30_U": 0,
      "I-91_U": 1,
      "I-57_U": 1,
      "I-59_U": 1,
      "I-49_U": 1,
      "I-2_U": 1,
      "I-75_U": 3
    },
    "O-19_L": {
      "I-18_U": 0,
      "depot": 1,
      "O-62_L": 2,
      "O-83_L": 1,
      "O-60_L": 1,
      "O-55_L": 3,
      "O-85_L": 3,
      "O-3_L": 1,
      "O-12_L": 1,
      "O-58_L": 1,
      "O-27_L": 1,
      "I-84_U": 3,
      "O-29_L": 1,
      "O-19_L": 0,
      "I-30_U": 1,
      "I-91_U": 1,
      "I-57_U": 1,
      "I-59_U": 1,
      "I-49_U": 1,
      "I-2_U": 1,
      "I-75_U": 3
    },
    "I-30_U": {
      "I-18_U": 1,
      "depot": 0,
      "O-62_L": 2,
      "O-83_L": 1,
      "O-60_L": 1,
      "O-55_L": 3,
      "O-85_L": 3,
      "O-3_L": 1,
      "O-12_L": 1,
      "O-58_L": 1,
      "O-27_L": 1,
      "I-84_U": 3,
      "O-29_L": 0,
      "O-19_L": 1,
      "I-30_U": 0,
      "I-91_U": 1,
      "I-57_U": 1,
      "I-59_U": 1,
      "I-49_U": 1,
      "I-2_U": 1,
      "I-75_U": 3
    },
    "I-91_U": {
      "I-18_U": 1,
      "depot": 1,
      "O-62_L": 1,
      "O-83_L": 1,
      "O-60_L": 1,
      "O-55_L": 3,
      "O-85_L": 2,
      "O-3_L": 1,
      "O-12_L": 1,
      "O-58_L": 1,
      "O-27_L": 1,
      "I-84_U": 2,
      "O-29_L": 1,
      "O-19_L": 1,
      "I-30_U": 1,
      "I-91_U": 0,
      "I-57_U": 1,
      "I-59_U": 1,
      "I-49_U": 1,
      "I-2_U": 1,
      "I-75_U": 3
    },
    "I-57_U": {
      "I-18_U": 1,
      "depot": 1,
      "O-62_L": 1,
      "O-83_L": 1,
      "O-60_L": 1,
      "O-55_L": 2,
      "O-85_L": 2,
      "O-3_L": 1,
      "O-12_L": 1,
      "O-58_L": 0,
      "O-27_L": 1,
      "I-84_U": 2,
      "O-29_L": 1,
      "O-19_L": 1,
      "I-30_U": 1,
      "I-91_U": 1,
      "I-57_U": 0,
      "I-59_U": 1,
      "I-49_U": 1,
      "I-2_U": 1,
      "I-75_U": 2
    },
    "I-59_U": {
      "I-18_U": 1,
      "depot": 1,
      "O-62_L": 1,
      "O-83_L": 1,
      "O-60_L": 0,
      "O-55_L": 3,
      "O-85_L": 2,
      "O-3_L": 1,
      "O-12_L": 1,
      "O-58_L": 1,
      "O-27_L": 1,
      "I-84_U": 2,
      "O-29_L": 1,
      "O-19_L": 1,
      "I-30_U": 1,
      "I-91_U": 1,
      "I-57_U": 1,
      "I-59_U": 0,
      "I-49_U": 1,
      "I-2_U": 1,
      "I-75_U": 3
    },
    "I-49_U": {
      "I-18_U": 1,
      "depot": 1,
      "O-62_L": 1,
      "O-83_L": 1,
      "O-60_L": 1,
      "O-55_L": 3,
      "O-85_L": 2,
      "O-3_L": 1,
      "O-12_L": 1,
      "O-58_L": 1,
      "O-27_L": 1,
      "I-84_U": 2,
      "O-29_L": 1,
      "O-19_L": 1,
      "I-30_U": 1,
      "I-91_U": 1,
      "I-57_U": 1,
      "I-59_U": 1,
      "I-49_U": 0,
      "I-2_U": 1,
      "I-75_U": 3
    },
    "I-2_U": {
      "I-18_U": 1,
      "depot": 1,
      "O-62_L": 1,
      "O-83_L": 1,
      "O-60_L": 1,
      "O-55_L": 3,
      "O-85_L": 2,
      "O-3_L": 0,
      "O-12_L": 1,
      "O-58_L": 1,
      "O-27_L": 1,
      "I-84_U": 2,
      "O-29_L": 1,
      "O-19_L": 1,
      "I-30_U": 1,
      "I-91_U": 1,
      "I-57_U": 1,
      "I-59_U": 1,
      "I-49_U": 1,
      "I-2_U": 0,
      "I-75_U": 3
    },
    "I-75_U": {
      "I-18_U": 3,
      "depot": 3,
      "O-62_L": 2,
      "O-83_L": 2,
      "O-60_L": 3,
      "O-55_L": 1,
      "O-85_L": 1,
      "O-3_L": 3,
      "O-12_L": 2,
      "O-58_L": 2,
      "O-27_L": 2,
      "I-84_U": 1,
      "O-29_L": 3,
      "O-19_L": 3,
      "I-30_U": 3,
      "I-91_U": 3,
      "I-57_U": 2,
      "I-59_U": 3,
      "I-49_U": 3,
      "I-2_U": 3,
      "I-75_U": 0
    }
  },
  "workers": {
    "3": 13,
    "4": 4,
    "5": 1
  },
  "tasks": [
    "O-3_L",
    "I-2_U",
    "O-12_L",
    "O-19_L",
    "I-18_U",
    "O-27_L",
    "O-29_L",
    "I-30_U",
    "I-49_U",
    "O-55_L",
    "I-57_U",
    "O-58_L",
    "O-60_L",
    "I-59_U",
    "O-62_L",
    "I-75_U",
    "O-83_L",
    "I-84_U",
    "O-85_L",
    "I-91_U"
  ],
  "skill_levels": [
    3,
    4,
    5
  ]
}