{
  "tasks_per_formation": {
    "f_3:1,4:1": [
      "I-6_U",
      "I-12_U",
      "O-58_L"
    ],
    "f_3:2,4:1": [
      "I-6_U",
      "I-57_U",
      "I-12_U",
      "I-21_U",
      "O-13_L",
      "I-37_U",
      "O-58_L"
    ],
    "f_3:2,4:2": [
      "I-6_U",
      "I-57_U",
      "I-12_U",
      "I-21_U",
      "O-13_L",
      "I-37_U",
      "O-58_L"
    ],
    "f_3:3": [
      "I-80_U",
      "O-70_L",
      "O-81_L",
      "O-43_L",
      "I-25_U",
      "O-67_L"
    ],
    "f_3:2": [
      "O-17_L",
      "I-71_U",
      "I-80_U",
      "O-70_L",
      "O-81_L",
      "O-87_L",
      "O-74_L",
      "I-16_U",
      "O-24_L",
      "I-25_U",
      "O-67_L",
      "I-66_U"
    ],
    "f_3:4": [
      "O-43_L"
    ]
  },
  "modes": {
    "O-70_L": {
      "f_3:3": 3,
      "f_3:2": 4
    },
    "O-81_L": {
      "f_3:3": 3,
      "f_3:2": 4
    },
    "O-87_L": {
      "f_3:2": 4
    },
    "O-74_L": {
      "f_3:2": 3
    },
    "O-43_L": {
      "f_3:3": 4,
      "f_3:4": 3
    },
    "O-13_L": {
      "f_3:2,4:1": 4,
      "f_3:2,4:2": 3
    },
    "O-24_L": {
      "f_3:2": 4
    },
    "O-67_L": {
      "f_3:3": 3,
      "f_3:2": 4
    },
    "O-58_L": {
      "f_3:2,4:1": 4,
      "f_3:2,4:2": 3,
      "f_3:1,4:1": 5
    },
    "I-6_U": {
      "f_3:2,4:1": 5,
      "f_3:2,4:2": 3,
      "f_3:1,4:1": 6
    },
    "O-17_L": {
      "f_3:2": 2
    },
    "I-71_U": {
      "f_3:2": 3
    },
    "I-80_U": {
      "f_3:3": 3,
      "f_3:2": 4
    },
    "I-57_U": {
      "f_3:2,4:1": 4,
      "f_3:2,4:2": 3
    },
    "I-12_U": {
      "f_3:2,4:1": 4,
      "f_3:2,4:2": 3,
      "f_3:1,4:1": 5
    },
    "I-21_U": {
      "f_3:2,4:1": 4,
      "f_3:2,4:2": 3
    },
    "I-16_U": {
      "f_3:2": 3
    },
    "I-37_U": {
      "f_3:2,4:1": 4,
      "f_3:2,4:2": 3
    },
    "I-25_U": {
      "f_3:3": 3,
      "f_3:2": 4
    },
    "I-66_U": {
      "f_3:2": 3
    }
  },
  "depot": "depot",
  "instants": [
    94,
    95,
    96,
    97,
    98,
    99,
    100,
    101,
    102,
    103,
    104,
    105,
    106,
    107,
    108,
    109,
    110,
    111,
    112,
    113,
    114,
    115,
    116,
    117,
    118,
    119,
    120,
    121,
    122,
    123,
    124,
    125,
    126,
    127
  ],
  "begin_horizon": 94,
  "end_horizon": 128,
  "earliest_start": {
    "O-70_L": 116,
    "O-81_L": 105,
    "O-87_L": 101,
    "O-74_L": 97,
    "O-43_L": 105,
    "O-13_L": 111,
    "O-24_L": 107,
    "O-67_L": 104,
    "O-58_L": 119,
    "I-6_U": 120,
    "O-17_L": 104,
    "I-71_U": 112,
    "I-80_U": 98,
    "I-57_U": 105,
    "I-12_U": 100,
    "I-21_U": 120,
    "I-16_U": 97,
    "I-37_U": 120,
    "I-25_U": 102,
    "I-66_U": 98
  },
  "latest_start": {
    "O-70_L": 117,
    "O-81_L": 107,
    "O-87_L": 104,
    "O-74_L": 100,
    "O-43_L": 107,
    "O-13_L": 112,
    "O-24_L": 109,
    "O-67_L": 106,
    "O-58_L": 121,
    "I-6_U": 123,
    "O-17_L": 105,
    "I-71_U": 113,
    "I-80_U": 100,
    "I-57_U": 106,
    "I-12_U": 102,
    "I-21_U": 121,
    "I-16_U": 98,
    "I-37_U": 121,
    "I-25_U": 104,
    "I-66_U": 100
  },
  "weights": {
    "O-70_L": 1,
    "O-81_L": 1,
    "O-87_L": 1,
    "O-74_L": 1,
    "O-43_L": 1,
    "O-13_L": 1,
    "O-24_L": 1,
    "O-67_L": 1,
    "O-58_L": 1,
    "I-6_U": 1,
    "O-17_L": 1,
    "I-71_U": 1,
    "I-80_U": 1,
    "I-57_U": 1,
    "I-12_U": 1,
    "I-21_U": 1,
    "I-16_U": 1,
    "I-37_U": 1,
    "I-25_U": 1,
    "I-66_U": 1
  },
  "workers_w_d": {
    "3": 11,
    "4": 3,
    "5": 0
  },
  "earliest_finish": {
    "O-70_L": 119,
    "O-81_L": 108,
    "O-87_L": 105,
    "O-74_L": 100,
    "O-43_L": 108,
    "O-13_L": 114,
    "O-24_L": 111,
    "O-67_L": 107,
    "O-58_L": 122,
    "I-6_U": 123,
    "O-17_L": 106,
    "I-71_U": 115,
    "I-80_U": 101,
    "I-57_U": 108,
    "I-12_U": 103,
    "I-21_U": 123,
    "I-16_U": 100,
    "I-37_U": 123,
    "I-25_U": 105,
    "I-66_U": 101
  },
  "formations": {
    "f_3:1,4:1": {
      "3": 1,
      "4": 1
    },
    "f_3:2,4:1": {
      "3": 2,
      "4": 1
    },
    "f_3:2,4:2": {
      "3": 2,
      "4": 2
    },
    "f_3:3": {
      "3": 3
    },
    "f_3:2": {
      "3": 2
    },
    "f_3:4": {
      "3": 4
    }
  },
  "modesSpeedID": {
    "O-70_L": {
      "f_3:3": "f",
      "f_3:2": "s"
    },
    "O-81_L": {
      "f_3:3": "f",
      "f_3:2": "s"
    },
    "O-87_L": {
      "f_3:2": "s"
    },
    "O-74_L": {
      "f_3:2": "s"
    },
    "O-43_L": {
      "f_3:3": "i",
      "f_3:4": "f"
    },
    "O-13_L": {
      "f_3:2,4:1": "i",
      "f_3:2,4:2": "f"
    },
    "O-24_L": {
      "f_3:2": "s"
    },
    "O-67_L": {
      "f_3:3": "f",
      "f_3:2": "s"
    },
    "O-58_L": {
      "f_3:2,4:1": "i",
      "f_3:2,4:2": "f",
      "f_3:1,4:1": "s"
    },
    "I-6_U": {
      "f_3:2,4:1": "i",
      "f_3:2,4:2": "f",
      "f_3:1,4:1": "s"
    },
    "O-17_L": {
      "f_3:2": "s"
    },
    "I-71_U": {
      "f_3:2": "s"
    },
    "I-80_U": {
      "f_3:3": "f",
      "f_3:2": "s"
    },
    "I-57_U": {
      "f_3:2,4:1": "i",
      "f_3:2,4:2": "f"
    },
    "I-12_U": {
      "f_3:2,4:1": "i",
      "f_3:2,4:2": "f",
      "f_3:1,4:1": "s"
    },
    "I-21_U": {
      "f_3:2,4:1": "i",
      "f_3:2,4:2": "f"
    },
    "I-16_U": {
      "f_3:2": "s"
    },
    "I-37_U": {
      "f_3:2,4:1": "i",
      "f_3:2,4:2": "f"
    },
    "I-25_U": {
      "f_3:3": "f",
      "f_3:2": "s"
    },
    "I-66_U": {
      "f_3:2": "s"
    }
  },
  "formations_w_d": {
    "f_3:1,4:1": {
      "3": 2,
      "4": 1
    },
    "f_3:2,4:1": {
      "3": 3,
      "4": 1
    },
    "f_3:2,4:2": {
      "3": 4,
      "4": 2
    },
    "f_3:3": {
      "3": 3
    },
    "f_3:2": {
      "3": 2
    },
    "f_3:4": {
      "3": 4
    }
  },
  "latest_finish": {
    "O-70_L": 120,
    "O-81_L": 110,
    "O-87_L": 108,
    "O-74_L": 103,
    "O-43_L": 110,
    "O-13_L": 115,
    "O-24_L": 113,
    "O-67_L": 109,
    "O-58_L": 124,
    "I-6_U": 126,
    "O-17_L": 107,
    "I-71_U": 116,
    "I-80_U": 103,
    "I-57_U": 109,
    "I-12_U": 105,
    "I-21_U": 124,
    "I-16_U": 101,
    "I-37_U": 124,
    "I-25_U": 107,
    "I-66_U": 103
  },
  "travel_times": {
    "depot": {
      "O-70_L": 1,
      "O-81_L": 1,
      "O-87_L": 1,
      "O-74_L": 3,
      "O-43_L": 2,
      "O-13_L": 1,
      "O-24_L": 2,
      "O-67_L": 1,
      "O-58_L": 1,
      "I-6_U": 1,
      "O-17_L": 1,
      "I-71_U": 1,
      "I-80_U": 1,
      "I-57_U": 1,
      "I-12_U": 1,
      "I-21_U": 1,
      "I-16_U": 1,
      "I-37_U": 1,
      "I-25_U": 2,
      "I-66_U": 1
    },
    "O-70_L": {
      "depot": 1,
      "O-70_L": 0,
      "O-81_L": 1,
      "O-87_L": 1,
      "O-74_L": 3,
      "O-43_L": 3,
      "O-13_L": 1,
      "O-24_L": 3,
      "O-67_L": 1,
      "O-58_L": 1,
      "I-6_U": 1,
      "O-17_L": 1,
      "I-71_U": 0,
      "I-80_U": 1,
      "I-57_U": 1,
      "I-12_U": 1,
      "I-21_U": 1,
      "I-16_U": 1,
      "I-37_U": 2,
      "I-25_U": 3,
      "I-66_U": 1
    },
    "O-81_L": {
      "depot": 1,
      "O-70_L": 1,
      "O-81_L": 0,
      "O-87_L": 1,
      "O-74_L": 2,
      "O-43_L": 2,
      "O-13_L": 1,
      "O-24_L": 2,
      "O-67_L": 1,
      "O-58_L": 1,
      "I-6_U": 1,
      "O-17_L": 1,
      "I-71_U": 1,
      "I-80_U": 0,
      "I-57_U": 1,
      "I-12_U": 1,
      "I-21_U": 1,
      "I-16_U": 1,
      "I-37_U": 1,
      "I-25_U": 2,
      "I-66_U": 1
    },
    "O-87_L": {
      "depot": 1,
      "O-70_L": 1,
      "O-81_L": 1,
      "O-87_L": 0,
      "O-74_L": 3,
      "O-43_L": 3,
      "O-13_L": 1,
      "O-24_L": 3,
      "O-67_L": 1,
      "O-58_L": 1,
      "I-6_U": 1,
      "O-17_L": 1,
      "I-71_U": 1,
      "I-80_U": 1,
      "I-57_U": 1,
      "I-12_U": 1,
      "I-21_U": 0,
      "I-16_U": 1,
      "I-37_U": 2,
      "I-25_U": 3,
      "I-66_U": 1
    },
    "O-74_L": {
      "depot": 3,
      "O-70_L": 3,
      "O-81_L": 2,
      "O-87_L": 3,
      "O-74_L": 0,
      "O-43_L": 1,
      "O-13_L": 2,
      "O-24_L": 1,
      "O-67_L": 3,
      "O-58_L": 2,
      "I-6_U": 2,
      "O-17_L": 3,
      "I-71_U": 3,
      "I-80_U": 2,
      "I-57_U": 2,
      "I-12_U": 2,
      "I-21_U": 3,
      "I-16_U": 3,
      "I-37_U": 2,
      "I-25_U": 1,
      "I-66_U": 3
    },
    "O-43_L": {
      "depot": 2,
      "O-70_L": 3,
      "O-81_L": 2,
      "O-87_L": 3,
      "O-74_L": 1,
      "O-43_L": 0,
      "O-13_L": 2,
      "O-24_L": 0,
      "O-67_L": 2,
      "O-58_L": 2,
      "I-6_U": 2,
      "O-17_L": 3,
      "I-71_U": 3,
      "I-80_U": 2,
      "I-57_U": 2,
      "I-12_U": 2,
      "I-21_U": 3,
      "I-16_U": 3,
      "I-37_U": 2,
      "I-25_U": 0,
      "I-66_U": 2
    },
    "O-13_L": {
      "depot": 1,
      "O-70_L": 1,
      "O-81_L": 1,
      "O-87_L": 1,
      "O-74_L": 2,
      "O-43_L": 2,
      "O-13_L": 0,
      "O-24_L": 2,
      "O-67_L": 1,
      "O-58_L": 1,
      "I-6_U": 1,
      "O-17_L": 1,
      "I-71_U": 1,
      "I-80_U": 1,
      "I-57_U": 1,
      "I-12_U": 0,
      "I-21_U": 1,
      "I-16_U": 1,
      "I-37_U": 1,
      "I-25_U": 2,
      "I-66_U": 1
    },
    "O-24_L": {
      "depot": 2,
      "O-70_L": 3,
      "O-81_L": 2,
      "O-87_L": 3,
      "O-74_L": 1,
      "O-43_L": 0,
      "O-13_L": 2,
      "O-24_L": 0,
      "O-67_L": 2,
      "O-58_L": 2,
      "I-6_U": 2,
      "O-17_L": 3,
      "I-71_U": 3,
      "I-80_U": 2,
      "I-57_U": 2,
      "I-12_U": 2,
      "I-21_U": 3,
      "I-16_U": 3,
      "I-37_U": 2,
      "I-25_U": 0,
      "I-66_U": 2
    },
    "O-67_L": {
      "depot": 1,
      "O-70_L": 1,
      "O-81_L": 1,
      "O-87_L": 1,
      "O-74_L": 3,
      "O-43_L": 2,
      "O-13_L": 1,
      "O-24_L": 2,
      "O-67_L": 0,
      "O-58_L": 1,
      "I-6_U": 1,
      "O-17_L": 1,
      "I-71_U": 1,
      "I-80_U": 1,
      "I-57_U": 1,
      "I-12_U": 1,
      "I-21_U": 1,
      "I-16_U": 1,
      "I-37_U": 1,
      "I-25_U": 2,
      "I-66_U": 0
    },
    "O-58_L": {
      "depot": 1,
      "O-70_L": 1,
      "O-81_L": 1,
      "O-87_L": 1,
      "O-74_L": 2,
      "O-43_L": 2,
      "O-13_L": 1,
      "O-24_L": 2,
      "O-67_L": 1,
      "O-58_L": 0,
      "I-6_U": 1,
      "O-17_L": 1,
      "I-71_U": 1,
      "I-80_U": 1,
      "I-57_U": 0,
      "I-12_U": 1,
      "I-21_U": 1,
      "I-16_U": 1,
      "I-37_U": 1,
      "I-25_U": 2,
      "I-66_U": 1
    },
    "I-6_U": {
      "depot": 1,
      "O-70_L": 1,
      "O-81_L": 1,
      "O-87_L": 1,
      "O-74_L": 2,
      "O-43_L": 2,
      "O-13_L": 1,
      "O-24_L": 2,
      "O-67_L": 1,
      "O-58_L": 1,
      "I-6_U": 0,
      "O-17_L": 1,
      "I-71_U": 1,
      "I-80_U": 1,
      "I-57_U": 1,
      "I-12_U": 1,
      "I-21_U": 1,
      "I-16_U": 1,
      "I-37_U": 1,
      "I-25_U": 2,
      "I-66_U": 1
    },
    "O-17_L": {
      "depot": 1,
      "O-70_L": 1,
      "O-81_L": 1,
      "O-87_L": 1,
      "O-74_L": 3,
      "O-43_L": 3,
      "O-13_L": 1,
      "O-24_L": 3,
      "O-67_L": 1,
      "O-58_L": 1,
      "I-6_U": 1,
      "O-17_L": 0,
      "I-71_U": 1,
      "I-80_U": 1,
      "I-57_U": 1,
      "I-12_U": 1,
      "I-21_U": 1,
      "I-16_U": 0,
      "I-37_U": 2,
      "I-25_U": 3,
      "I-66_U": 1
    },
    "I-71_U": {
      "depot": 1,
      "O-70_L": 0,
      "O-81_L": 1,
      "O-87_L": 1,
      "O-74_L": 3,
      "O-43_L": 3,
      "O-13_L": 1,
      "O-24_L": 3,
      "O-67_L": 1,
      "O-58_L": 1,
      "I-6_U": 1,
      "O-17_L": 1,
      "I-71_U": 0,
      "I-80_U": 1,
      "I-57_U": 1,
      "I-12_U": 1,
      "I-21_U": 1,
      "I-16_U": 1,
      "I-37_U": 2,
      "I-25_U": 3,
      "I-66_U": 1
    },
    "I-80_U": {
      "depot": 1,
      "O-70_L": 1,
      "O-81_L": 0,
      "O-87_L": 1,
      "O-74_L": 2,
      "O-43_L": 2,
      "O-13_L": 1,
      "O-24_L": 2,
      "O-67_L": 1,
      "O-58_L": 1,
      "I-6_U": 1,
      "O-17_L": 1,
      "I-71_U": 1,
      "I-80_U": 0,
      "I-57_U": 1,
      "I-12_U": 1,
      "I-21_U": 1,
      "I-16_U": 1,
      "I-37_U": 1,
      "I-25_U": 2,
      "I-66_U": 1
    },
    "I-57_U": {
      "depot": 1,
      "O-70_L": 1,
      "O-81_L": 1,
      "O-87_L": 1,
      "O-74_L": 2,
      "O-43_L": 2,
      "O-13_L": 1,
      "O-24_L": 2,
      "O-67_L": 1,
      "O-58_L": 0,
      "I-6_U": 1,
      "O-17_L": 1,
      "I-71_U": 1,
      "I-80_U": 1,
      "I-57_U": 0,
      "I-12_U": 1,
      "I-21_U": 1,
      "I-16_U": 1,
      "I-37_U": 1,
      "I-25_U": 2,
      "I-66_U": 1
    },
    "I-12_U": {
      "depot": 1,
      "O-70_L": 1,
      "O-81_L": 1,
      "O-87_L": 1,
      "O-74_L": 2,
      "O-43_L": 2,
      "O-13_L": 0,
      "O-24_L": 2,
      "O-67_L": 1,
      "O-58_L": 1,
      "I-6_U": 1,
      "O-17_L": 1,
      "I-71_U": 1,
      "I-80_U": 1,
      "I-57_U": 1,
      "I-12_U": 0,
      "I-21_U": 1,
      "I-16_U": 1,
      "I-37_U": 1,
      "I-25_U": 2,
      "I-66_U": 1
    },
    "I-21_U": {
      "depot": 1,
      "O-70_L": 1,
      "O-81_L": 1,
      "O-87_L": 0,
      "O-74_L": 3,
      "O-43_L": 3,
      "O-13_L": 1,
      "O-24_L": 3,
      "O-67_L": 1,
      "O-58_L": 1,
      "I-6_U": 1,
      "O-17_L": 1,
      "I-71_U": 1,
      "I-80_U": 1,
      "I-57_U": 1,
      "I-12_U": 1,
      "I-21_U": 0,
      "I-16_U": 1,
      "I-37_U": 2,
      "I-25_U": 3,
      "I-66_U": 1
    },
    "I-16_U": {
      "depot": 1,
      "O-70_L": 1,
      "O-81_L": 1,
      "O-87_L": 1,
      "O-74_L": 3,
      "O-43_L": 3,
      "O-13_L": 1,
      "O-24_L": 3,
      "O-67_L": 1,
      "O-58_L": 1,
      "I-6_U": 1,
      "O-17_L": 0,
      "I-71_U": 1,
      "I-80_U": 1,
      "I-57_U": 1,
      "I-12_U": 1,
      "I-21_U": 1,
      "I-16_U": 0,
      "I-37_U": 2,
      "I-25_U": 3,
      "I-66_U": 1
    },
    "I-37_U": {
      "depot": 1,
      "O-70_L": 2,
      "O-81_L": 1,
      "O-87_L": 2,
      "O-74_L": 2,
      "O-43_L": 2,
      "O-13_L": 1,
      "O-24_L": 2,
      "O-67_L": 1,
      "O-58_L": 1,
      "I-6_U": 1,
      "O-17_L": 2,
      "I-71_U": 2,
      "I-80_U": 1,
      "I-57_U": 1,
      "I-12_U": 1,
      "I-21_U": 2,
      "I-16_U": 2,
      "I-37_U": 0,
      "I-25_U": 2,
      "I-66_U": 1
    },
    "I-25_U": {
      "depot": 2,
      "O-70_L": 3,
      "O-81_L": 2,
      "O-87_L": 3,
      "O-74_L": 1,
      "O-43_L": 0,
      "O-13_L": 2,
      "O-24_L": 0,
      "O-67_L": 2,
      "O-58_L": 2,
      "I-6_U": 2,
      "O-17_L": 3,
      "I-71_U": 3,
      "I-80_U": 2,
      "I-57_U": 2,
      "I-12_U": 2,
      "I-21_U": 3,
      "I-16_U": 3,
      "I-37_U": 2,
      "I-25_U": 0,
      "I-66_U": 2
    },
    "I-66_U": {
      "depot": 1,
      "O-70_L": 1,
      "O-81_L": 1,
      "O-87_L": 1,
      "O-74_L": 3,
      "O-43_L": 2,
      "O-13_L": 1,
      "O-24_L": 2,
      "O-67_L": 0,
      "O-58_L": 1,
      "I-6_U": 1,
      "O-17_L": 1,
      "I-71_U": 1,
      "I-80_U": 1,
      "I-57_U": 1,
      "I-12_U": 1,
      "I-21_U": 1,
      "I-16_U": 1,
      "I-37_U": 1,
      "I-25_U": 2,
      "I-66_U": 0
    }
  },
  "workers": {
    "3": 8,
    "4": 3,
    "5": 0
  },
  "tasks": [
    "I-6_U",
    "I-12_U",
    "O-13_L",
    "O-17_L",
    "I-16_U",
    "I-21_U",
    "I-25_U",
    "O-24_L",
    "I-37_U",
    "O-43_L",
    "I-57_U",
    "O-58_L",
    "O-67_L",
    "I-66_U",
    "O-70_L",
    "I-71_U",
    "O-74_L",
    "O-81_L",
    "I-80_U",
    "O-87_L"
  ],
  "skill_levels": [
    3,
    4,
    5
  ]
}