{
  "tasks_per_formation": {
    "f_3:1,4:1": [
      "I-9_U",
      "O-17_L",
      "O-49_L",
      "O-81_L",
      "I-158_U",
      "O-25_L",
      "O-112_L",
      "I-134_U"
    ],
    "f_3:1,4:2": [
      "I-9_U",
      "O-17_L",
      "O-25_L"
    ],
    "f_3:2,4:2,5:2": [
      "O-32_L",
      "O-44_L",
      "O-165_L",
      "O-163_L"
    ],
    "f_3:2,4:1": [
      "O-112_L",
      "I-134_U"
    ],
    "f_3:2,4:2": [
      "I-150_U",
      "O-149_L",
      "O-81_L",
      "O-92_L",
      "O-8_L",
      "O-49_L",
      "I-82_U",
      "I-91_U",
      "I-70_U",
      "I-167_U",
      "O-106_L",
      "O-172_L",
      "I-158_U",
      "O-154_L"
    ],
    "f_3:3": [
      "I-94_U",
      "I-80_U",
      "O-60_L",
      "O-53_L",
      "I-57_U",
      "O-160_L",
      "I-59_U",
      "O-12_L",
      "I-13_U",
      "O-58_L",
      "O-100_L"
    ],
    "f_3:2": [
      "O-93_L",
      "O-60_L",
      "O-42_L",
      "O-53_L",
      "O-6_L",
      "O-12_L",
      "O-58_L",
      "I-94_U",
      "I-80_U",
      "I-57_U",
      "I-133_U",
      "O-160_L",
      "I-13_U",
      "I-101_U",
      "I-87_U",
      "O-100_L"
    ]
  },
  "modes": {
    "O-93_L": {
      "f_3:2": 2
    },
    "O-92_L": {
      "f_3:2,4:2": 3
    },
    "O-53_L": {
      "f_3:3": 3,
      "f_3:2": 4
    },
    "O-32_L": {
      "f_3:2,4:2,5:2": 6
    },
    "O-12_L": {
      "f_3:3": 3,
      "f_3:2": 4
    },
    "O-58_L": {
      "f_3:3": 3,
      "f_3:2": 4
    },
    "I-9_U": {
      "f_3:1,4:1": 5,
      "f_3:1,4:2": 3
    },
    "O-17_L": {
      "f_3:1,4:1": 4,
      "f_3:1,4:2": 3
    },
    "I-94_U": {
      "f_3:3": 3,
      "f_3:2": 4
    },
    "I-91_U": {
      "f_3:2,4:2": 3
    },
    "I-70_U": {
      "f_3:2,4:2": 3
    },
    "I-57_U": {
      "f_3:3": 3,
      "f_3:2": 4
    },
    "I-133_U": {
      "f_3:2": 2
    },
    "O-160_L": {
      "f_3:3": 3,
      "f_3:2": 4
    },
    "O-106_L": {
      "f_3:2,4:2": 3
    },
    "I-59_U": {
      "f_3:3": 3
    },
    "I-158_U": {
      "f_3:2,4:2": 3,
      "f_3:1,4:1": 5
    },
    "O-165_L": {
      "f_3:2,4:2,5:2": 5
    },
    "I-13_U": {
      "f_3:3": 3,
      "f_3:2": 4
    },
    "O-100_L": {
      "f_3:3": 3,
      "f_3:2": 4
    },
    "I-134_U": {
      "f_3:2,4:1": 3,
      "f_3:1,4:1": 4
    },
    "O-163_L": {
      "f_3:2,4:2,5:2": 6
    },
    "I-150_U": {
      "f_3:2,4:2": 3
    },
    "O-149_L": {
      "f_3:2,4:2": 3
    },
    "O-60_L": {
      "f_3:3": 3,
      "f_3:2": 4
    },
    "O-81_L": {
      "f_3:2,4:2": 3,
      "f_3:1,4:1": 6
    },
    "O-42_L": {
      "f_3:2": 2
    },
    "O-8_L": {
      "f_3:2,4:2": 3
    },
    "O-44_L": {
      "f_3:2,4:2,5:2": 6
    },
    "O-6_L": {
      "f_3:2": 4
    },
    "O-25_L": {
      "f_3:1,4:1": 4,
      "f_3:1,4:2": 3
    },
    "O-49_L": {
      "f_3:2,4:2": 3,
      "f_3:1,4:1": 6
    },
    "I-82_U": {
      "f_3:2,4:2": 3
    },
    "I-80_U": {
      "f_3:3": 3,
      "f_3:2": 4
    },
    "I-167_U": {
      "f_3:2,4:2": 3
    },
    "O-172_L": {
      "f_3:2,4:2": 3
    },
    "I-101_U": {
      "f_3:2": 2
    },
    "O-112_L": {
      "f_3:2,4:1": 3,
      "f_3:1,4:1": 4
    },
    "O-154_L": {
      "f_3:2,4:2": 3
    },
    "I-87_U": {
      "f_3:2": 3
    }
  },
  "depot": "depot",
  "instants": [
    95,
    96,
    97,
    98,
    99,
    100,
    101,
    102,
    103,
    104,
    105,
    106,
    107,
    108,
    109,
    110,
    111,
    112,
    113,
    114,
    115,
    116,
    117,
    118,
    119,
    120,
    121,
    122,
    123,
    124,
    125,
    126
  ],
  "begin_horizon": 95,
  "end_horizon": 127,
  "earliest_start": {
    "O-93_L": 115,
    "O-92_L": 114,
    "O-53_L": 98,
    "O-32_L": 97,
    "O-12_L": 105,
    "O-58_L": 106,
    "I-9_U": 97,
    "O-17_L": 99,
    "I-94_U": 110,
    "I-91_U": 110,
    "I-70_U": 114,
    "I-57_U": 102,
    "I-133_U": 119,
    "O-160_L": 105,
    "O-106_L": 107,
    "I-59_U": 104,
    "I-158_U": 110,
    "O-165_L": 99,
    "I-13_U": 99,
    "O-100_L": 109,
    "I-134_U": 118,
    "O-163_L": 112,
    "I-150_U": 107,
    "O-149_L": 110,
    "O-60_L": 107,
    "O-81_L": 114,
    "O-42_L": 97,
    "O-8_L": 103,
    "O-44_L": 110,
    "O-6_L": 104,
    "O-25_L": 105,
    "O-49_L": 98,
    "I-82_U": 101,
    "I-80_U": 111,
    "I-167_U": 119,
    "O-172_L": 106,
    "I-101_U": 102,
    "O-112_L": 102,
    "O-154_L": 101,
    "I-87_U": 111
  },
  "latest_start": {
    "O-93_L": 117,
    "O-92_L": 115,
    "O-53_L": 99,
    "O-32_L": 102,
    "O-12_L": 107,
    "O-58_L": 108,
    "I-9_U": 100,
    "O-17_L": 101,
    "I-94_U": 111,
    "I-91_U": 111,
    "I-70_U": 115,
    "I-57_U": 103,
    "I-133_U": 120,
    "O-160_L": 107,
    "O-106_L": 109,
    "I-59_U": 104,
    "I-158_U": 112,
    "O-165_L": 103,
    "I-13_U": 100,
    "O-100_L": 110,
    "I-134_U": 121,
    "O-163_L": 117,
    "I-150_U": 107,
    "O-149_L": 110,
    "O-60_L": 108,
    "O-81_L": 117,
    "O-42_L": 99,
    "O-8_L": 105,
    "O-44_L": 115,
    "O-6_L": 107,
    "O-25_L": 106,
    "O-49_L": 101,
    "I-82_U": 103,
    "I-80_U": 112,
    "I-167_U": 120,
    "O-172_L": 107,
    "I-101_U": 103,
    "O-112_L": 103,
    "O-154_L": 103,
    "I-87_U": 114
  },
  "weights": {
    "O-93_L": 1,
    "O-92_L": 1,
    "O-53_L": 1,
    "O-32_L": 1,
    "O-12_L": 1,
    "O-58_L": 1,
    "I-9_U": 1,
    "O-17_L": 1,
    "I-94_U": 1,
    "I-91_U": 1,
    "I-70_U": 1,
    "I-57_U": 1,
    "I-133_U": 1,
    "O-160_L": 1,
    "O-106_L": 1,
    "I-59_U": 1,
    "I-158_U": 1,
    "O-165_L": 1,
    "I-13_U": 1,
    "O-100_L": 1,
    "I-134_U": 1,
    "O-163_L": 1,
    "I-150_U": 1,
    "O-149_L": 1,
    "O-60_L": 1,
    "O-81_L": 1,
    "O-42_L": 1,
    "O-8_L": 1,
    "O-44_L": 1,
    "O-6_L": 1,
    "O-25_L": 1,
    "O-49_L": 1,
    "I-82_U": 1,
    "I-80_U": 1,
    "I-167_U": 1,
    "O-172_L": 1,
    "I-101_U": 1,
    "O-112_L": 1,
    "O-154_L": 1,
    "I-87_U": 1
  },
  "workers_w_d": {
    "3": 35,
    "4": 13,
    "5": 3
  },
  "earliest_finish": {
    "O-93_L": 117,
    "O-92_L": 117,
    "O-53_L": 101,
    "O-32_L": 103,
    "O-12_L": 108,
    "O-58_L": 109,
    "I-9_U": 100,
    "O-17_L": 102,
    "I-94_U": 113,
    "I-91_U": 113,
    "I-70_U": 117,
    "I-57_U": 105,
    "I-133_U": 121,
    "O-160_L": 108,
    "O-106_L": 110,
    "I-59_U": 107,
    "I-158_U": 113,
    "O-165_L": 104,
    "I-13_U": 102,
    "O-100_L": 112,
    "I-134_U": 121,
    "O-163_L": 118,
    "I-150_U": 110,
    "O-149_L": 113,
    "O-60_L": 110,
    "O-81_L": 117,
    "O-42_L": 99,
    "O-8_L": 106,
    "O-44_L": 116,
    "O-6_L": 108,
    "O-25_L": 108,
    "O-49_L": 101,
    "I-82_U": 104,
    "I-80_U": 114,
    "I-167_U": 122,
    "O-172_L": 109,
    "I-101_U": 104,
    "O-112_L": 105,
    "O-154_L": 104,
    "I-87_U": 114
  },
  "formations": {
    "f_3:1,4:1": {
      "3": 1,
      "4": 1
    },
    "f_3:1,4:2": {
      "3": 1,
      "4": 2
    },
    "f_3:2,4:2,5:2": {
      "3": 2,
      "4": 2,
      "5": 2
    },
    "f_3:2,4:1": {
      "3": 2,
      "4": 1
    },
    "f_3:2,4:2": {
      "3": 2,
      "4": 2
    },
    "f_3:3": {
      "3": 3
    },
    "f_3:2": {
      "3": 2
    }
  },
  "modesSpeedID": {
    "O-93_L": {
      "f_3:2": "s"
    },
    "O-92_L": {
      "f_3:2,4:2": "f"
    },
    "O-53_L": {
      "f_3:3": "f",
      "f_3:2": "s"
    },
    "O-32_L": {
      "f_3:2,4:2,5:2": "f"
    },
    "O-12_L": {
      "f_3:3": "f",
      "f_3:2": "s"
    },
    "O-58_L": {
      "f_3:3": "f",
      "f_3:2": "s"
    },
    "I-9_U": {
      "f_3:1,4:1": "s",
      "f_3:1,4:2": "f"
    },
    "O-17_L": {
      "f_3:1,4:1": "s",
      "f_3:1,4:2": "f"
    },
    "I-94_U": {
      "f_3:3": "f",
      "f_3:2": "s"
    },
    "I-91_U": {
      "f_3:2,4:2": "f"
    },
    "I-70_U": {
      "f_3:2,4:2": "f"
    },
    "I-57_U": {
      "f_3:3": "f",
      "f_3:2": "s"
    },
    "I-133_U": {
      "f_3:2": "s"
    },
    "O-160_L": {
      "f_3:3": "f",
      "f_3:2": "s"
    },
    "O-106_L": {
      "f_3:2,4:2": "f"
    },
    "I-59_U": {
      "f_3:3": "f"
    },
    "I-158_U": {
      "f_3:2,4:2": "f",
      "f_3:1,4:1": "s"
    },
    "O-165_L": {
      "f_3:2,4:2,5:2": "f"
    },
    "I-13_U": {
      "f_3:3": "f",
      "f_3:2": "s"
    },
    "O-100_L": {
      "f_3:3": "f",
      "f_3:2": "s"
    },
    "I-134_U": {
      "f_3:2,4:1": "f",
      "f_3:1,4:1": "s"
    },
    "O-163_L": {
      "f_3:2,4:2,5:2": "f"
    },
    "I-150_U": {
      "f_3:2,4:2": "f"
    },
    "O-149_L": {
      "f_3:2,4:2": "f"
    },
    "O-60_L": {
      "f_3:3": "f",
      "f_3:2": "s"
    },
    "O-81_L": {
      "f_3:2,4:2": "f",
      "f_3:1,4:1": "s"
    },
    "O-42_L": {
      "f_3:2": "s"
    },
    "O-8_L": {
      "f_3:2,4:2": "f"
    },
    "O-44_L": {
      "f_3:2,4:2,5:2": "f"
    },
    "O-6_L": {
      "f_3:2": "s"
    },
    "O-25_L": {
      "f_3:1,4:1": "s",
      "f_3:1,4:2": "f"
    },
    "O-49_L": {
      "f_3:2,4:2": "f",
      "f_3:1,4:1": "s"
    },
    "I-82_U": {
      "f_3:2,4:2": "f"
    },
    "I-80_U": {
      "f_3:3": "f",
      "f_3:2": "s"
    },
    "I-167_U": {
      "f_3:2,4:2": "f"
    },
    "O-172_L": {
      "f_3:2,4:2": "f"
    },
    "I-101_U": {
      "f_3:2": "s"
    },
    "O-112_L": {
      "f_3:2,4:1": "f",
      "f_3:1,4:1": "s"
    },
    "O-154_L": {
      "f_3:2,4:2": "f"
    },
    "I-87_U": {
      "f_3:2": "s"
    }
  },
  "formations_w_d": {
    "f_3:1,4:1": {
      "3": 2,
      "4": 1
    },
    "f_3:1,4:2": {
      "3": 3,
      "4": 2
    },
    "f_3:2,4:2,5:2": {
      "3": 6,
      "4": 4,
      "5": 2
    },
    "f_3:2,4:1": {
      "3": 3,
      "4": 1
    },
    "f_3:2,4:2": {
      "3": 4,
      "4": 2
    },
    "f_3:3": {
      "3": 3
    },
    "f_3:2": {
      "3": 2
    }
  },
  "latest_finish": {
    "O-93_L": 119,
    "O-92_L": 118,
    "O-53_L": 102,
    "O-32_L": 108,
    "O-12_L": 110,
    "O-58_L": 111,
    "I-9_U": 103,
    "O-17_L": 104,
    "I-94_U": 114,
    "I-91_U": 114,
    "I-70_U": 118,
    "I-57_U": 106,
    "I-133_U": 122,
    "O-160_L": 110,
    "O-106_L": 112,
    "I-59_U": 107,
    "I-158_U": 115,
    "O-165_L": 108,
    "I-13_U": 103,
    "O-100_L": 113,
    "I-134_U": 124,
    "O-163_L": 123,
    "I-150_U": 110,
    "O-149_L": 113,
    "O-60_L": 111,
    "O-81_L": 120,
    "O-42_L": 101,
    "O-8_L": 108,
    "O-44_L": 121,
    "O-6_L": 111,
    "O-25_L": 109,
    "O-49_L": 104,
    "I-82_U": 106,
    "I-80_U": 115,
    "I-167_U": 123,
    "O-172_L": 110,
    "I-101_U": 105,
    "O-112_L": 106,
    "O-154_L": 106,
    "I-87_U": 117
  },
  "travel_times": {
    "depot": {
      "O-93_L": 3,
      "O-92_L": 1,
      "O-53_L": 1,
      "O-32_L": 1,
      "O-12_L": 1,
      "O-58_L": 1,
      "I-9_U": 1,
      "O-17_L": 1,
      "I-94_U": 3,
      "I-91_U": 1,
      "I-70_U": 1,
      "I-57_U": 1,
      "I-133_U": 3,
      "O-160_L": 3,
      "O-106_L": 1,
      "I-59_U": 0,
      "I-158_U": 1,
      "O-165_L": 1,
      "I-13_U": 1,
      "O-100_L": 2,
      "I-134_U": 1,
      "O-163_L": 1,
      "I-150_U": 1,
      "O-149_L": 1,
      "O-60_L": 0,
      "O-81_L": 1,
      "O-42_L": 2,
      "O-8_L": 1,
      "O-44_L": 1,
      "O-6_L": 1,
      "O-25_L": 2,
      "O-49_L": 1,
      "I-82_U": 1,
      "I-80_U": 2,
      "I-167_U": 3,
      "O-172_L": 1,
      "I-101_U": 2,
      "O-112_L": 3,
      "O-154_L": 1,
      "I-87_U": 3
    },
    "O-93_L": {
      "depot": 3,
      "O-93_L": 0,
      "O-92_L": 2,
      "O-53_L": 2,
      "O-32_L": 2,
      "O-12_L": 2,
      "O-58_L": 2,
      "I-9_U": 2,
      "O-17_L": 2,
      "I-94_U": 0,
      "I-91_U": 2,
      "I-70_U": 3,
      "I-57_U": 2,
      "I-133_U": 1,
      "O-160_L": 0,
      "O-106_L": 2,
      "I-59_U": 3,
      "I-158_U": 2,
      "O-165_L": 2,
      "I-13_U": 2,
      "O-100_L": 1,
      "I-134_U": 2,
      "O-163_L": 2,
      "I-150_U": 2,
      "O-149_L": 2,
      "O-60_L": 3,
      "O-81_L": 2,
      "O-42_L": 2,
      "O-8_L": 2,
      "O-44_L": 3,
      "O-6_L": 2,
      "O-25_L": 2,
      "O-49_L": 2,
      "I-82_U": 2,
      "I-80_U": 2,
      "I-167_U": 1,
      "O-172_L": 2,
      "I-101_U": 1,
      "O-112_L": 1,
      "O-154_L": 2,
      "I-87_U": 1
    },
    "O-92_L": {
      "depot": 1,
      "O-93_L": 2,
      "O-92_L": 0,
      "O-53_L": 0,
      "O-32_L": 1,
      "O-12_L": 1,
      "O-58_L": 1,
      "I-9_U": 1,
      "O-17_L": 1,
      "I-94_U": 2,
      "I-91_U": 0,
      "I-70_U": 1,
      "I-57_U": 1,
      "I-133_U": 2,
      "O-160_L": 2,
      "O-106_L": 0,
      "I-59_U": 1,
      "I-158_U": 1,
      "O-165_L": 1,
      "I-13_U": 1,
      "O-100_L": 2,
      "I-134_U": 1,
      "O-163_L": 1,
      "I-150_U": 1,
      "O-149_L": 1,
      "O-60_L": 1,
      "O-81_L": 1,
      "O-42_L": 1,
      "O-8_L": 1,
      "O-44_L": 1,
      "O-6_L": 1,
      "O-25_L": 1,
      "O-49_L": 1,
      "I-82_U": 1,
      "I-80_U": 1,
      "I-167_U": 2,
      "O-172_L": 1,
      "I-101_U": 2,
      "O-112_L": 2,
      "O-154_L": 0,
      "I-87_U": 2
    },
    "O-53_L": {
      "depot": 1,
      "O-93_L": 2,
      "O-92_L": 0,
      "O-53_L": 0,
      "O-32_L": 1,
      "O-12_L": 1,
      "O-58_L": 1,
      "I-9_U": 1,
      "O-17_L": 1,
      "I-94_U": 2,
      "I-91_U": 0,
      "I-70_U": 1,
      "I-57_U": 1,
      "I-133_U": 2,
      "O-160_L": 2,
      "O-106_L": 0,
      "I-59_U": 1,
      "I-158_U": 1,
      "O-165_L": 1,
      "I-13_U": 1,
      "O-100_L": 2,
      "I-134_U": 1,
      "O-163_L": 1,
      "I-150_U": 1,
      "O-149_L": 1,
      "O-60_L": 1,
      "O-81_L": 1,
      "O-42_L": 1,
      "O-8_L": 1,
      "O-44_L": 1,
      "O-6_L": 1,
      "O-25_L": 1,
      "O-49_L": 1,
      "I-82_U": 1,
      "I-80_U": 1,
      "I-167_U": 2,
      "O-172_L": 1,
      "I-101_U": 2,
      "O-112_L": 2,
      "O-154_L": 0,
      "I-87_U": 2
    },
    "O-32_L": {
      "depot": 1,
      "O-93_L": 2,
      "O-92_L": 1,
      "O-53_L": 1,
      "O-32_L": 0,
      "O-12_L": 1,
      "O-58_L": 1,
      "I-9_U": 1,
      "O-17_L": 1,
      "I-94_U": 2,
      "I-91_U": 1,
      "I-70_U": 2,
      "I-57_U": 1,
      "I-133_U": 2,
      "O-160_L": 2,
      "O-106_L": 1,
      "I-59_U": 1,
      "I-158_U": 1,
      "O-165_L": 1,
      "I-13_U": 1,
      "O-100_L": 2,
      "I-134_U": 1,
      "O-163_L": 1,
      "I-150_U": 1,
      "O-149_L": 1,
      "O-60_L": 1,
      "O-81_L": 1,
      "O-42_L": 1,
      "O-8_L": 1,
      "O-44_L": 2,
      "O-6_L": 1,
      "O-25_L": 1,
      "O-49_L": 1,
      "I-82_U": 1,
      "I-80_U": 1,
      "I-167_U": 2,
      "O-172_L": 1,
      "I-101_U": 2,
      "O-112_L": 2,
      "O-154_L": 1,
      "I-87_U": 2
    },
    "O-12_L": {
      "depot": 1,
      "O-93_L": 2,
      "O-92_L": 1,
      "O-53_L": 1,
      "O-32_L": 1,
      "O-12_L": 0,
      "O-58_L": 1,
      "I-9_U": 1,
      "O-17_L": 0,
      "I-94_U": 2,
      "I-91_U": 1,
      "I-70_U": 1,
      "I-57_U": 1,
      "I-133_U": 2,
      "O-160_L": 2,
      "O-106_L": 1,
      "I-59_U": 1,
      "I-158_U": 1,
      "O-165_L": 1,
      "I-13_U": 0,
      "O-100_L": 2,
      "I-134_U": 1,
      "O-163_L": 1,
      "I-150_U": 1,
      "O-149_L": 1,
      "O-60_L": 1,
      "O-81_L": 1,
      "O-42_L": 1,
      "O-8_L": 1,
      "O-44_L": 1,
      "O-6_L": 0,
      "O-25_L": 1,
      "O-49_L": 1,
      "I-82_U": 1,
      "I-80_U": 1,
      "I-167_U": 2,
      "O-172_L": 0,
      "I-101_U": 2,
      "O-112_L": 2,
      "O-154_L": 1,
      "I-87_U": 2
    },
    "O-58_L": {
      "depot": 1,
      "O-93_L": 2,
      "O-92_L": 1,
      "O-53_L": 1,
      "O-32_L": 1,
      "O-12_L": 1,
      "O-58_L": 0,
      "I-9_U": 1,
      "O-17_L": 1,
      "I-94_U": 2,
      "I-91_U": 1,
      "I-70_U": 2,
      "I-57_U": 0,
      "I-133_U": 2,
      "O-160_L": 2,
      "O-106_L": 1,
      "I-59_U": 1,
      "I-158_U": 1,
      "O-165_L": 1,
      "I-13_U": 1,
      "O-100_L": 2,
      "I-134_U": 1,
      "O-163_L": 1,
      "I-150_U": 1,
      "O-149_L": 1,
      "O-60_L": 1,
      "O-81_L": 1,
      "O-42_L": 1,
      "O-8_L": 1,
      "O-44_L": 2,
      "O-6_L": 1,
      "O-25_L": 1,
      "O-49_L": 1,
      "I-82_U": 1,
      "I-80_U": 1,
      "I-167_U": 2,
      "O-172_L": 1,
      "I-101_U": 2,
      "O-112_L": 2,
      "O-154_L": 1,
      "I-87_U": 2
    },
    "I-9_U": {
      "depot": 1,
      "O-93_L": 2,
      "O-92_L": 1,
      "O-53_L": 1,
      "O-32_L": 1,
      "O-12_L": 1,
      "O-58_L": 1,
      "I-9_U": 0,
      "O-17_L": 1,
      "I-94_U": 2,
      "I-91_U": 1,
      "I-70_U": 1,
      "I-57_U": 1,
      "I-133_U": 3,
      "O-160_L": 2,
      "O-106_L": 1,
      "I-59_U": 1,
      "I-158_U": 1,
      "O-165_L": 1,
      "I-13_U": 1,
      "O-100_L": 2,
      "I-134_U": 1,
      "O-163_L": 1,
      "I-150_U": 1,
      "O-149_L": 1,
      "O-60_L": 1,
      "O-81_L": 1,
      "O-42_L": 1,
      "O-8_L": 0,
      "O-44_L": 1,
      "O-6_L": 1,
      "O-25_L": 1,
      "O-49_L": 1,
      "I-82_U": 1,
      "I-80_U": 1,
      "I-167_U": 2,
      "O-172_L": 1,
      "I-101_U": 2,
      "O-112_L": 2,
      "O-154_L": 1,
      "I-87_U": 2
    },
    "O-17_L": {
      "depot": 1,
      "O-93_L": 2,
      "O-92_L": 1,
      "O-53_L": 1,
      "O-32_L": 1,
      "O-12_L": 0,
      "O-58_L": 1,
      "I-9_U": 1,
      "O-17_L": 0,
      "I-94_U": 2,
      "I-91_U": 1,
      "I-70_U": 1,
      "I-57_U": 1,
      "I-133_U": 2,
      "O-160_L": 2,
      "O-106_L": 1,
      "I-59_U": 1,
      "I-158_U": 1,
      "O-165_L": 1,
      "I-13_U": 0,
      "O-100_L": 2,
      "I-134_U": 1,
      "O-163_L": 1,
      "I-150_U": 1,
      "O-149_L": 1,
      "O-60_L": 1,
      "O-81_L": 1,
      "O-42_L": 1,
      "O-8_L": 1,
      "O-44_L": 1,
      "O-6_L": 0,
      "O-25_L": 1,
      "O-49_L": 1,
      "I-82_U": 1,
      "I-80_U": 1,
      "I-167_U": 2,
      "O-172_L": 0,
      "I-101_U": 2,
      "O-112_L": 2,
      "O-154_L": 1,
      "I-87_U": 2
    },
    "I-94_U": {
      "depot": 3,
      "O-93_L": 0,
      "O-92_L": 2,
      "O-53_L": 2,
      "O-32_L": 2,
      "O-12_L": 2,
      "O-58_L": 2,
      "I-9_U": 2,
      "O-17_L": 2,
      "I-94_U": 0,
      "I-91_U": 2,
      "I-70_U": 3,
      "I-57_U": 2,
      "I-133_U": 1,
      "O-160_L": 0,
      "O-106_L": 2,
      "I-59_U": 3,
      "I-158_U": 2,
      "O-165_L": 2,
      "I-13_U": 2,
      "O-100_L": 1,
      "I-134_U": 2,
      "O-163_L": 2,
      "I-150_U": 2,
      "O-149_L": 2,
      "O-60_L": 3,
      "O-81_L": 2,
      "O-42_L": 2,
      "O-8_L": 2,
      "O-44_L": 3,
      "O-6_L": 2,
      "O-25_L": 2,
      "O-49_L": 2,
      "I-82_U": 2,
      "I-80_U": 2,
      "I-167_U": 1,
      "O-172_L": 2,
      "I-101_U": 1,
      "O-112_L": 1,
      "O-154_L": 2,
      "I-87_U": 1
    },
    "I-91_U": {
      "depot": 1,
      "O-93_L": 2,
      "O-92_L": 0,
      "O-53_L": 0,
      "O-32_L": 1,
      "O-12_L": 1,
      "O-58_L": 1,
      "I-9_U": 1,
      "O-17_L": 1,
      "I-94_U": 2,
      "I-91_U": 0,
      "I-70_U": 1,
      "I-57_U": 1,
      "I-133_U": 2,
      "O-160_L": 2,
      "O-106_L": 0,
      "I-59_U": 1,
      "I-158_U": 1,
      "O-165_L": 1,
      "I-13_U": 1,
      "O-100_L": 2,
      "I-134_U": 1,
      "O-163_L": 1,
      "I-150_U": 1,
      "O-149_L": 1,
      "O-60_L": 1,
      "O-81_L": 1,
      "O-42_L": 1,
      "O-8_L": 1,
      "O-44_L": 1,
      "O-6_L": 1,
      "O-25_L": 1,
      "O-49_L": 1,
      "I-82_U": 1,
      "I-80_U": 1,
      "I-167_U": 2,
      "O-172_L": 1,
      "I-101_U": 2,
      "O-112_L": 2,
      "O-154_L": 0,
      "I-87_U": 2
    },
    "I-70_U": {
      "depot": 1,
      "O-93_L": 3,
      "O-92_L": 1,
      "O-53_L": 1,
      "O-32_L": 2,
      "O-12_L": 1,
      "O-58_L": 2,
      "I-9_U": 1,
      "O-17_L": 1,
      "I-94_U": 3,
      "I-91_U": 1,
      "I-70_U": 0,
      "I-57_U": 2,
      "I-133_U": 3,
      "O-160_L": 3,
      "O-106_L": 1,
      "I-59_U": 1,
      "I-158_U": 1,
      "O-165_L": 1,
      "I-13_U": 1,
      "O-100_L": 3,
      "I-134_U": 1,
      "O-163_L": 1,
      "I-150_U": 1,
      "O-149_L": 1,
      "O-60_L": 1,
      "O-81_L": 1,
      "O-42_L": 2,
      "O-8_L": 1,
      "O-44_L": 0,
      "O-6_L": 1,
      "O-25_L": 2,
      "O-49_L": 1,
      "I-82_U": 1,
      "I-80_U": 2,
      "I-167_U": 3,
      "O-172_L": 1,
      "I-101_U": 3,
      "O-112_L": 3,
      "O-154_L": 1,
      "I-87_U": 3
    },
    "I-57_U": {
      "depot": 1,
      "O-93_L": 2,
      "O-92_L": 1,
      "O-53_L": 1,
      "O-32_L": 1,
      "O-12_L": 1,
      "O-58_L": 0,
      "I-9_U": 1,
      "O-17_L": 1,
      "I-94_U": 2,
      "I-91_U": 1,
      "I-70_U": 2,
      "I-57_U": 0,
      "I-133_U": 2,
      "O-160_L": 2,
      "O-106_L": 1,
      "I-59_U": 1,
      "I-158_U": 1,
      "O-165_L": 1,
      "I-13_U": 1,
      "O-100_L": 2,
      "I-134_U": 1,
      "O-163_L": 1,
      "I-150_U": 1,
      "O-149_L": 1,
      "O-60_L": 1,
      "O-81_L": 1,
      "O-42_L": 1,
      "O-8_L": 1,
      "O-44_L": 2,
      "O-6_L": 1,
      "O-25_L": 1,
      "O-49_L": 1,
      "I-82_U": 1,
      "I-80_U": 1,
      "I-167_U": 2,
      "O-172_L": 1,
      "I-101_U": 2,
      "O-112_L": 2,
      "O-154_L": 1,
      "I-87_U": 2
    },
    "I-133_U": {
      "depot": 3,
      "O-93_L": 1,
      "O-92_L": 2,
      "O-53_L": 2,
      "O-32_L": 2,
      "O-12_L": 2,
      "O-58_L": 2,
      "I-9_U": 3,
      "O-17_L": 2,
      "I-94_U": 1,
      "I-91_U": 2,
      "I-70_U": 3,
      "I-57_U": 2,
      "I-133_U": 0,
      "O-160_L": 1,
      "O-106_L": 2,
      "I-59_U": 3,
      "I-158_U": 2,
      "O-165_L": 3,
      "I-13_U": 2,
      "O-100_L": 1,
      "I-134_U": 2,
      "O-163_L": 2,
      "I-150_U": 3,
      "O-149_L": 3,
      "O-60_L": 3,
      "O-81_L": 3,
      "O-42_L": 2,
      "O-8_L": 3,
      "O-44_L": 3,
      "O-6_L": 2,
      "O-25_L": 2,
      "O-49_L": 3,
      "I-82_U": 3,
      "I-80_U": 2,
      "I-167_U": 1,
      "O-172_L": 2,
      "I-101_U": 1,
      "O-112_L": 1,
      "O-154_L": 2,
      "I-87_U": 1
    },
    "O-160_L": {
      "depot": 3,
      "O-93_L": 0,
      "O-92_L": 2,
      "O-53_L": 2,
      "O-32_L": 2,
      "O-12_L": 2,
      "O-58_L": 2,
      "I-9_U": 2,
      "O-17_L": 2,
      "I-94_U": 0,
      "I-91_U": 2,
      "I-70_U": 3,
      "I-57_U": 2,
      "I-133_U": 1,
      "O-160_L": 0,
      "O-106_L": 2,
      "I-59_U": 3,
      "I-158_U": 2,
      "O-165_L": 2,
      "I-13_U": 2,
      "O-100_L": 1,
      "I-134_U": 2,
      "O-163_L": 2,
      "I-150_U": 2,
      "O-149_L": 2,
      "O-60_L": 3,
      "O-81_L": 2,
      "O-42_L": 2,
      "O-8_L": 2,
      "O-44_L": 3,
      "O-6_L": 2,
      "O-25_L": 2,
      "O-49_L": 2,
      "I-82_U": 2,
      "I-80_U": 2,
      "I-167_U": 1,
      "O-172_L": 2,
      "I-101_U": 1,
      "O-112_L": 1,
      "O-154_L": 2,
      "I-87_U": 1
    },
    "O-106_L": {
      "depot": 1,
      "O-93_L": 2,
      "O-92_L": 0,
      "O-53_L": 0,
      "O-32_L": 1,
      "O-12_L": 1,
      "O-58_L": 1,
      "I-9_U": 1,
      "O-17_L": 1,
      "I-94_U": 2,
      "I-91_U": 0,
      "I-70_U": 1,
      "I-57_U": 1,
      "I-133_U": 2,
      "O-160_L": 2,
      "O-106_L": 0,
      "I-59_U": 1,
      "I-158_U": 1,
      "O-165_L": 1,
      "I-13_U": 1,
      "O-100_L": 2,
      "I-134_U": 1,
      "O-163_L": 1,
      "I-150_U": 1,
      "O-149_L": 1,
      "O-60_L": 1,
      "O-81_L": 1,
      "O-42_L": 1,
      "O-8_L": 1,
      "O-44_L": 1,
      "O-6_L": 1,
      "O-25_L": 1,
      "O-49_L": 1,
      "I-82_U": 1,
      "I-80_U": 1,
      "I-167_U": 2,
      "O-172_L": 1,
      "I-101_U": 2,
      "O-112_L": 2,
      "O-154_L": 0,
      "I-87_U": 2
    },
    "I-59_U": {
      "depot": 0,
      "O-93_L": 3,
      "O-92_L": 1,
      "O-53_L": 1,
      "O-32_L": 1,
      "O-12_L": 1,
      "O-58_L": 1,
      "I-9_U": 1,
      "O-17_L": 1,
      "I-94_U": 3,
      "I-91_U": 1,
      "I-70_U": 1,
      "I-57_U": 1,
      "I-133_U": 3,
      "O-160_L": 3,
      "O-106_L": 1,
      "I-59_U": 0,
      "I-158_U": 1,
      "O-165_L": 1,
      "I-13_U": 1,
      "O-100_L": 2,
      "I-134_U": 1,
      "O-163_L": 1,
      "I-150_U": 1,
      "O-149_L": 1,
      "O-60_L": 0,
      "O-81_L": 1,
      "O-42_L": 2,
      "O-8_L": 1,
      "O-44_L": 1,
      "O-6_L": 1,
      "O-25_L": 2,
      "O-49_L": 1,
      "I-82_U": 1,
      "I-80_U": 2,
      "I-167_U": 3,
      "O-172_L": 1,
      "I-101_U": 2,
      "O-112_L": 3,
      "O-154_L": 1,
      "I-87_U": 3
    },
    "I-158_U": {
      "depot": 1,
      "O-93_L": 2,
      "O-92_L": 1,
      "O-53_L": 1,
      "O-32_L": 1,
      "O-12_L": 1,
      "O-58_L": 1,
      "I-9_U": 1,
      "O-17_L": 1,
      "I-94_U": 2,
      "I-91_U": 1,
      "I-70_U": 1,
      "I-57_U": 1,
      "I-133_U": 2,
      "O-160_L": 2,
      "O-106_L": 1,
      "I-59_U": 1,
      "I-158_U": 0,
      "O-165_L": 1,
      "I-13_U": 1,
      "O-100_L": 2,
      "I-134_U": 0,
      "O-163_L": 1,
      "I-150_U": 1,
      "O-149_L": 1,
      "O-60_L": 1,
      "O-81_L": 1,
      "O-42_L": 1,
      "O-8_L": 1,
      "O-44_L": 1,
      "O-6_L": 1,
      "O-25_L": 1,
      "O-49_L": 1,
      "I-82_U": 1,
      "I-80_U": 1,
      "I-167_U": 2,
      "O-172_L": 1,
      "I-101_U": 2,
      "O-112_L": 2,
      "O-154_L": 1,
      "I-87_U": 2
    },
    "O-165_L": {
      "depot": 1,
      "O-93_L": 2,
      "O-92_L": 1,
      "O-53_L": 1,
      "O-32_L": 1,
      "O-12_L": 1,
      "O-58_L": 1,
      "I-9_U": 1,
      "O-17_L": 1,
      "I-94_U": 2,
      "I-91_U": 1,
      "I-70_U": 1,
      "I-57_U": 1,
      "I-133_U": 3,
      "O-160_L": 2,
      "O-106_L": 1,
      "I-59_U": 1,
      "I-158_U": 1,
      "O-165_L": 0,
      "I-13_U": 1,
      "O-100_L": 2,
      "I-134_U": 1,
      "O-163_L": 1,
      "I-150_U": 1,
      "O-149_L": 1,
      "O-60_L": 1,
      "O-81_L": 0,
      "O-42_L": 1,
      "O-8_L": 1,
      "O-44_L": 1,
      "O-6_L": 1,
      "O-25_L": 1,
      "O-49_L": 1,
      "I-82_U": 0,
      "I-80_U": 1,
      "I-167_U": 2,
      "O-172_L": 1,
      "I-101_U": 2,
      "O-112_L": 2,
      "O-154_L": 1,
      "I-87_U": 3
    },
    "I-13_U": {
      "depot": 1,
      "O-93_L": 2,
      "O-92_L": 1,
      "O-53_L": 1,
      "O-32_L": 1,
      "O-12_L": 0,
      "O-58_L": 1,
      "I-9_U": 1,
      "O-17_L": 0,
      "I-94_U": 2,
      "I-91_U": 1,
      "I-70_U": 1,
      "I-57_U": 1,
      "I-133_U": 2,
      "O-160_L": 2,
      "O-106_L": 1,
      "I-59_U": 1,
      "I-158_U": 1,
      "O-165_L": 1,
      "I-13_U": 0,
      "O-100_L": 2,
      "I-134_U": 1,
      "O-163_L": 1,
      "I-150_U": 1,
      "O-149_L": 1,
      "O-60_L": 1,
      "O-81_L": 1,
      "O-42_L": 1,
      "O-8_L": 1,
      "O-44_L": 1,
      "O-6_L": 0,
      "O-25_L": 1,
      "O-49_L": 1,
      "I-82_U": 1,
      "I-80_U": 1,
      "I-167_U": 2,
      "O-172_L": 0,
      "I-101_U": 2,
      "O-112_L": 2,
      "O-154_L": 1,
      "I-87_U": 2
    },
    "O-100_L": {
      "depot": 2,
      "O-93_L": 1,
      "O-92_L": 2,
      "O-53_L": 2,
      "O-32_L": 2,
      "O-12_L": 2,
      "O-58_L": 2,
      "I-9_U": 2,
      "O-17_L": 2,
      "I-94_U": 1,
      "I-91_U": 2,
      "I-70_U": 3,
      "I-57_U": 2,
      "I-133_U": 1,
      "O-160_L": 1,
      "O-106_L": 2,
      "I-59_U": 2,
      "I-158_U": 2,
      "O-165_L": 2,
      "I-13_U": 2,
      "O-100_L": 0,
      "I-134_U": 2,
      "O-163_L": 2,
      "I-150_U": 2,
      "O-149_L": 2,
      "O-60_L": 2,
      "O-81_L": 2,
      "O-42_L": 2,
      "O-8_L": 2,
      "O-44_L": 3,
      "O-6_L": 2,
      "O-25_L": 2,
      "O-49_L": 2,
      "I-82_U": 2,
      "I-80_U": 2,
      "I-167_U": 1,
      "O-172_L": 2,
      "I-101_U": 0,
      "O-112_L": 1,
      "O-154_L": 2,
      "I-87_U": 1
    },
    "I-134_U": {
      "depot": 1,
      "O-93_L": 2,
      "O-92_L": 1,
      "O-53_L": 1,
      "O-32_L": 1,
      "O-12_L": 1,
      "O-58_L": 1,
      "I-9_U": 1,
      "O-17_L": 1,
      "I-94_U": 2,
      "I-91_U": 1,
      "I-70_U": 1,
      "I-57_U": 1,
      "I-133_U": 2,
      "O-160_L": 2,
      "O-106_L": 1,
      "I-59_U": 1,
      "I-158_U": 0,
      "O-165_L": 1,
      "I-13_U": 1,
      "O-100_L": 2,
      "I-134_U": 0,
      "O-163_L": 1,
      "I-150_U": 1,
      "O-149_L": 1,
      "O-60_L": 1,
      "O-81_L": 1,
      "O-42_L": 1,
      "O-8_L": 1,
      "O-44_L": 1,
      "O-6_L": 1,
      "O-25_L": 1,
      "O-49_L": 1,
      "I-82_U": 1,
      "I-80_U": 1,
      "I-167_U": 2,
      "O-172_L": 1,
      "I-101_U": 2,
      "O-112_L": 2,
      "O-154_L": 1,
      "I-87_U": 2
    },
    "O-163_L": {
      "depot": 1,
      "O-93_L": 2,
      "O-92_L": 1,
      "O-53_L": 1,
      "O-32_L": 1,
      "O-12_L": 1,
      "O-58_L": 1,
      "I-9_U": 1,
      "O-17_L": 1,
      "I-94_U": 2,
      "I-91_U": 1,
      "I-70_U": 1,
      "I-57_U": 1,
      "I-133_U": 2,
      "O-160_L": 2,
      "O-106_L": 1,
      "I-59_U": 1,
      "I-158_U": 1,
      "O-165_L": 1,
      "I-13_U": 1,
      "O-100_L": 2,
      "I-134_U": 1,
      "O-163_L": 0,
      "I-150_U": 1,
      "O-149_L": 1,
      "O-60_L": 1,
      "O-81_L": 1,
      "O-42_L": 1,
      "O-8_L": 1,
      "O-44_L": 1,
      "O-6_L": 1,
      "O-25_L": 1,
      "O-49_L": 1,
      "I-82_U": 1,
      "I-80_U": 1,
      "I-167_U": 2,
      "O-172_L": 1,
      "I-101_U": 2,
      "O-112_L": 2,
      "O-154_L": 1,
      "I-87_U": 2
    },
    "I-150_U": {
      "depot": 1,
      "O-93_L": 2,
      "O-92_L": 1,
      "O-53_L": 1,
      "O-32_L": 1,
      "O-12_L": 1,
      "O-58_L": 1,
      "I-9_U": 1,
      "O-17_L": 1,
      "I-94_U": 2,
      "I-91_U": 1,
      "I-70_U": 1,
      "I-57_U": 1,
      "I-133_U": 3,
      "O-160_L": 2,
      "O-106_L": 1,
      "I-59_U": 1,
      "I-158_U": 1,
      "O-165_L": 1,
      "I-13_U": 1,
      "O-100_L": 2,
      "I-134_U": 1,
      "O-163_L": 1,
      "I-150_U": 0,
      "O-149_L": 0,
      "O-60_L": 1,
      "O-81_L": 1,
      "O-42_L": 1,
      "O-8_L": 1,
      "O-44_L": 1,
      "O-6_L": 1,
      "O-25_L": 1,
      "O-49_L": 1,
      "I-82_U": 1,
      "I-80_U": 1,
      "I-167_U": 2,
      "O-172_L": 1,
      "I-101_U": 2,
      "O-112_L": 2,
      "O-154_L": 1,
      "I-87_U": 3
    },
    "O-149_L": {
      "depot": 1,
      "O-93_L": 2,
      "O-92_L": 1,
      "O-53_L": 1,
      "O-32_L": 1,
      "O-12_L": 1,
      "O-58_L": 1,
      "I-9_U": 1,
      "O-17_L": 1,
      "I-94_U": 2,
      "I-91_U": 1,
      "I-70_U": 1,
      "I-57_U": 1,
      "I-133_U": 3,
      "O-160_L": 2,
      "O-106_L": 1,
      "I-59_U": 1,
      "I-158_U": 1,
      "O-165_L": 1,
      "I-13_U": 1,
      "O-100_L": 2,
      "I-134_U": 1,
      "O-163_L": 1,
      "I-150_U": 0,
      "O-149_L": 0,
      "O-60_L": 1,
      "O-81_L": 1,
      "O-42_L": 1,
      "O-8_L": 1,
      "O-44_L": 1,
      "O-6_L": 1,
      "O-25_L": 1,
      "O-49_L": 1,
      "I-82_U": 1,
      "I-80_U": 1,
      "I-167_U": 2,
      "O-172_L": 1,
      "I-101_U": 2,
      "O-112_L": 2,
      "O-154_L": 1,
      "I-87_U": 3
    },
    "O-60_L": {
      "depot": 0,
      "O-93_L": 3,
      "O-92_L": 1,
      "O-53_L": 1,
      "O-32_L": 1,
      "O-12_L": 1,
      "O-58_L": 1,
      "I-9_U": 1,
      "O-17_L": 1,
      "I-94_U": 3,
      "I-91_U": 1,
      "I-70_U": 1,
      "I-57_U": 1,
      "I-133_U": 3,
      "O-160_L": 3,
      "O-106_L": 1,
      "I-59_U": 0,
      "I-158_U": 1,
      "O-165_L": 1,
      "I-13_U": 1,
      "O-100_L": 2,
      "I-134_U": 1,
      "O-163_L": 1,
      "I-150_U": 1,
      "O-149_L": 1,
      "O-60_L": 0,
      "O-81_L": 1,
      "O-42_L": 2,
      "O-8_L": 1,
      "O-44_L": 1,
      "O-6_L": 1,
      "O-25_L": 2,
      "O-49_L": 1,
      "I-82_U": 1,
      "I-80_U": 2,
      "I-167_U": 3,
      "O-172_L": 1,
      "I-101_U": 2,
      "O-112_L": 3,
      "O-154_L": 1,
      "I-87_U": 3
    },
    "O-81_L": {
      "depot": 1,
      "O-93_L": 2,
      "O-92_L": 1,
      "O-53_L": 1,
      "O-32_L": 1,
      "O-12_L": 1,
      "O-58_L": 1,
      "I-9_U": 1,
      "O-17_L": 1,
      "I-94_U": 2,
      "I-91_U": 1,
      "I-70_U": 1,
      "I-57_U": 1,
      "I-133_U": 3,
      "O-160_L": 2,
      "O-106_L": 1,
      "I-59_U": 1,
      "I-158_U": 1,
      "O-165_L": 0,
      "I-13_U": 1,
      "O-100_L": 2,
      "I-134_U": 1,
      "O-163_L": 1,
      "I-150_U": 1,
      "O-149_L": 1,
      "O-60_L": 1,
      "O-81_L": 0,
      "O-42_L": 1,
      "O-8_L": 1,
      "O-44_L": 1,
      "O-6_L": 1,
      "O-25_L": 1,
      "O-49_L": 1,
      "I-82_U": 0,
      "I-80_U": 1,
      "I-167_U": 2,
      "O-172_L": 1,
      "I-101_U": 2,
      "O-112_L": 2,
      "O-154_L": 1,
      "I-87_U": 3
    },
    "O-42_L": {
      "depot": 2,
      "O-93_L": 2,
      "O-92_L": 1,
      "O-53_L": 1,
      "O-32_L": 1,
      "O-12_L": 1,
      "O-58_L": 1,
      "I-9_U": 1,
      "O-17_L": 1,
      "I-94_U": 2,
      "I-91_U": 1,
      "I-70_U": 2,
      "I-57_U": 1,
      "I-133_U": 2,
      "O-160_L": 2,
      "O-106_L": 1,
      "I-59_U": 2,
      "I-158_U": 1,
      "O-165_L": 1,
      "I-13_U": 1,
      "O-100_L": 2,
      "I-134_U": 1,
      "O-163_L": 1,
      "I-150_U": 1,
      "O-149_L": 1,
      "O-60_L": 2,
      "O-81_L": 1,
      "O-42_L": 0,
      "O-8_L": 1,
      "O-44_L": 2,
      "O-6_L": 1,
      "O-25_L": 1,
      "O-49_L": 1,
      "I-82_U": 1,
      "I-80_U": 1,
      "I-167_U": 2,
      "O-172_L": 1,
      "I-101_U": 2,
      "O-112_L": 2,
      "O-154_L": 1,
      "I-87_U": 2
    },
    "O-8_L": {
      "depot": 1,
      "O-93_L": 2,
      "O-92_L": 1,
      "O-53_L": 1,
      "O-32_L": 1,
      "O-12_L": 1,
      "O-58_L": 1,
      "I-9_U": 0,
      "O-17_L": 1,
      "I-94_U": 2,
      "I-91_U": 1,
      "I-70_U": 1,
      "I-57_U": 1,
      "I-133_U": 3,
      "O-160_L": 2,
      "O-106_L": 1,
      "I-59_U": 1,
      "I-158_U": 1,
      "O-165_L": 1,
      "I-13_U": 1,
      "O-100_L": 2,
      "I-134_U": 1,
      "O-163_L": 1,
      "I-150_U": 1,
      "O-149_L": 1,
      "O-60_L": 1,
      "O-81_L": 1,
      "O-42_L": 1,
      "O-8_L": 0,
      "O-44_L": 1,
      "O-6_L": 1,
      "O-25_L": 1,
      "O-49_L": 1,
      "I-82_U": 1,
      "I-80_U": 1,
      "I-167_U": 2,
      "O-172_L": 1,
      "I-101_U": 2,
      "O-112_L": 2,
      "O-154_L": 1,
      "I-87_U": 2
    },
    "O-44_L": {
      "depot": 1,
      "O-93_L": 3,
      "O-92_L": 1,
      "O-53_L": 1,
      "O-32_L": 2,
      "O-12_L": 1,
      "O-58_L": 2,
      "I-9_U": 1,
      "O-17_L": 1,
      "I-94_U": 3,
      "I-91_U": 1,
      "I-70_U": 0,
      "I-57_U": 2,
      "I-133_U": 3,
      "O-160_L": 3,
      "O-106_L": 1,
      "I-59_U": 1,
      "I-158_U": 1,
      "O-165_L": 1,
      "I-13_U": 1,
      "O-100_L": 3,
      "I-134_U": 1,
      "O-163_L": 1,
      "I-150_U": 1,
      "O-149_L": 1,
      "O-60_L": 1,
      "O-81_L": 1,
      "O-42_L": 2,
      "O-8_L": 1,
      "O-44_L": 0,
      "O-6_L": 1,
      "O-25_L": 2,
      "O-49_L": 1,
      "I-82_U": 1,
      "I-80_U": 2,
      "I-167_U": 3,
      "O-172_L": 1,
      "I-101_U": 3,
      "O-112_L": 3,
      "O-154_L": 1,
      "I-87_U": 3
    },
    "O-6_L": {
      "depot": 1,
      "O-93_L": 2,
      "O-92_L": 1,
      "O-53_L": 1,
      "O-32_L": 1,
      "O-12_L": 0,
      "O-58_L": 1,
      "I-9_U": 1,
      "O-17_L": 0,
      "I-94_U": 2,
      "I-91_U": 1,
      "I-70_U": 1,
      "I-57_U": 1,
      "I-133_U": 2,
      "O-160_L": 2,
      "O-106_L": 1,
      "I-59_U": 1,
      "I-158_U": 1,
      "O-165_L": 1,
      "I-13_U": 0,
      "O-100_L": 2,
      "I-134_U": 1,
      "O-163_L": 1,
      "I-150_U": 1,
      "O-149_L": 1,
      "O-60_L": 1,
      "O-81_L": 1,
      "O-42_L": 1,
      "O-8_L": 1,
      "O-44_L": 1,
      "O-6_L": 0,
      "O-25_L": 1,
      "O-49_L": 1,
      "I-82_U": 1,
      "I-80_U": 1,
      "I-167_U": 2,
      "O-172_L": 0,
      "I-101_U": 2,
      "O-112_L": 2,
      "O-154_L": 1,
      "I-87_U": 2
    },
    "O-25_L": {
      "depot": 2,
      "O-93_L": 2,
      "O-92_L": 1,
      "O-53_L": 1,
      "O-32_L": 1,
      "O-12_L": 1,
      "O-58_L": 1,
      "I-9_U": 1,
      "O-17_L": 1,
      "I-94_U": 2,
      "I-91_U": 1,
      "I-70_U": 2,
      "I-57_U": 1,
      "I-133_U": 2,
      "O-160_L": 2,
      "O-106_L": 1,
      "I-59_U": 2,
      "I-158_U": 1,
      "O-165_L": 1,
      "I-13_U": 1,
      "O-100_L": 2,
      "I-134_U": 1,
      "O-163_L": 1,
      "I-150_U": 1,
      "O-149_L": 1,
      "O-60_L": 2,
      "O-81_L": 1,
      "O-42_L": 1,
      "O-8_L": 1,
      "O-44_L": 2,
      "O-6_L": 1,
      "O-25_L": 0,
      "O-49_L": 1,
      "I-82_U": 1,
      "I-80_U": 1,
      "I-167_U": 2,
      "O-172_L": 1,
      "I-101_U": 2,
      "O-112_L": 2,
      "O-154_L": 1,
      "I-87_U": 2
    },
    "O-49_L": {
      "depot": 1,
      "O-93_L": 2,
      "O-92_L": 1,
      "O-53_L": 1,
      "O-32_L": 1,
      "O-12_L": 1,
      "O-58_L": 1,
      "I-9_U": 1,
      "O-17_L": 1,
      "I-94_U": 2,
      "I-91_U": 1,
      "I-70_U": 1,
      "I-57_U": 1,
      "I-133_U": 3,
      "O-160_L": 2,
      "O-106_L": 1,
      "I-59_U": 1,
      "I-158_U": 1,
      "O-165_L": 1,
      "I-13_U": 1,
      "O-100_L": 2,
      "I-134_U": 1,
      "O-163_L": 1,
      "I-150_U": 1,
      "O-149_L": 1,
      "O-60_L": 1,
      "O-81_L": 1,
      "O-42_L": 1,
      "O-8_L": 1,
      "O-44_L": 1,
      "O-6_L": 1,
      "O-25_L": 1,
      "O-49_L": 0,
      "I-82_U": 1,
      "I-80_U": 1,
      "I-167_U": 2,
      "O-172_L": 1,
      "I-101_U": 2,
      "O-112_L": 2,
      "O-154_L": 1,
      "I-87_U": 3
    },
    "I-82_U": {
      "depot": 1,
      "O-93_L": 2,
      "O-92_L": 1,
      "O-53_L": 1,
      "O-32_L": 1,
      "O-12_L": 1,
      "O-58_L": 1,
      "I-9_U": 1,
      "O-17_L": 1,
      "I-94_U": 2,
      "I-91_U": 1,
      "I-70_U": 1,
      "I-57_U": 1,
      "I-133_U": 3,
      "O-160_L": 2,
      "O-106_L": 1,
      "I-59_U": 1,
      "I-158_U": 1,
      "O-165_L": 0,
      "I-13_U": 1,
      "O-100_L": 2,
      "I-134_U": 1,
      "O-163_L": 1,
      "I-150_U": 1,
      "O-149_L": 1,
      "O-60_L": 1,
      "O-81_L": 0,
      "O-42_L": 1,
      "O-8_L": 1,
      "O-44_L": 1,
      "O-6_L": 1,
      "O-25_L": 1,
      "O-49_L": 1,
      "I-82_U": 0,
      "I-80_U": 1,
      "I-167_U": 2,
      "O-172_L": 1,
      "I-101_U": 2,
      "O-112_L": 2,
      "O-154_L": 1,
      "I-87_U": 3
    },
    "I-80_U": {
      "depot": 2,
      "O-93_L": 2,
      "O-92_L": 1,
      "O-53_L": 1,
      "O-32_L": 1,
      "O-12_L": 1,
      "O-58_L": 1,
      "I-9_U": 1,
      "O-17_L": 1,
      "I-94_U": 2,
      "I-91_U": 1,
      "I-70_U": 2,
      "I-57_U": 1,
      "I-133_U": 2,
      "O-160_L": 2,
      "O-106_L": 1,
      "I-59_U": 2,
      "I-158_U": 1,
      "O-165_L": 1,
      "I-13_U": 1,
      "O-100_L": 2,
      "I-134_U": 1,
      "O-163_L": 1,
      "I-150_U": 1,
      "O-149_L": 1,
      "O-60_L": 2,
      "O-81_L": 1,
      "O-42_L": 1,
      "O-8_L": 1,
      "O-44_L": 2,
      "O-6_L": 1,
      "O-25_L": 1,
      "O-49_L": 1,
      "I-82_U": 1,
      "I-80_U": 0,
      "I-167_U": 2,
      "O-172_L": 1,
      "I-101_U": 2,
      "O-112_L": 2,
      "O-154_L": 1,
      "I-87_U": 2
    },
    "I-167_U": {
      "depot": 3,
      "O-93_L": 1,
      "O-92_L": 2,
      "O-53_L": 2,
      "O-32_L": 2,
      "O-12_L": 2,
      "O-58_L": 2,
      "I-9_U": 2,
      "O-17_L": 2,
      "I-94_U": 1,
      "I-91_U": 2,
      "I-70_U": 3,
      "I-57_U": 2,
      "I-133_U": 1,
      "O-160_L": 1,
      "O-106_L": 2,
      "I-59_U": 3,
      "I-158_U": 2,
      "O-165_L": 2,
      "I-13_U": 2,
      "O-100_L": 1,
      "I-134_U": 2,
      "O-163_L": 2,
      "I-150_U": 2,
      "O-149_L": 2,
      "O-60_L": 3,
      "O-81_L": 2,
      "O-42_L": 2,
      "O-8_L": 2,
      "O-44_L": 3,
      "O-6_L": 2,
      "O-25_L": 2,
      "O-49_L": 2,
      "I-82_U": 2,
      "I-80_U": 2,
      "I-167_U": 0,
      "O-172_L": 2,
      "I-101_U": 1,
      "O-112_L": 0,
      "O-154_L": 2,
      "I-87_U": 1
    },
    "O-172_L": {
      "depot": 1,
      "O-93_L": 2,
      "O-92_L": 1,
      "O-53_L": 1,
      "O-32_L": 1,
      "O-12_L": 0,
      "O-58_L": 1,
      "I-9_U": 1,
      "O-17_L": 0,
      "I-94_U": 2,
      "I-91_U": 1,
      "I-70_U": 1,
      "I-57_U": 1,
      "I-133_U": 2,
      "O-160_L": 2,
      "O-106_L": 1,
      "I-59_U": 1,
      "I-158_U": 1,
      "O-165_L": 1,
      "I-13_U": 0,
      "O-100_L": 2,
      "I-134_U": 1,
      "O-163_L": 1,
      "I-150_U": 1,
      "O-149_L": 1,
      "O-60_L": 1,
      "O-81_L": 1,
      "O-42_L": 1,
      "O-8_L": 1,
      "O-44_L": 1,
      "O-6_L": 0,
      "O-25_L": 1,
      "O-49_L": 1,
      "I-82_U": 1,
      "I-80_U": 1,
      "I-167_U": 2,
      "O-172_L": 0,
      "I-101_U": 2,
      "O-112_L": 2,
      "O-154_L": 1,
      "I-87_U": 2
    },
    "I-101_U": {
      "depot": 2,
      "O-93_L": 1,
      "O-92_L": 2,
      "O-53_L": 2,
      "O-32_L": 2,
      "O-12_L": 2,
      "O-58_L": 2,
      "I-9_U": 2,
      "O-17_L": 2,
      "I-94_U": 1,
      "I-91_U": 2,
      "I-70_U": 3,
      "I-57_U": 2,
      "I-133_U": 1,
      "O-160_L": 1,
      "O-106_L": 2,
      "I-59_U": 2,
      "I-158_U": 2,
      "O-165_L": 2,
      "I-13_U": 2,
      "O-100_L": 0,
      "I-134_U": 2,
      "O-163_L": 2,
      "I-150_U": 2,
      "O-149_L": 2,
      "O-60_L": 2,
      "O-81_L": 2,
      "O-42_L": 2,
      "O-8_L": 2,
      "O-44_L": 3,
      "O-6_L": 2,
      "O-25_L": 2,
      "O-49_L": 2,
      "I-82_U": 2,
      "I-80_U": 2,
      "I-167_U": 1,
      "O-172_L": 2,
      "I-101_U": 0,
      "O-112_L": 1,
      "O-154_L": 2,
      "I-87_U": 1
    },
    "O-112_L": {
      "depot": 3,
      "O-93_L": 1,
      "O-92_L": 2,
      "O-53_L": 2,
      "O-32_L": 2,
      "O-12_L": 2,
      "O-58_L": 2,
      "I-9_U": 2,
      "O-17_L": 2,
      "I-94_U": 1,
      "I-91_U": 2,
      "I-70_U": 3,
      "I-57_U": 2,
      "I-133_U": 1,
      "O-160_L": 1,
      "O-106_L": 2,
      "I-59_U": 3,
      "I-158_U": 2,
      "O-165_L": 2,
      "I-13_U": 2,
      "O-100_L": 1,
      "I-134_U": 2,
      "O-163_L": 2,
      "I-150_U": 2,
      "O-149_L": 2,
      "O-60_L": 3,
      "O-81_L": 2,
      "O-42_L": 2,
      "O-8_L": 2,
      "O-44_L": 3,
      "O-6_L": 2,
      "O-25_L": 2,
      "O-49_L": 2,
      "I-82_U": 2,
      "I-80_U": 2,
      "I-167_U": 0,
      "O-172_L": 2,
      "I-101_U": 1,
      "O-112_L": 0,
      "O-154_L": 2,
      "I-87_U": 1
    },
    "O-154_L": {
      "depot": 1,
      "O-93_L": 2,
      "O-92_L": 0,
      "O-53_L": 0,
      "O-32_L": 1,
      "O-12_L": 1,
      "O-58_L": 1,
      "I-9_U": 1,
      "O-17_L": 1,
      "I-94_U": 2,
      "I-91_U": 0,
      "I-70_U": 1,
      "I-57_U": 1,
      "I-133_U": 2,
      "O-160_L": 2,
      "O-106_L": 0,
      "I-59_U": 1,
      "I-158_U": 1,
      "O-165_L": 1,
      "I-13_U": 1,
      "O-100_L": 2,
      "I-134_U": 1,
      "O-163_L": 1,
      "I-150_U": 1,
      "O-149_L": 1,
      "O-60_L": 1,
      "O-81_L": 1,
      "O-42_L": 1,
      "O-8_L": 1,
      "O-44_L": 1,
      "O-6_L": 1,
      "O-25_L": 1,
      "O-49_L": 1,
      "I-82_U": 1,
      "I-80_U": 1,
      "I-167_U": 2,
      "O-172_L": 1,
      "I-101_U": 2,
      "O-112_L": 2,
      "O-154_L": 0,
      "I-87_U": 2
    },
    "I-87_U": {
      "depot": 3,
      "O-93_L": 1,
      "O-92_L": 2,
      "O-53_L": 2,
      "O-32_L": 2,
      "O-12_L": 2,
      "O-58_L": 2,
      "I-9_U": 2,
      "O-17_L": 2,
      "I-94_U": 1,
      "I-91_U": 2,
      "I-70_U": 3,
      "I-57_U": 2,
      "I-133_U": 1,
      "O-160_L": 1,
      "O-106_L": 2,
      "I-59_U": 3,
      "I-158_U": 2,
      "O-165_L": 3,
      "I-13_U": 2,
      "O-100_L": 1,
      "I-134_U": 2,
      "O-163_L": 2,
      "I-150_U": 3,
      "O-149_L": 3,
      "O-60_L": 3,
      "O-81_L": 3,
      "O-42_L": 2,
      "O-8_L": 2,
      "O-44_L": 3,
      "O-6_L": 2,
      "O-25_L": 2,
      "O-49_L": 3,
      "I-82_U": 3,
      "I-80_U": 2,
      "I-167_U": 1,
      "O-172_L": 2,
      "I-101_U": 1,
      "O-112_L": 1,
      "O-154_L": 2,
      "I-87_U": 0
    }
  },
  "workers": {
    "3": 22,
    "4": 10,
    "5": 3
  },
  "tasks": [
    "O-6_L",
    "O-8_L",
    "I-9_U",
    "O-12_L",
    "I-13_U",
    "O-17_L",
    "O-25_L",
    "O-32_L",
    "O-42_L",
    "O-44_L",
    "O-49_L",
    "O-53_L",
    "O-58_L",
    "I-57_U",
    "O-60_L",
    "I-59_U",
    "I-70_U",
    "I-80_U",
    "I-82_U",
    "O-81_L",
    "I-87_U",
    "I-91_U",
    "O-92_L",
    "I-94_U",
    "O-93_L",
    "O-100_L",
    "I-101_U",
    "O-106_L",
    "O-112_L",
    "I-133_U",
    "I-134_U",
    "I-150_U",
    "O-149_L",
    "O-154_L",
    "I-158_U",
    "O-160_L",
    "O-163_L",
    "O-165_L",
    "I-167_U",
    "O-172_L"
  ],
  "skill_levels": [
    3,
    4,
    5
  ]
}