{
  "tasks_per_formation": {
    "f_3:2,4:1": [
      "O-7_L",
      "O-32_L",
      "I-31_U",
      "I-15_U",
      "O-48_L"
    ],
    "f_3:2,4:2": [
      "O-16_L",
      "I-15_U"
    ],
    "f_3:1,4:1": [
      "I-106_U",
      "O-7_L",
      "I-58_U",
      "O-32_L",
      "I-31_U",
      "O-48_L"
    ],
    "f_3:1,4:2": [
      "I-106_U",
      "I-58_U",
      "O-59_L"
    ],
    "f_3:1,4:1,5:1": [
      "I-111_U"
    ],
    "f_3:3": [
      "O-93_L",
      "I-57_U",
      "I-69_U",
      "O-11_L",
      "O-104_L",
      "O-4_L"
    ],
    "f_3:2": [
      "O-93_L",
      "I-57_U",
      "O-11_L",
      "O-54_L",
      "O-104_L",
      "O-4_L",
      "O-37_L",
      "O-68_L"
    ],
    "f_3:2,4:1,5:1": [
      "O-42_L",
      "I-111_U"
    ],
    "f_3:2,4:2,5:2": [
      "O-42_L"
    ]
  },
  "modes": {
    "O-93_L": {
      "f_3:3": 3,
      "f_3:2": 4
    },
    "O-7_L": {
      "f_3:2,4:1": 3,
      "f_3:1,4:1": 4
    },
    "O-42_L": {
      "f_3:2,4:2,5:2": 7,
      "f_3:2,4:1,5:1": 12
    },
    "O-32_L": {
      "f_3:2,4:1": 3,
      "f_3:1,4:1": 5
    },
    "O-11_L": {
      "f_3:3": 3,
      "f_3:2": 4
    },
    "O-54_L": {
      "f_3:2": 3
    },
    "O-4_L": {
      "f_3:3": 3,
      "f_3:2": 4
    },
    "O-37_L": {
      "f_3:2": 2
    },
    "O-48_L": {
      "f_3:2,4:1": 2,
      "f_3:1,4:1": 3
    },
    "O-59_L": {
      "f_3:1,4:2": 3
    },
    "O-68_L": {
      "f_3:2": 3
    },
    "O-16_L": {
      "f_3:2,4:2": 3
    },
    "I-106_U": {
      "f_3:1,4:1": 4,
      "f_3:1,4:2": 3
    },
    "I-57_U": {
      "f_3:3": 3,
      "f_3:2": 4
    },
    "I-69_U": {
      "f_3:3": 3
    },
    "I-58_U": {
      "f_3:1,4:1": 4,
      "f_3:1,4:2": 3
    },
    "I-111_U": {
      "f_3:1,4:1,5:1": 7,
      "f_3:2,4:1,5:1": 5
    },
    "I-31_U": {
      "f_3:2,4:1": 3,
      "f_3:1,4:1": 5
    },
    "O-104_L": {
      "f_3:3": 3,
      "f_3:2": 4
    },
    "I-15_U": {
      "f_3:2,4:1": 4,
      "f_3:2,4:2": 3
    }
  },
  "depot": "depot",
  "instants": [
    95,
    96,
    97,
    98,
    99,
    100,
    101,
    102,
    103,
    104,
    105,
    106,
    107,
    108,
    109,
    110,
    111,
    112,
    113,
    114,
    115,
    116,
    117,
    118,
    119,
    120,
    121,
    122,
    123,
    124,
    125
  ],
  "begin_horizon": 95,
  "end_horizon": 126,
  "earliest_start": {
    "O-93_L": 100,
    "O-7_L": 119,
    "O-42_L": 100,
    "O-32_L": 116,
    "O-11_L": 105,
    "O-54_L": 105,
    "O-4_L": 99,
    "O-37_L": 98,
    "O-48_L": 114,
    "O-59_L": 110,
    "O-68_L": 109,
    "O-16_L": 102,
    "I-106_U": 111,
    "I-57_U": 118,
    "I-69_U": 106,
    "I-58_U": 106,
    "I-111_U": 100,
    "I-31_U": 111,
    "O-104_L": 101,
    "I-15_U": 98
  },
  "latest_start": {
    "O-93_L": 102,
    "O-7_L": 121,
    "O-42_L": 106,
    "O-32_L": 118,
    "O-11_L": 107,
    "O-54_L": 108,
    "O-4_L": 101,
    "O-37_L": 100,
    "O-48_L": 116,
    "O-59_L": 110,
    "O-68_L": 109,
    "O-16_L": 102,
    "I-106_U": 113,
    "I-57_U": 119,
    "I-69_U": 106,
    "I-58_U": 107,
    "I-111_U": 103,
    "I-31_U": 113,
    "O-104_L": 103,
    "I-15_U": 99
  },
  "weights": {
    "O-93_L": 1,
    "O-7_L": 1,
    "O-42_L": 1,
    "O-32_L": 1,
    "O-11_L": 1,
    "O-54_L": 1,
    "O-4_L": 1,
    "O-37_L": 1,
    "O-48_L": 1,
    "O-59_L": 1,
    "O-68_L": 1,
    "O-16_L": 1,
    "I-106_U": 1,
    "I-57_U": 1,
    "I-69_U": 1,
    "I-58_U": 1,
    "I-111_U": 1,
    "I-31_U": 1,
    "O-104_L": 1,
    "I-15_U": 1
  },
  "workers_w_d": {
    "3": 17,
    "4": 6,
    "5": 2
  },
  "earliest_finish": {
    "O-93_L": 103,
    "O-7_L": 122,
    "O-42_L": 107,
    "O-32_L": 119,
    "O-11_L": 108,
    "O-54_L": 108,
    "O-4_L": 102,
    "O-37_L": 100,
    "O-48_L": 116,
    "O-59_L": 113,
    "O-68_L": 112,
    "O-16_L": 105,
    "I-106_U": 114,
    "I-57_U": 121,
    "I-69_U": 109,
    "I-58_U": 109,
    "I-111_U": 105,
    "I-31_U": 114,
    "O-104_L": 104,
    "I-15_U": 101
  },
  "formations": {
    "f_3:2,4:1": {
      "3": 2,
      "4": 1
    },
    "f_3:2,4:2": {
      "3": 2,
      "4": 2
    },
    "f_3:1,4:1": {
      "3": 1,
      "4": 1
    },
    "f_3:1,4:2": {
      "3": 1,
      "4": 2
    },
    "f_3:1,4:1,5:1": {
      "3": 1,
      "4": 1,
      "5": 1
    },
    "f_3:3": {
      "3": 3
    },
    "f_3:2": {
      "3": 2
    },
    "f_3:2,4:1,5:1": {
      "3": 2,
      "4": 1,
      "5": 1
    },
    "f_3:2,4:2,5:2": {
      "3": 2,
      "4": 2,
      "5": 2
    }
  },
  "modesSpeedID": {
    "O-93_L": {
      "f_3:3": "f",
      "f_3:2": "s"
    },
    "O-7_L": {
      "f_3:2,4:1": "f",
      "f_3:1,4:1": "s"
    },
    "O-42_L": {
      "f_3:2,4:2,5:2": "f",
      "f_3:2,4:1,5:1": "i"
    },
    "O-32_L": {
      "f_3:2,4:1": "i",
      "f_3:1,4:1": "s"
    },
    "O-11_L": {
      "f_3:3": "f",
      "f_3:2": "s"
    },
    "O-54_L": {
      "f_3:2": "s"
    },
    "O-4_L": {
      "f_3:3": "f",
      "f_3:2": "s"
    },
    "O-37_L": {
      "f_3:2": "s"
    },
    "O-48_L": {
      "f_3:2,4:1": "f",
      "f_3:1,4:1": "s"
    },
    "O-59_L": {
      "f_3:1,4:2": "f"
    },
    "O-68_L": {
      "f_3:2": "s"
    },
    "O-16_L": {
      "f_3:2,4:2": "f"
    },
    "I-106_U": {
      "f_3:1,4:1": "s",
      "f_3:1,4:2": "f"
    },
    "I-57_U": {
      "f_3:3": "f",
      "f_3:2": "s"
    },
    "I-69_U": {
      "f_3:3": "f"
    },
    "I-58_U": {
      "f_3:1,4:1": "s",
      "f_3:1,4:2": "f"
    },
    "I-111_U": {
      "f_3:1,4:1,5:1": "s",
      "f_3:2,4:1,5:1": "f"
    },
    "I-31_U": {
      "f_3:2,4:1": "i",
      "f_3:1,4:1": "s"
    },
    "O-104_L": {
      "f_3:3": "f",
      "f_3:2": "s"
    },
    "I-15_U": {
      "f_3:2,4:1": "i",
      "f_3:2,4:2": "f"
    }
  },
  "formations_w_d": {
    "f_3:2,4:1": {
      "3": 3,
      "4": 1
    },
    "f_3:2,4:2": {
      "3": 4,
      "4": 2
    },
    "f_3:1,4:1": {
      "3": 2,
      "4": 1
    },
    "f_3:1,4:2": {
      "3": 3,
      "4": 2
    },
    "f_3:1,4:1,5:1": {
      "3": 3,
      "4": 2,
      "5": 1
    },
    "f_3:3": {
      "3": 3
    },
    "f_3:2": {
      "3": 2
    },
    "f_3:2,4:1,5:1": {
      "3": 4,
      "4": 2,
      "5": 1
    },
    "f_3:2,4:2,5:2": {
      "3": 6,
      "4": 4,
      "5": 2
    }
  },
  "latest_finish": {
    "O-93_L": 105,
    "O-7_L": 124,
    "O-42_L": 113,
    "O-32_L": 121,
    "O-11_L": 110,
    "O-54_L": 111,
    "O-4_L": 104,
    "O-37_L": 102,
    "O-48_L": 118,
    "O-59_L": 113,
    "O-68_L": 112,
    "O-16_L": 105,
    "I-106_U": 116,
    "I-57_U": 122,
    "I-69_U": 109,
    "I-58_U": 110,
    "I-111_U": 108,
    "I-31_U": 116,
    "O-104_L": 106,
    "I-15_U": 102
  },
  "travel_times": {
    "depot": {
      "O-93_L": 3,
      "O-7_L": 1,
      "O-42_L": 1,
      "O-32_L": 2,
      "O-11_L": 1,
      "O-54_L": 1,
      "O-4_L": 1,
      "O-37_L": 3,
      "O-48_L": 1,
      "O-59_L": 1,
      "O-68_L": 1,
      "O-16_L": 2,
      "I-106_U": 1,
      "I-57_U": 1,
      "I-69_U": 1,
      "I-58_U": 1,
      "I-111_U": 0,
      "I-31_U": 2,
      "O-104_L": 1,
      "I-15_U": 2
    },
    "O-93_L": {
      "depot": 3,
      "O-93_L": 0,
      "O-7_L": 3,
      "O-42_L": 2,
      "O-32_L": 2,
      "O-11_L": 3,
      "O-54_L": 2,
      "O-4_L": 2,
      "O-37_L": 1,
      "O-48_L": 3,
      "O-59_L": 2,
      "O-68_L": 3,
      "O-16_L": 2,
      "I-106_U": 2,
      "I-57_U": 3,
      "I-69_U": 3,
      "I-58_U": 2,
      "I-111_U": 3,
      "I-31_U": 2,
      "O-104_L": 2,
      "I-15_U": 2
    },
    "O-7_L": {
      "depot": 1,
      "O-93_L": 3,
      "O-7_L": 0,
      "O-42_L": 1,
      "O-32_L": 1,
      "O-11_L": 1,
      "O-54_L": 1,
      "O-4_L": 1,
      "O-37_L": 3,
      "O-48_L": 0,
      "O-59_L": 1,
      "O-68_L": 1,
      "O-16_L": 1,
      "I-106_U": 1,
      "I-57_U": 1,
      "I-69_U": 1,
      "I-58_U": 1,
      "I-111_U": 1,
      "I-31_U": 1,
      "O-104_L": 1,
      "I-15_U": 1
    },
    "O-42_L": {
      "depot": 1,
      "O-93_L": 2,
      "O-7_L": 1,
      "O-42_L": 0,
      "O-32_L": 1,
      "O-11_L": 1,
      "O-54_L": 1,
      "O-4_L": 1,
      "O-37_L": 3,
      "O-48_L": 1,
      "O-59_L": 1,
      "O-68_L": 1,
      "O-16_L": 1,
      "I-106_U": 1,
      "I-57_U": 1,
      "I-69_U": 1,
      "I-58_U": 1,
      "I-111_U": 1,
      "I-31_U": 1,
      "O-104_L": 1,
      "I-15_U": 1
    },
    "O-32_L": {
      "depot": 2,
      "O-93_L": 2,
      "O-7_L": 1,
      "O-42_L": 1,
      "O-32_L": 0,
      "O-11_L": 1,
      "O-54_L": 1,
      "O-4_L": 1,
      "O-37_L": 2,
      "O-48_L": 1,
      "O-59_L": 1,
      "O-68_L": 1,
      "O-16_L": 1,
      "I-106_U": 1,
      "I-57_U": 2,
      "I-69_U": 1,
      "I-58_U": 1,
      "I-111_U": 2,
      "I-31_U": 0,
      "O-104_L": 1,
      "I-15_U": 1
    },
    "O-11_L": {
      "depot": 1,
      "O-93_L": 3,
      "O-7_L": 1,
      "O-42_L": 1,
      "O-32_L": 1,
      "O-11_L": 0,
      "O-54_L": 1,
      "O-4_L": 1,
      "O-37_L": 3,
      "O-48_L": 1,
      "O-59_L": 1,
      "O-68_L": 1,
      "O-16_L": 1,
      "I-106_U": 1,
      "I-57_U": 1,
      "I-69_U": 1,
      "I-58_U": 1,
      "I-111_U": 1,
      "I-31_U": 1,
      "O-104_L": 1,
      "I-15_U": 1
    },
    "O-54_L": {
      "depot": 1,
      "O-93_L": 2,
      "O-7_L": 1,
      "O-42_L": 1,
      "O-32_L": 1,
      "O-11_L": 1,
      "O-54_L": 0,
      "O-4_L": 1,
      "O-37_L": 2,
      "O-48_L": 1,
      "O-59_L": 1,
      "O-68_L": 1,
      "O-16_L": 1,
      "I-106_U": 1,
      "I-57_U": 1,
      "I-69_U": 1,
      "I-58_U": 1,
      "I-111_U": 1,
      "I-31_U": 1,
      "O-104_L": 0,
      "I-15_U": 1
    },
    "O-4_L": {
      "depot": 1,
      "O-93_L": 2,
      "O-7_L": 1,
      "O-42_L": 1,
      "O-32_L": 1,
      "O-11_L": 1,
      "O-54_L": 1,
      "O-4_L": 0,
      "O-37_L": 2,
      "O-48_L": 1,
      "O-59_L": 1,
      "O-68_L": 1,
      "O-16_L": 1,
      "I-106_U": 1,
      "I-57_U": 1,
      "I-69_U": 1,
      "I-58_U": 1,
      "I-111_U": 1,
      "I-31_U": 1,
      "O-104_L": 1,
      "I-15_U": 1
    },
    "O-37_L": {
      "depot": 3,
      "O-93_L": 1,
      "O-7_L": 3,
      "O-42_L": 3,
      "O-32_L": 2,
      "O-11_L": 3,
      "O-54_L": 2,
      "O-4_L": 2,
      "O-37_L": 0,
      "O-48_L": 3,
      "O-59_L": 2,
      "O-68_L": 3,
      "O-16_L": 2,
      "I-106_U": 2,
      "I-57_U": 3,
      "I-69_U": 3,
      "I-58_U": 2,
      "I-111_U": 3,
      "I-31_U": 2,
      "O-104_L": 2,
      "I-15_U": 2
    },
    "O-48_L": {
      "depot": 1,
      "O-93_L": 3,
      "O-7_L": 0,
      "O-42_L": 1,
      "O-32_L": 1,
      "O-11_L": 1,
      "O-54_L": 1,
      "O-4_L": 1,
      "O-37_L": 3,
      "O-48_L": 0,
      "O-59_L": 1,
      "O-68_L": 1,
      "O-16_L": 1,
      "I-106_U": 1,
      "I-57_U": 1,
      "I-69_U": 1,
      "I-58_U": 1,
      "I-111_U": 1,
      "I-31_U": 1,
      "O-104_L": 1,
      "I-15_U": 1
    },
    "O-59_L": {
      "depot": 1,
      "O-93_L": 2,
      "O-7_L": 1,
      "O-42_L": 1,
      "O-32_L": 1,
      "O-11_L": 1,
      "O-54_L": 1,
      "O-4_L": 1,
      "O-37_L": 2,
      "O-48_L": 1,
      "O-59_L": 0,
      "O-68_L": 1,
      "O-16_L": 1,
      "I-106_U": 1,
      "I-57_U": 1,
      "I-69_U": 1,
      "I-58_U": 0,
      "I-111_U": 1,
      "I-31_U": 1,
      "O-104_L": 1,
      "I-15_U": 1
    },
    "O-68_L": {
      "depot": 1,
      "O-93_L": 3,
      "O-7_L": 1,
      "O-42_L": 1,
      "O-32_L": 1,
      "O-11_L": 1,
      "O-54_L": 1,
      "O-4_L": 1,
      "O-37_L": 3,
      "O-48_L": 1,
      "O-59_L": 1,
      "O-68_L": 0,
      "O-16_L": 2,
      "I-106_U": 1,
      "I-57_U": 1,
      "I-69_U": 0,
      "I-58_U": 1,
      "I-111_U": 1,
      "I-31_U": 1,
      "O-104_L": 1,
      "I-15_U": 2
    },
    "O-16_L": {
      "depot": 2,
      "O-93_L": 2,
      "O-7_L": 1,
      "O-42_L": 1,
      "O-32_L": 1,
      "O-11_L": 1,
      "O-54_L": 1,
      "O-4_L": 1,
      "O-37_L": 2,
      "O-48_L": 1,
      "O-59_L": 1,
      "O-68_L": 2,
      "O-16_L": 0,
      "I-106_U": 1,
      "I-57_U": 2,
      "I-69_U": 2,
      "I-58_U": 1,
      "I-111_U": 2,
      "I-31_U": 1,
      "O-104_L": 1,
      "I-15_U": 0
    },
    "I-106_U": {
      "depot": 1,
      "O-93_L": 2,
      "O-7_L": 1,
      "O-42_L": 1,
      "O-32_L": 1,
      "O-11_L": 1,
      "O-54_L": 1,
      "O-4_L": 1,
      "O-37_L": 2,
      "O-48_L": 1,
      "O-59_L": 1,
      "O-68_L": 1,
      "O-16_L": 1,
      "I-106_U": 0,
      "I-57_U": 1,
      "I-69_U": 1,
      "I-58_U": 1,
      "I-111_U": 1,
      "I-31_U": 1,
      "O-104_L": 1,
      "I-15_U": 1
    },
    "I-57_U": {
      "depot": 1,
      "O-93_L": 3,
      "O-7_L": 1,
      "O-42_L": 1,
      "O-32_L": 2,
      "O-11_L": 1,
      "O-54_L": 1,
      "O-4_L": 1,
      "O-37_L": 3,
      "O-48_L": 1,
      "O-59_L": 1,
      "O-68_L": 1,
      "O-16_L": 2,
      "I-106_U": 1,
      "I-57_U": 0,
      "I-69_U": 1,
      "I-58_U": 1,
      "I-111_U": 1,
      "I-31_U": 2,
      "O-104_L": 1,
      "I-15_U": 2
    },
    "I-69_U": {
      "depot": 1,
      "O-93_L": 3,
      "O-7_L": 1,
      "O-42_L": 1,
      "O-32_L": 1,
      "O-11_L": 1,
      "O-54_L": 1,
      "O-4_L": 1,
      "O-37_L": 3,
      "O-48_L": 1,
      "O-59_L": 1,
      "O-68_L": 0,
      "O-16_L": 2,
      "I-106_U": 1,
      "I-57_U": 1,
      "I-69_U": 0,
      "I-58_U": 1,
      "I-111_U": 1,
      "I-31_U": 1,
      "O-104_L": 1,
      "I-15_U": 2
    },
    "I-58_U": {
      "depot": 1,
      "O-93_L": 2,
      "O-7_L": 1,
      "O-42_L": 1,
      "O-32_L": 1,
      "O-11_L": 1,
      "O-54_L": 1,
      "O-4_L": 1,
      "O-37_L": 2,
      "O-48_L": 1,
      "O-59_L": 0,
      "O-68_L": 1,
      "O-16_L": 1,
      "I-106_U": 1,
      "I-57_U": 1,
      "I-69_U": 1,
      "I-58_U": 0,
      "I-111_U": 1,
      "I-31_U": 1,
      "O-104_L": 1,
      "I-15_U": 1
    },
    "I-111_U": {
      "depot": 0,
      "O-93_L": 3,
      "O-7_L": 1,
      "O-42_L": 1,
      "O-32_L": 2,
      "O-11_L": 1,
      "O-54_L": 1,
      "O-4_L": 1,
      "O-37_L": 3,
      "O-48_L": 1,
      "O-59_L": 1,
      "O-68_L": 1,
      "O-16_L": 2,
      "I-106_U": 1,
      "I-57_U": 1,
      "I-69_U": 1,
      "I-58_U": 1,
      "I-111_U": 0,
      "I-31_U": 2,
      "O-104_L": 1,
      "I-15_U": 2
    },
    "I-31_U": {
      "depot": 2,
      "O-93_L": 2,
      "O-7_L": 1,
      "O-42_L": 1,
      "O-32_L": 0,
      "O-11_L": 1,
      "O-54_L": 1,
      "O-4_L": 1,
      "O-37_L": 2,
      "O-48_L": 1,
      "O-59_L": 1,
      "O-68_L": 1,
      "O-16_L": 1,
      "I-106_U": 1,
      "I-57_U": 2,
      "I-69_U": 1,
      "I-58_U": 1,
      "I-111_U": 2,
      "I-31_U": 0,
      "O-104_L": 1,
      "I-15_U": 1
    },
    "O-104_L": {
      "depot": 1,
      "O-93_L": 2,
      "O-7_L": 1,
      "O-42_L": 1,
      "O-32_L": 1,
      "O-11_L": 1,
      "O-54_L": 0,
      "O-4_L": 1,
      "O-37_L": 2,
      "O-48_L": 1,
      "O-59_L": 1,
      "O-68_L": 1,
      "O-16_L": 1,
      "I-106_U": 1,
      "I-57_U": 1,
      "I-69_U": 1,
      "I-58_U": 1,
      "I-111_U": 1,
      "I-31_U": 1,
      "O-104_L": 0,
      "I-15_U": 1
    },
    "I-15_U": {
      "depot": 2,
      "O-93_L": 2,
      "O-7_L": 1,
      "O-42_L": 1,
      "O-32_L": 1,
      "O-11_L": 1,
      "O-54_L": 1,
      "O-4_L": 1,
      "O-37_L": 2,
      "O-48_L": 1,
      "O-59_L": 1,
      "O-68_L": 2,
      "O-16_L": 0,
      "I-106_U": 1,
      "I-57_U": 2,
      "I-69_U": 2,
      "I-58_U": 1,
      "I-111_U": 2,
      "I-31_U": 1,
      "O-104_L": 1,
      "I-15_U": 0
    }
  },
  "workers": {
    "3": 11,
    "4": 4,
    "5": 2
  },
  "tasks": [
    "O-4_L",
    "O-7_L",
    "O-11_L",
    "I-15_U",
    "O-16_L",
    "O-32_L",
    "I-31_U",
    "O-37_L",
    "O-42_L",
    "O-48_L",
    "O-54_L",
    "I-57_U",
    "O-59_L",
    "I-58_U",
    "I-69_U",
    "O-68_L",
    "O-93_L",
    "O-104_L",
    "I-106_U",
    "I-111_U"
  ],
  "skill_levels": [
    3,
    4,
    5
  ]
}