{
  "tasks_per_formation": {
    "f_3:1,4:1": [
      "I-72_U",
      "I-84_U",
      "O-20_L",
      "I-49_U",
      "O-85_L",
      "O-34_L"
    ],
    "f_3:2,4:2,5:2": [
      "O-32_L",
      "I-24_U"
    ],
    "f_3:2,4:1": [
      "I-72_U",
      "I-84_U"
    ],
    "f_3:2,4:2": [
      "O-53_L",
      "O-20_L",
      "I-33_U",
      "O-85_L",
      "O-34_L"
    ],
    "f_3:1,4:1,5:1": [
      "O-32_L",
      "I-24_U"
    ],
    "f_3:3": [
      "O-82_L",
      "I-11_U",
      "I-47_U",
      "O-10_L",
      "I-3_U",
      "O-35_L",
      "O-48_L"
    ],
    "f_3:2": [
      "O-82_L",
      "I-11_U",
      "O-10_L",
      "O-35_L",
      "I-13_U",
      "O-48_L"
    ],
    "f_3:3,4:1": [
      "O-50_L"
    ]
  },
  "modes": {
    "O-82_L": {
      "f_3:3": 3,
      "f_3:2": 4
    },
    "O-50_L": {
      "f_3:3,4:1": 3
    },
    "O-53_L": {
      "f_3:2,4:2": 3
    },
    "O-20_L": {
      "f_3:2,4:2": 3,
      "f_3:1,4:1": 5
    },
    "O-10_L": {
      "f_3:3": 3,
      "f_3:2": 4
    },
    "O-32_L": {
      "f_3:1,4:1,5:1": 13,
      "f_3:2,4:2,5:2": 7
    },
    "O-85_L": {
      "f_3:2,4:2": 3,
      "f_3:1,4:1": 6
    },
    "O-34_L": {
      "f_3:2,4:2": 3,
      "f_3:1,4:1": 6
    },
    "O-35_L": {
      "f_3:3": 3,
      "f_3:2": 4
    },
    "O-48_L": {
      "f_3:3": 3,
      "f_3:2": 4
    },
    "I-72_U": {
      "f_3:2,4:1": 3,
      "f_3:1,4:1": 4
    },
    "I-84_U": {
      "f_3:2,4:1": 3,
      "f_3:1,4:1": 4
    },
    "I-11_U": {
      "f_3:3": 3,
      "f_3:2": 4
    },
    "I-33_U": {
      "f_3:2,4:2": 3
    },
    "I-47_U": {
      "f_3:3": 3
    },
    "I-49_U": {
      "f_3:1,4:1": 2
    },
    "I-3_U": {
      "f_3:3": 5
    },
    "I-13_U": {
      "f_3:2": 3
    },
    "I-24_U": {
      "f_3:1,4:1,5:1": 13,
      "f_3:2,4:2,5:2": 7
    }
  },
  "depot": "depot",
  "instants": [
    94,
    95,
    96,
    97,
    98,
    99,
    100,
    101,
    102,
    103,
    104,
    105,
    106,
    107,
    108,
    109,
    110,
    111,
    112,
    113,
    114,
    115,
    116,
    117,
    118,
    119,
    120,
    121,
    122,
    123,
    124,
    125,
    126,
    127,
    128,
    129,
    130,
    131,
    132,
    133,
    134
  ],
  "begin_horizon": 94,
  "end_horizon": 135,
  "earliest_start": {
    "O-82_L": 97,
    "O-50_L": 117,
    "O-53_L": 103,
    "O-20_L": 112,
    "O-10_L": 102,
    "O-32_L": 116,
    "O-85_L": 113,
    "O-34_L": 120,
    "O-35_L": 97,
    "O-48_L": 110,
    "I-72_U": 114,
    "I-84_U": 107,
    "I-11_U": 103,
    "I-33_U": 113,
    "I-47_U": 107,
    "I-49_U": 109,
    "I-3_U": 118,
    "I-13_U": 106,
    "I-24_U": 120
  },
  "latest_start": {
    "O-82_L": 98,
    "O-50_L": 119,
    "O-53_L": 105,
    "O-20_L": 114,
    "O-10_L": 104,
    "O-32_L": 122,
    "O-85_L": 116,
    "O-34_L": 123,
    "O-35_L": 99,
    "O-48_L": 111,
    "I-72_U": 116,
    "I-84_U": 109,
    "I-11_U": 105,
    "I-33_U": 116,
    "I-47_U": 107,
    "I-49_U": 111,
    "I-3_U": 118,
    "I-13_U": 107,
    "I-24_U": 126
  },
  "weights": {
    "O-82_L": 1,
    "O-50_L": 1,
    "O-53_L": 1,
    "O-20_L": 1,
    "O-10_L": 1,
    "O-32_L": 1,
    "O-85_L": 1,
    "O-34_L": 1,
    "O-35_L": 1,
    "O-48_L": 1,
    "I-72_U": 1,
    "I-84_U": 1,
    "I-11_U": 1,
    "I-33_U": 1,
    "I-47_U": 1,
    "I-49_U": 1,
    "I-3_U": 1,
    "I-13_U": 1,
    "I-24_U": 1
  },
  "workers_w_d": {
    "3": 12,
    "4": 6,
    "5": 2
  },
  "earliest_finish": {
    "O-82_L": 100,
    "O-50_L": 120,
    "O-53_L": 106,
    "O-20_L": 115,
    "O-10_L": 105,
    "O-32_L": 123,
    "O-85_L": 116,
    "O-34_L": 123,
    "O-35_L": 100,
    "O-48_L": 113,
    "I-72_U": 117,
    "I-84_U": 110,
    "I-11_U": 106,
    "I-33_U": 116,
    "I-47_U": 110,
    "I-49_U": 111,
    "I-3_U": 123,
    "I-13_U": 109,
    "I-24_U": 127
  },
  "formations": {
    "f_3:1,4:1": {
      "3": 1,
      "4": 1
    },
    "f_3:2,4:2,5:2": {
      "3": 2,
      "4": 2,
      "5": 2
    },
    "f_3:2,4:1": {
      "3": 2,
      "4": 1
    },
    "f_3:2,4:2": {
      "3": 2,
      "4": 2
    },
    "f_3:1,4:1,5:1": {
      "3": 1,
      "4": 1,
      "5": 1
    },
    "f_3:3": {
      "3": 3
    },
    "f_3:2": {
      "3": 2
    },
    "f_3:3,4:1": {
      "3": 3,
      "4": 1
    }
  },
  "modesSpeedID": {
    "O-82_L": {
      "f_3:3": "f",
      "f_3:2": "s"
    },
    "O-50_L": {
      "f_3:3,4:1": "f"
    },
    "O-53_L": {
      "f_3:2,4:2": "f"
    },
    "O-20_L": {
      "f_3:2,4:2": "f",
      "f_3:1,4:1": "s"
    },
    "O-10_L": {
      "f_3:3": "f",
      "f_3:2": "s"
    },
    "O-32_L": {
      "f_3:1,4:1,5:1": "s",
      "f_3:2,4:2,5:2": "f"
    },
    "O-85_L": {
      "f_3:2,4:2": "f",
      "f_3:1,4:1": "s"
    },
    "O-34_L": {
      "f_3:2,4:2": "f",
      "f_3:1,4:1": "s"
    },
    "O-35_L": {
      "f_3:3": "f",
      "f_3:2": "s"
    },
    "O-48_L": {
      "f_3:3": "f",
      "f_3:2": "s"
    },
    "I-72_U": {
      "f_3:2,4:1": "f",
      "f_3:1,4:1": "s"
    },
    "I-84_U": {
      "f_3:2,4:1": "f",
      "f_3:1,4:1": "s"
    },
    "I-11_U": {
      "f_3:3": "f",
      "f_3:2": "s"
    },
    "I-33_U": {
      "f_3:2,4:2": "f"
    },
    "I-47_U": {
      "f_3:3": "f"
    },
    "I-49_U": {
      "f_3:1,4:1": "s"
    },
    "I-3_U": {
      "f_3:3": "f"
    },
    "I-13_U": {
      "f_3:2": "s"
    },
    "I-24_U": {
      "f_3:1,4:1,5:1": "s",
      "f_3:2,4:2,5:2": "f"
    }
  },
  "formations_w_d": {
    "f_3:1,4:1": {
      "3": 2,
      "4": 1
    },
    "f_3:2,4:2,5:2": {
      "3": 6,
      "4": 4,
      "5": 2
    },
    "f_3:2,4:1": {
      "3": 3,
      "4": 1
    },
    "f_3:2,4:2": {
      "3": 4,
      "4": 2
    },
    "f_3:1,4:1,5:1": {
      "3": 3,
      "4": 2,
      "5": 1
    },
    "f_3:3": {
      "3": 3
    },
    "f_3:2": {
      "3": 2
    },
    "f_3:3,4:1": {
      "3": 4,
      "4": 1
    }
  },
  "latest_finish": {
    "O-82_L": 101,
    "O-50_L": 122,
    "O-53_L": 108,
    "O-20_L": 117,
    "O-10_L": 107,
    "O-32_L": 129,
    "O-85_L": 119,
    "O-34_L": 126,
    "O-35_L": 102,
    "O-48_L": 114,
    "I-72_U": 119,
    "I-84_U": 112,
    "I-11_U": 108,
    "I-33_U": 119,
    "I-47_U": 110,
    "I-49_U": 113,
    "I-3_U": 123,
    "I-13_U": 110,
    "I-24_U": 133
  },
  "travel_times": {
    "depot": {
      "O-82_L": 3,
      "O-50_L": 1,
      "O-53_L": 1,
      "O-20_L": 1,
      "O-10_L": 1,
      "O-32_L": 2,
      "O-85_L": 1,
      "O-34_L": 1,
      "O-35_L": 1,
      "O-48_L": 2,
      "I-72_U": 1,
      "I-84_U": 1,
      "I-11_U": 1,
      "I-33_U": 1,
      "I-47_U": 2,
      "I-49_U": 1,
      "I-3_U": 1,
      "I-13_U": 1,
      "I-24_U": 1
    },
    "O-82_L": {
      "depot": 3,
      "O-82_L": 0,
      "O-50_L": 2,
      "O-53_L": 2,
      "O-20_L": 2,
      "O-10_L": 2,
      "O-32_L": 2,
      "O-85_L": 2,
      "O-34_L": 2,
      "O-35_L": 2,
      "O-48_L": 2,
      "I-72_U": 2,
      "I-84_U": 2,
      "I-11_U": 2,
      "I-33_U": 2,
      "I-47_U": 2,
      "I-49_U": 2,
      "I-3_U": 2,
      "I-13_U": 2,
      "I-24_U": 2
    },
    "O-50_L": {
      "depot": 1,
      "O-82_L": 2,
      "O-50_L": 0,
      "O-53_L": 1,
      "O-20_L": 1,
      "O-10_L": 1,
      "O-32_L": 1,
      "O-85_L": 1,
      "O-34_L": 1,
      "O-35_L": 1,
      "O-48_L": 1,
      "I-72_U": 1,
      "I-84_U": 1,
      "I-11_U": 1,
      "I-33_U": 1,
      "I-47_U": 1,
      "I-49_U": 0,
      "I-3_U": 1,
      "I-13_U": 1,
      "I-24_U": 1
    },
    "O-53_L": {
      "depot": 1,
      "O-82_L": 2,
      "O-50_L": 1,
      "O-53_L": 0,
      "O-20_L": 1,
      "O-10_L": 1,
      "O-32_L": 1,
      "O-85_L": 1,
      "O-34_L": 1,
      "O-35_L": 1,
      "O-48_L": 1,
      "I-72_U": 1,
      "I-84_U": 1,
      "I-11_U": 1,
      "I-33_U": 1,
      "I-47_U": 1,
      "I-49_U": 1,
      "I-3_U": 1,
      "I-13_U": 1,
      "I-24_U": 1
    },
    "O-20_L": {
      "depot": 1,
      "O-82_L": 2,
      "O-50_L": 1,
      "O-53_L": 1,
      "O-20_L": 0,
      "O-10_L": 1,
      "O-32_L": 1,
      "O-85_L": 1,
      "O-34_L": 1,
      "O-35_L": 1,
      "O-48_L": 1,
      "I-72_U": 1,
      "I-84_U": 1,
      "I-11_U": 1,
      "I-33_U": 1,
      "I-47_U": 1,
      "I-49_U": 1,
      "I-3_U": 1,
      "I-13_U": 1,
      "I-24_U": 1
    },
    "O-10_L": {
      "depot": 1,
      "O-82_L": 2,
      "O-50_L": 1,
      "O-53_L": 1,
      "O-20_L": 1,
      "O-10_L": 0,
      "O-32_L": 1,
      "O-85_L": 1,
      "O-34_L": 1,
      "O-35_L": 1,
      "O-48_L": 1,
      "I-72_U": 1,
      "I-84_U": 1,
      "I-11_U": 0,
      "I-33_U": 1,
      "I-47_U": 1,
      "I-49_U": 1,
      "I-3_U": 1,
      "I-13_U": 1,
      "I-24_U": 1
    },
    "O-32_L": {
      "depot": 2,
      "O-82_L": 2,
      "O-50_L": 1,
      "O-53_L": 1,
      "O-20_L": 1,
      "O-10_L": 1,
      "O-32_L": 0,
      "O-85_L": 1,
      "O-34_L": 1,
      "O-35_L": 1,
      "O-48_L": 1,
      "I-72_U": 2,
      "I-84_U": 1,
      "I-11_U": 1,
      "I-33_U": 1,
      "I-47_U": 1,
      "I-49_U": 1,
      "I-3_U": 1,
      "I-13_U": 1,
      "I-24_U": 1
    },
    "O-85_L": {
      "depot": 1,
      "O-82_L": 2,
      "O-50_L": 1,
      "O-53_L": 1,
      "O-20_L": 1,
      "O-10_L": 1,
      "O-32_L": 1,
      "O-85_L": 0,
      "O-34_L": 1,
      "O-35_L": 1,
      "O-48_L": 1,
      "I-72_U": 1,
      "I-84_U": 0,
      "I-11_U": 1,
      "I-33_U": 1,
      "I-47_U": 1,
      "I-49_U": 1,
      "I-3_U": 1,
      "I-13_U": 1,
      "I-24_U": 1
    },
    "O-34_L": {
      "depot": 1,
      "O-82_L": 2,
      "O-50_L": 1,
      "O-53_L": 1,
      "O-20_L": 1,
      "O-10_L": 1,
      "O-32_L": 1,
      "O-85_L": 1,
      "O-34_L": 0,
      "O-35_L": 1,
      "O-48_L": 1,
      "I-72_U": 1,
      "I-84_U": 1,
      "I-11_U": 1,
      "I-33_U": 0,
      "I-47_U": 1,
      "I-49_U": 1,
      "I-3_U": 1,
      "I-13_U": 1,
      "I-24_U": 1
    },
    "O-35_L": {
      "depot": 1,
      "O-82_L": 2,
      "O-50_L": 1,
      "O-53_L": 1,
      "O-20_L": 1,
      "O-10_L": 1,
      "O-32_L": 1,
      "O-85_L": 1,
      "O-34_L": 1,
      "O-35_L": 0,
      "O-48_L": 1,
      "I-72_U": 1,
      "I-84_U": 1,
      "I-11_U": 1,
      "I-33_U": 1,
      "I-47_U": 1,
      "I-49_U": 1,
      "I-3_U": 1,
      "I-13_U": 1,
      "I-24_U": 1
    },
    "O-48_L": {
      "depot": 2,
      "O-82_L": 2,
      "O-50_L": 1,
      "O-53_L": 1,
      "O-20_L": 1,
      "O-10_L": 1,
      "O-32_L": 1,
      "O-85_L": 1,
      "O-34_L": 1,
      "O-35_L": 1,
      "O-48_L": 0,
      "I-72_U": 2,
      "I-84_U": 1,
      "I-11_U": 1,
      "I-33_U": 1,
      "I-47_U": 0,
      "I-49_U": 1,
      "I-3_U": 1,
      "I-13_U": 1,
      "I-24_U": 1
    },
    "I-72_U": {
      "depot": 1,
      "O-82_L": 2,
      "O-50_L": 1,
      "O-53_L": 1,
      "O-20_L": 1,
      "O-10_L": 1,
      "O-32_L": 2,
      "O-85_L": 1,
      "O-34_L": 1,
      "O-35_L": 1,
      "O-48_L": 2,
      "I-72_U": 0,
      "I-84_U": 1,
      "I-11_U": 1,
      "I-33_U": 1,
      "I-47_U": 2,
      "I-49_U": 1,
      "I-3_U": 1,
      "I-13_U": 1,
      "I-24_U": 1
    },
    "I-84_U": {
      "depot": 1,
      "O-82_L": 2,
      "O-50_L": 1,
      "O-53_L": 1,
      "O-20_L": 1,
      "O-10_L": 1,
      "O-32_L": 1,
      "O-85_L": 0,
      "O-34_L": 1,
      "O-35_L": 1,
      "O-48_L": 1,
      "I-72_U": 1,
      "I-84_U": 0,
      "I-11_U": 1,
      "I-33_U": 1,
      "I-47_U": 1,
      "I-49_U": 1,
      "I-3_U": 1,
      "I-13_U": 1,
      "I-24_U": 1
    },
    "I-11_U": {
      "depot": 1,
      "O-82_L": 2,
      "O-50_L": 1,
      "O-53_L": 1,
      "O-20_L": 1,
      "O-10_L": 0,
      "O-32_L": 1,
      "O-85_L": 1,
      "O-34_L": 1,
      "O-35_L": 1,
      "O-48_L": 1,
      "I-72_U": 1,
      "I-84_U": 1,
      "I-11_U": 0,
      "I-33_U": 1,
      "I-47_U": 1,
      "I-49_U": 1,
      "I-3_U": 1,
      "I-13_U": 1,
      "I-24_U": 1
    },
    "I-33_U": {
      "depot": 1,
      "O-82_L": 2,
      "O-50_L": 1,
      "O-53_L": 1,
      "O-20_L": 1,
      "O-10_L": 1,
      "O-32_L": 1,
      "O-85_L": 1,
      "O-34_L": 0,
      "O-35_L": 1,
      "O-48_L": 1,
      "I-72_U": 1,
      "I-84_U": 1,
      "I-11_U": 1,
      "I-33_U": 0,
      "I-47_U": 1,
      "I-49_U": 1,
      "I-3_U": 1,
      "I-13_U": 1,
      "I-24_U": 1
    },
    "I-47_U": {
      "depot": 2,
      "O-82_L": 2,
      "O-50_L": 1,
      "O-53_L": 1,
      "O-20_L": 1,
      "O-10_L": 1,
      "O-32_L": 1,
      "O-85_L": 1,
      "O-34_L": 1,
      "O-35_L": 1,
      "O-48_L": 0,
      "I-72_U": 2,
      "I-84_U": 1,
      "I-11_U": 1,
      "I-33_U": 1,
      "I-47_U": 0,
      "I-49_U": 1,
      "I-3_U": 1,
      "I-13_U": 1,
      "I-24_U": 1
    },
    "I-49_U": {
      "depot": 1,
      "O-82_L": 2,
      "O-50_L": 0,
      "O-53_L": 1,
      "O-20_L": 1,
      "O-10_L": 1,
      "O-32_L": 1,
      "O-85_L": 1,
      "O-34_L": 1,
      "O-35_L": 1,
      "O-48_L": 1,
      "I-72_U": 1,
      "I-84_U": 1,
      "I-11_U": 1,
      "I-33_U": 1,
      "I-47_U": 1,
      "I-49_U": 0,
      "I-3_U": 1,
      "I-13_U": 1,
      "I-24_U": 1
    },
    "I-3_U": {
      "depot": 1,
      "O-82_L": 2,
      "O-50_L": 1,
      "O-53_L": 1,
      "O-20_L": 1,
      "O-10_L": 1,
      "O-32_L": 1,
      "O-85_L": 1,
      "O-34_L": 1,
      "O-35_L": 1,
      "O-48_L": 1,
      "I-72_U": 1,
      "I-84_U": 1,
      "I-11_U": 1,
      "I-33_U": 1,
      "I-47_U": 1,
      "I-49_U": 1,
      "I-3_U": 0,
      "I-13_U": 1,
      "I-24_U": 1
    },
    "I-13_U": {
      "depot": 1,
      "O-82_L": 2,
      "O-50_L": 1,
      "O-53_L": 1,
      "O-20_L": 1,
      "O-10_L": 1,
      "O-32_L": 1,
      "O-85_L": 1,
      "O-34_L": 1,
      "O-35_L": 1,
      "O-48_L": 1,
      "I-72_U": 1,
      "I-84_U": 1,
      "I-11_U": 1,
      "I-33_U": 1,
      "I-47_U": 1,
      "I-49_U": 1,
      "I-3_U": 1,
      "I-13_U": 0,
      "I-24_U": 1
    },
    "I-24_U": {
      "depot": 1,
      "O-82_L": 2,
      "O-50_L": 1,
      "O-53_L": 1,
      "O-20_L": 1,
      "O-10_L": 1,
      "O-32_L": 1,
      "O-85_L": 1,
      "O-34_L": 1,
      "O-35_L": 1,
      "O-48_L": 1,
      "I-72_U": 1,
      "I-84_U": 1,
      "I-11_U": 1,
      "I-33_U": 1,
      "I-47_U": 1,
      "I-49_U": 1,
      "I-3_U": 1,
      "I-13_U": 1,
      "I-24_U": 0
    }
  },
  "workers": {
    "3": 6,
    "4": 4,
    "5": 2
  },
  "tasks": [
    "I-3_U",
    "I-11_U",
    "O-10_L",
    "I-13_U",
    "O-20_L",
    "I-24_U",
    "O-32_L",
    "O-34_L",
    "I-33_U",
    "O-35_L",
    "O-48_L",
    "I-47_U",
    "O-50_L",
    "I-49_U",
    "O-53_L",
    "I-72_U",
    "O-82_L",
    "I-84_U",
    "O-85_L"
  ],
  "skill_levels": [
    3,
    4,
    5
  ]
}